age,gender,education_level,job_title,industry,years_experience,location,employment_type,company_size,work_mode,previous_salary,skills,certifications,is_managerial,salary
43,Male,Bachelor's,Business Analyst,Manufacturing,15.9,Ahmedabad,Full-time,Medium (201-1000),Remote,940603.49,"Excel, C++, JavaScript",2,1,1116904.82
30,Female,PhD,Customer Support Executive,Healthcare,0.8,Kolkata,Full-time,Enterprise (5000+),Remote,301895.4,"Excel, Communication, Machine Learning",1,0,657848.72
38,Female,Bachelor's,UX Designer,Media,7.2,Mumbai,Contract,Large (1000-5000),On-site,1112591.52,"Java, Data Analysis",2,0,1521276.49
35,Male,Master's,Product Manager,Media,15.0,Kolkata,Contract,Startup (1-50),Hybrid,2884515.7,"Cloud Computing, Java, SQL, Communication, JavaScript",2,1,2913652.23
31,Male,Bachelor's,Operations Manager,Media,5.1,Remote (India),Full-time,Startup (1-50),On-site,1080689.2,"Project Management, Leadership, Python, Communication",1,1,1166844.46
37,Male,Master's,HR Manager,Media,13.5,Kolkata,Full-time,Startup (1-50),On-site,1039077.32,"JavaScript, Excel, Cloud Computing, Leadership",1,1,1649139.15
28,Male,Bachelor's,Graphic Designer,Media,4.2,Hyderabad,Full-time,Medium (201-1000),On-site,674219.9,"Excel, Python",2,1,728491.74
29,Female,Bachelor's,Research Scientist,Information Technology,6.0,Jaipur,Full-time,Enterprise (5000+),Remote,1025453.37,"Data Analysis, Excel, Machine Learning, C++, Leadership",1,0,2446710.02
32,Female,PhD,QA Engineer,Information Technology,11.3,Mumbai,Freelance,Enterprise (5000+),On-site,1485787.19,"Machine Learning, Excel, Java, Cloud Computing, Communication",3,0,1886384.31
24,Male,Master's,UX Designer,Finance,4.2,Mumbai,Full-time,Startup (1-50),On-site,1198057.29,"Excel, SQL, Java, Leadership",2,0,1426357.65
25,Female,Bachelor's,Operations Manager,Information Technology,1.1,Pune,Full-time,Large (1000-5000),Remote,1148479.77,"Java, Cloud Computing, Leadership, JavaScript, SQL",0,1,1985706.71
37,Other,PhD,UX Designer,Government,11.9,Remote (India),Full-time,Small (51-200),Remote,1367435.75,"Project Management, SQL",0,0,1381248.23
32,Male,High School,Accountant,Healthcare,6.7,Kolkata,Full-time,Medium (201-1000),On-site,502817.57,"Java, C++, Communication",3,1,620908.38
22,Male,Master's,Data Scientist,Consulting,4.2,Ahmedabad,Freelance,Large (1000-5000),Hybrid,1148511.95,"Project Management, C++",1,0,1710307.9
28,Female,PhD,Financial Analyst,Retail,2.1,Bangalore,Full-time,Enterprise (5000+),Hybrid,756940.18,"Project Management, C++",3,0,1614009.85
58,Female,Master's,Sales Manager,Education,33.5,Pune,Full-time,Small (51-200),Hybrid,1480094.7,"Communication, Machine Learning, Excel, Leadership, Data Analysis",0,1,3385991.71
29,Male,Master's,Data Scientist,Information Technology,6.5,Bangalore,Full-time,Enterprise (5000+),On-site,2252805.85,"JavaScript, Data Analysis, Machine Learning",2,0,3540627.74
33,Male,Master's,Data Analyst,Media,3.5,Pune,Full-time,Startup (1-50),Remote,589187.6,"SQL, Communication",3,0,700211.47
28,Male,Diploma,Data Analyst,Government,6.9,Delhi NCR,Full-time,Large (1000-5000),Remote,581315.66,"Python, JavaScript",2,0,942125.13
26,Male,Bachelor's,Sales Executive,Media,6.2,Remote (India),Full-time,Enterprise (5000+),Hybrid,534756.99,"Excel, C++, Java, Leadership, Machine Learning",2,1,852981.65
29,Male,Diploma,Sales Manager,Media,7.5,Delhi NCR,Full-time,Enterprise (5000+),Hybrid,1472269.84,"Cloud Computing, C++",0,1,2055417.85
43,Female,Master's,Product Manager,Manufacturing,21.2,Delhi NCR,Full-time,Startup (1-50),On-site,3279183.54,"Python, C++, Java, Excel, Machine Learning",3,1,3775152.41
37,Male,PhD,Product Manager,Government,8.8,Hyderabad,Full-time,Startup (1-50),On-site,2624475.54,"Excel, Communication, SQL",2,1,3523127.69
24,Female,Bachelor's,Graphic Designer,Retail,1.4,Remote (India),Freelance,Medium (201-1000),On-site,280230.47,"Cloud Computing, Java, SQL",1,0,383117.34
41,Male,Bachelor's,Software Engineer,Healthcare,15.6,Hyderabad,Full-time,Small (51-200),Remote,1368727.23,"C++, Project Management, SQL, Java, Excel",2,0,1584325.5
35,Male,Bachelor's,UX Designer,Finance,16.3,Mumbai,Full-time,Small (51-200),On-site,1530310.37,"C++, Excel",1,0,1554373.68
34,Female,Bachelor's,Customer Support Executive,Healthcare,3.3,Jaipur,Full-time,Medium (201-1000),Hybrid,402238.73,"Communication, Cloud Computing, Python, Data Analysis",0,0,437762.03
33,Female,Bachelor's,Accountant,Finance,10.5,Bangalore,Full-time,Startup (1-50),Hybrid,824224.53,"Python, JavaScript",2,0,943927.39
24,Male,Bachelor's,Operations Manager,Finance,3.6,Remote (India),Full-time,Startup (1-50),Remote,1482038.14,"Project Management, Cloud Computing",2,1,1497008.22
28,Other,Master's,Sales Executive,Retail,4.5,Chennai,Full-time,Medium (201-1000),Remote,442366.55,"JavaScript, Java, Leadership, Machine Learning",3,0,797692.8
28,Female,Bachelor's,Data Analyst,Education,1.2,Chennai,Full-time,Medium (201-1000),Hybrid,471234.92,"Java, Machine Learning, Communication",1,0,630670.14
29,Male,Bachelor's,Data Analyst,Healthcare,3.8,Bangalore,Full-time,Enterprise (5000+),Remote,679170.69,"SQL, Leadership",3,0,1251629.02
27,Male,Master's,Senior Software Engineer,Healthcare,4.1,Delhi NCR,Full-time,Large (1000-5000),On-site,2395272.44,"Cloud Computing, Communication",1,0,3083433.49
25,Male,Bachelor's,Operations Manager,Information Technology,7.1,Jaipur,Full-time,Small (51-200),Hybrid,1384912.63,"Excel, Data Analysis, Java, Communication",2,1,1568705.97
34,Female,High School,Product Manager,Consulting,11.8,Bangalore,Full-time,Small (51-200),On-site,3005515.06,"C++, Cloud Computing, Java, Python, Data Analysis",2,1,3186516.7
28,Female,Bachelor's,Product Manager,Manufacturing,4.9,Remote (India),Full-time,Small (51-200),Hybrid,1638533.77,"Cloud Computing, Data Analysis, C++, Leadership",0,1,2631727.15
24,Female,Diploma,Research Scientist,Consulting,2.4,Bangalore,Freelance,Large (1000-5000),Hybrid,542364.44,"Cloud Computing, Data Analysis, Leadership, C++",0,0,1558137.15
47,Male,Diploma,HR Manager,Healthcare,18.3,Chennai,Full-time,Enterprise (5000+),On-site,1068180.5,"Machine Learning, Java",0,1,1923761.78
29,Male,Bachelor's,DevOps Engineer,Telecommunications,1.3,Delhi NCR,Full-time,Startup (1-50),On-site,1622696.62,"Communication, Cloud Computing, Machine Learning",2,0,1639087.5
25,Male,PhD,Senior Software Engineer,Information Technology,6.1,Kolkata,Part-time,Enterprise (5000+),On-site,1093303.39,"Communication, JavaScript",3,0,1816478.67
35,Female,Bachelor's,Sales Manager,Consulting,11.0,Bangalore,Full-time,Enterprise (5000+),Remote,2566119.76,"Communication, JavaScript, Machine Learning, Python, Data Analysis",3,1,2976931.09
36,Male,Master's,QA Engineer,Media,22.5,Chennai,Full-time,Medium (201-1000),Hybrid,1292854.57,"Excel, Python, Machine Learning",0,0,1586982.69
24,Male,Bachelor's,Content Writer,Media,2.8,Hyderabad,Full-time,Enterprise (5000+),On-site,417363.71,"SQL, C++, Excel",1,0,619644.02
32,Male,Master's,Content Writer,Telecommunications,6.4,Hyderabad,Full-time,Medium (201-1000),Hybrid,616928.87,"Communication, Java, Machine Learning, Cloud Computing, Project Management",0,0,816493.32
34,Male,Master's,Graphic Designer,Information Technology,11.4,Jaipur,Full-time,Startup (1-50),Remote,760399.14,"Java, Excel",0,0,768079.94
24,Other,High School,UX Designer,Government,0.9,Remote (India),Full-time,Small (51-200),Remote,271698.55,"Python, SQL, Data Analysis, Leadership",2,0,758070.08
32,Male,Bachelor's,Accountant,Telecommunications,14.8,Delhi NCR,Full-time,Medium (201-1000),On-site,873718.28,"C++, Excel, Cloud Computing, JavaScript, SQL",2,0,1049684.68
27,Female,High School,Data Scientist,Consulting,3.1,Hyderabad,Full-time,Enterprise (5000+),On-site,1086170.47,"Leadership, Communication, Project Management, SQL, Java",0,0,1678739.09
35,Other,Master's,Executive Director,Manufacturing,7.1,Remote (India),Full-time,Large (1000-5000),Hybrid,4231163.99,"Excel, Java, Python",1,1,6773258.24
24,Female,Master's,Data Scientist,Telecommunications,4.5,Chennai,Full-time,Startup (1-50),On-site,1492249.34,"Communication, SQL, Java",1,1,1637934.77
30,Female,Master's,Sales Executive,Healthcare,5.0,Jaipur,Full-time,Startup (1-50),On-site,648996.46,"SQL, Leadership",3,0,655551.98
36,Female,Master's,Software Engineer,Education,8.5,Ahmedabad,Full-time,Startup (1-50),Remote,664528.06,"JavaScript, Leadership, SQL, Project Management",1,0,905899.76
29,Female,Master's,UX Designer,Manufacturing,1.8,Mumbai,Full-time,Small (51-200),On-site,1365084.25,"Communication, Excel, Leadership, Machine Learning, SQL",0,1,1569858.32
36,Female,Bachelor's,Graphic Designer,Education,3.8,Bangalore,Full-time,Small (51-200),Remote,310026.23,"Leadership, SQL, Machine Learning, Java, Communication",1,1,596380.32
23,Female,Master's,Administrative Assistant,Manufacturing,1.0,Mumbai,Full-time,Medium (201-1000),Remote,417407.86,"Leadership, Data Analysis, Excel",3,1,623951.29
47,Female,High School,Operations Manager,Finance,16.4,Hyderabad,Full-time,Large (1000-5000),On-site,1369000.48,"Excel, Cloud Computing",3,1,2473359.6
29,Female,Master's,Operations Manager,Education,4.7,Jaipur,Full-time,Medium (201-1000),Hybrid,1009912.66,"Data Analysis, C++, Machine Learning, Cloud Computing, Excel",0,1,1421084.96
33,Female,PhD,Research Scientist,Consulting,7.6,Mumbai,Full-time,Small (51-200),Hybrid,3119198.42,"Leadership, C++, Machine Learning, SQL",1,0,3402839.89
30,Male,Bachelor's,HR Manager,Manufacturing,4.5,Hyderabad,Full-time,Medium (201-1000),Remote,1515097.9,"Java, Excel, Python, Project Management",0,1,1530401.92
23,Male,Bachelor's,UX Designer,Healthcare,4.3,Chennai,Full-time,Medium (201-1000),Remote,1184090.53,"Excel, C++, Java, Cloud Computing",3,0,1196051.04
21,Male,Master's,Data Analyst,Finance,3.5,Mumbai,Full-time,Medium (201-1000),Remote,936954.48,"Python, JavaScript",2,0,1259409.71
48,Male,Bachelor's,Research Scientist,Telecommunications,17.1,Kolkata,Full-time,Startup (1-50),Remote,1230837.76,"JavaScript, Python, Project Management, SQL",0,0,2144495.85
36,Female,Bachelor's,Research Scientist,Manufacturing,12.2,Jaipur,Full-time,Large (1000-5000),On-site,1238693.65,"Project Management, C++, Data Analysis, Python",2,0,2023637.86
32,Male,Bachelor's,Graphic Designer,Healthcare,6.3,Remote (India),Full-time,Medium (201-1000),Remote,440201.2,"Python, C++, JavaScript, Project Management",3,0,743489.6
32,Male,Master's,Product Manager,Education,9.4,Mumbai,Freelance,Medium (201-1000),Hybrid,1769261.75,"Machine Learning, Java",1,1,3378567.48
35,Female,Bachelor's,Senior Software Engineer,Finance,8.8,Chennai,Part-time,Startup (1-50),On-site,873199.63,"Cloud Computing, Communication, JavaScript",2,0,1080940.27
24,Male,Bachelor's,Content Writer,Information Technology,1.9,Remote (India),Full-time,Large (1000-5000),On-site,463439.16,"SQL, JavaScript, Python, Cloud Computing",1,0,607269.22
35,Female,Master's,HR Manager,Consulting,10.9,Chennai,Full-time,Medium (201-1000),On-site,1405064.8,"Cloud Computing, Python, JavaScript, Java",3,1,2300964.01
26,Male,Bachelor's,Operations Manager,Healthcare,2.6,Ahmedabad,Full-time,Small (51-200),Hybrid,1055327.23,"C++, Project Management, SQL, Data Analysis",1,1,1291293.56
36,Male,Master's,Financial Analyst,Consulting,12.5,Chennai,Contract,Startup (1-50),Hybrid,1185857.87,"Excel, JavaScript, Project Management, Cloud Computing, Data Analysis",1,0,1266607.88
24,Male,Master's,Product Manager,Information Technology,2.4,Delhi NCR,Full-time,Enterprise (5000+),On-site,3495752.92,"Python, SQL, Data Analysis, Cloud Computing",0,1,5210037.43
32,Male,Master's,Accountant,Healthcare,1.3,Hyderabad,Full-time,Enterprise (5000+),Hybrid,459104.54,"JavaScript, Excel, C++",0,0,1059480.96
23,Male,Diploma,HR Executive,Media,0.9,Delhi NCR,Full-time,Large (1000-5000),Hybrid,439337.21,"JavaScript, Leadership, Excel",3,1,632888.14
29,Female,High School,Administrative Assistant,Healthcare,3.3,Ahmedabad,Full-time,Large (1000-5000),On-site,157291.85,"Cloud Computing, Project Management",1,0,259649.89
49,Male,Bachelor's,Software Engineer,Healthcare,16.8,Hyderabad,Contract,Small (51-200),Remote,1376694.42,"JavaScript, Cloud Computing, SQL, Project Management, Communication",2,0,1424830.48
34,Female,Diploma,Content Writer,Healthcare,5.9,Mumbai,Full-time,Large (1000-5000),Hybrid,462551.17,"Leadership, JavaScript, Cloud Computing",3,0,759202.93
36,Female,Bachelor's,Financial Analyst,Manufacturing,5.1,Mumbai,Part-time,Enterprise (5000+),Remote,385231.0,"SQL, Data Analysis, JavaScript, Leadership",2,0,824475.66
26,Female,Master's,Data Analyst,Consulting,2.5,Ahmedabad,Full-time,Large (1000-5000),On-site,666539.9,"Python, SQL, JavaScript",1,0,948129.41
29,Female,Diploma,Sales Manager,Consulting,2.1,Remote (India),Full-time,Enterprise (5000+),On-site,857633.56,"Java, Communication, Cloud Computing, Data Analysis, Project Management",1,1,1990257.69
31,Female,Master's,QA Engineer,Education,7.5,Remote (India),Contract,Startup (1-50),On-site,730065.15,"SQL, Communication, JavaScript, Leadership, Python",2,1,796773.13
33,Male,High School,Software Engineer,Consulting,3.1,Pune,Full-time,Medium (201-1000),On-site,812181.45,"Data Analysis, Machine Learning, Project Management, Python",1,0,919070.04
41,Male,Master's,Customer Support Executive,Information Technology,13.9,Ahmedabad,Full-time,Small (51-200),Remote,549705.36,"JavaScript, Data Analysis, Python",3,0,679913.89
25,Male,Master's,HR Manager,Media,2.3,Bangalore,Full-time,Startup (1-50),Remote,1456307.81,"Data Analysis, Cloud Computing, Communication, SQL, Leadership",1,1,1479087.51
30,Female,Diploma,Accountant,Telecommunications,5.6,Kolkata,Full-time,Medium (201-1000),On-site,447392.38,"JavaScript, Leadership, Communication, Python",3,0,566079.26
31,Female,Diploma,Business Analyst,Government,7.1,Pune,Full-time,Startup (1-50),On-site,632607.66,"Data Analysis, C++",1,0,659274.22
40,Male,Master's,Senior Software Engineer,Retail,13.0,Jaipur,Full-time,Medium (201-1000),On-site,2131977.54,"Python, C++, SQL",3,0,2153512.66
32,Female,Bachelor's,Executive Director,Retail,10.1,Remote (India),Full-time,Small (51-200),Hybrid,2536814.07,"Leadership, Java, Python",1,1,4534636.32
26,Female,PhD,QA Engineer,Information Technology,5.0,Jaipur,Full-time,Startup (1-50),Hybrid,619043.65,"JavaScript, Project Management, C++, Data Analysis",2,0,1105654.96
34,Male,Master's,Content Writer,Healthcare,9.5,Remote (India),Full-time,Enterprise (5000+),On-site,604987.67,"Project Management, Machine Learning, Data Analysis",1,0,885524.12
23,Male,High School,Executive Director,Government,2.7,Hyderabad,Full-time,Small (51-200),Hybrid,2776740.41,"Cloud Computing, Java, C++",1,1,2804788.29
38,Female,Bachelor's,Operations Manager,Finance,8.7,Ahmedabad,Full-time,Enterprise (5000+),Hybrid,1290438.65,"Project Management, SQL",3,1,2110500.57
28,Male,Diploma,Software Engineer,Information Technology,3.0,Ahmedabad,Part-time,Small (51-200),Remote,391895.16,"SQL, Cloud Computing",2,0,459978.11
37,Male,Master's,Sales Manager,Healthcare,6.5,Delhi NCR,Full-time,Enterprise (5000+),Hybrid,1937302.46,"Cloud Computing, Machine Learning",3,1,3630536.21
26,Male,Bachelor's,QA Engineer,Healthcare,4.0,Chennai,Full-time,Medium (201-1000),Hybrid,612190.25,"Data Analysis, C++, Leadership, Project Management, Java",1,0,1047367.3
30,Male,Diploma,UX Designer,Telecommunications,7.6,Chennai,Full-time,Enterprise (5000+),Remote,790241.36,"Leadership, Python",3,0,1405638.32
30,Male,High School,QA Engineer,Finance,7.3,Remote (India),Full-time,Enterprise (5000+),On-site,775774.56,"Python, Cloud Computing, Excel",3,1,1223671.64
42,Female,Master's,Content Writer,Healthcare,15.9,Hyderabad,Full-time,Small (51-200),Hybrid,794391.64,"Data Analysis, Leadership, Project Management",1,0,901335.94
33,Female,Master's,Administrative Assistant,Healthcare,7.6,Hyderabad,Full-time,Enterprise (5000+),Remote,425690.48,"Communication, SQL",1,0,737477.47
32,Male,High School,Data Scientist,Healthcare,8.5,Hyderabad,Full-time,Small (51-200),Hybrid,1292138.54,"Data Analysis, Java",1,1,1594199.82
43,Male,Bachelor's,Graphic Designer,Government,11.2,Bangalore,Full-time,Medium (201-1000),On-site,620671.67,"Communication, Leadership, Excel, SQL",3,0,795576.05
38,Male,Bachelor's,Executive Director,Information Technology,8.5,Ahmedabad,Full-time,Large (1000-5000),Hybrid,3693482.99,"Java, Excel",3,1,6486206.96
36,Male,Bachelor's,Research Scientist,Finance,10.2,Ahmedabad,Full-time,Startup (1-50),Remote,1504754.67,"Java, Cloud Computing, Leadership",0,1,1978071.04
22,Female,PhD,Graphic Designer,Media,6.4,Chennai,Full-time,Enterprise (5000+),On-site,560519.86,"Cloud Computing, Java",0,0,1052188.29
44,Male,Bachelor's,Product Manager,Telecommunications,16.2,Jaipur,Full-time,Enterprise (5000+),Remote,1887348.8,"Project Management, Leadership, Communication",1,1,3860657.86
35,Female,Master's,Sales Executive,Media,7.8,Mumbai,Full-time,Small (51-200),Remote,764543.49,"Communication, Cloud Computing, Machine Learning",2,0,918190.38
28,Female,Master's,Graphic Designer,Government,6.3,Kolkata,Full-time,Enterprise (5000+),Hybrid,454094.28,"Machine Learning, Data Analysis, Excel",0,0,786975.06
26,Female,Bachelor's,Senior Software Engineer,Telecommunications,0.5,Pune,Full-time,Startup (1-50),On-site,1541694.86,"C++, Communication, Project Management, Cloud Computing",2,0,1557267.54
25,Male,PhD,Executive Director,Telecommunications,2.3,Delhi NCR,Full-time,Medium (201-1000),Hybrid,4235361.91,"Python, Cloud Computing, Project Management, Data Analysis",1,1,7469680.14
35,Male,Bachelor's,Data Analyst,Retail,11.9,Pune,Full-time,Enterprise (5000+),Hybrid,929711.68,"Java, Leadership, Data Analysis",0,0,1040305.53
28,Male,Bachelor's,Graphic Designer,Healthcare,5.8,Mumbai,Full-time,Small (51-200),Remote,553456.71,"Communication, Python, C++, Leadership",3,0,794596.72
25,Female,PhD,HR Executive,Education,2.8,Bangalore,Full-time,Large (1000-5000),Hybrid,578867.4,"Cloud Computing, SQL, Data Analysis, Project Management",3,0,880435.0
23,Male,High School,Financial Analyst,Healthcare,2.3,Jaipur,Full-time,Startup (1-50),On-site,542802.07,"JavaScript, Python, SQL, Machine Learning",3,0,548284.92
29,Male,Bachelor's,Operations Manager,Healthcare,3.7,Delhi NCR,Freelance,Medium (201-1000),On-site,1168435.33,"Data Analysis, Project Management, Excel, JavaScript, Cloud Computing",3,1,1655307.59
26,Female,Bachelor's,Data Scientist,Finance,2.2,Delhi NCR,Full-time,Startup (1-50),Remote,1734907.91,"SQL, Machine Learning, Python, Excel, Communication",0,0,1752432.24
47,Male,Bachelor's,Financial Analyst,Retail,17.8,Delhi NCR,Full-time,Startup (1-50),Remote,678843.98,"Excel, Communication, C++, Python, Leadership",3,0,1206751.27
38,Male,Master's,UX Designer,Telecommunications,9.6,Mumbai,Full-time,Startup (1-50),Remote,1478508.87,"C++, Leadership",2,0,1643309.48
29,Male,Master's,Senior Software Engineer,Manufacturing,3.3,Hyderabad,Contract,Medium (201-1000),On-site,1767515.87,"Leadership, SQL",0,1,2377297.83
25,Male,Master's,Sales Executive,Retail,0.2,Hyderabad,Full-time,Small (51-200),On-site,595796.29,"Python, Leadership, JavaScript",3,1,838445.38
32,Male,Master's,Research Scientist,Information Technology,2.9,Hyderabad,Full-time,Small (51-200),On-site,2102668.37,"Java, Excel",0,0,2270373.1
32,Female,High School,Operations Manager,Retail,2.9,Remote (India),Full-time,Small (51-200),Hybrid,929212.82,"Machine Learning, Data Analysis, C++, Cloud Computing, Python",3,1,1063047.33
33,Male,Master's,Research Scientist,Retail,11.4,Remote (India),Full-time,Small (51-200),On-site,1739575.54,"Data Analysis, Java, Project Management, Python, C++",0,0,1757147.01
32,Female,Master's,Data Analyst,Telecommunications,6.1,Delhi NCR,Contract,Small (51-200),On-site,741012.6,"SQL, Machine Learning, C++, JavaScript, Excel",2,0,1052610.59
30,Female,PhD,Operations Manager,Information Technology,4.7,Bangalore,Full-time,Large (1000-5000),On-site,2314637.74,"Cloud Computing, Excel",0,1,3350713.34
31,Male,Diploma,Accountant,Media,4.3,Delhi NCR,Full-time,Large (1000-5000),On-site,562726.17,"Leadership, Data Analysis, Cloud Computing, Java, Python",2,0,695921.56
29,Female,PhD,HR Manager,Retail,9.7,Mumbai,Full-time,Small (51-200),Hybrid,1081684.51,"Cloud Computing, C++, Leadership, Excel",0,1,2374967.21
44,Male,Bachelor's,Content Writer,Telecommunications,20.7,Remote (India),Part-time,Medium (201-1000),Hybrid,287170.83,"Communication, SQL",3,0,442510.88
26,Male,Bachelor's,Graphic Designer,Finance,1.5,Hyderabad,Full-time,Small (51-200),On-site,563985.31,"C++, Communication, Leadership",2,0,569682.14
35,Female,Master's,DevOps Engineer,Healthcare,6.5,Kolkata,Contract,Enterprise (5000+),On-site,1699222.8,"Data Analysis, Machine Learning, Leadership, Python, Project Management",2,0,2862286.92
28,Male,Master's,Senior Software Engineer,Telecommunications,4.0,Ahmedabad,Full-time,Startup (1-50),On-site,1474552.34,"Cloud Computing, Project Management, C++",1,0,1790922.98
24,Female,Master's,Research Scientist,Manufacturing,3.0,Chennai,Full-time,Startup (1-50),On-site,1336186.33,"C++, Java, Python, Leadership, Communication",2,0,1902905.07
39,Female,PhD,Senior Software Engineer,Government,11.3,Bangalore,Full-time,Startup (1-50),On-site,2513757.33,"Leadership, Machine Learning",2,0,2841168.74
32,Female,Master's,Sales Executive,Education,16.3,Chennai,Full-time,Startup (1-50),Remote,,"Communication, Machine Learning, Leadership",0,0,749101.07
31,Male,Bachelor's,DevOps Engineer,Education,8.0,Jaipur,Full-time,Enterprise (5000+),On-site,1081317.08,"Communication, Leadership, Excel, JavaScript",3,0,1745370.17
33,Male,High School,Marketing Manager,Information Technology,5.5,Bangalore,Full-time,Enterprise (5000+),Remote,1175800.02,"Cloud Computing, SQL",2,1,1995955.64
32,Male,Bachelor's,Business Analyst,Consulting,7.9,Kolkata,Full-time,Large (1000-5000),On-site,800259.82,"Cloud Computing, Project Management, Leadership",2,1,1313940.35
31,Male,Master's,Customer Support Executive,Finance,5.6,Ahmedabad,Freelance,Medium (201-1000),Remote,306289.93,"Excel, Python, Cloud Computing, Project Management, Leadership",1,0,563792.53
31,Female,PhD,Data Analyst,Finance,5.1,Hyderabad,Full-time,Small (51-200),On-site,1311413.58,"Machine Learning, Java, Data Analysis",3,0,1430725.01
33,Female,Bachelor's,Project Manager,Education,7.2,Bangalore,Full-time,Small (51-200),Remote,1151187.63,"JavaScript, SQL, Data Analysis, Machine Learning",2,1,1627944.56
40,Male,High School,Operations Manager,Information Technology,9.5,Jaipur,Full-time,Small (51-200),Remote,561798.24,"Communication, Excel, Python",1,1,1260179.72
34,Female,Master's,Accountant,Telecommunications,4.3,Delhi NCR,Full-time,Enterprise (5000+),Hybrid,814945.45,"Excel, Cloud Computing, Machine Learning, Python",1,0,1168141.52
30,Male,Bachelor's,Financial Analyst,Manufacturing,5.8,Chennai,Full-time,Large (1000-5000),Remote,592503.49,"Project Management, Excel",3,0,1030537.54
31,Female,Bachelor's,Executive Director,Media,9.1,Kolkata,Full-time,Small (51-200),On-site,4373843.18,"C++, Java, SQL",2,1,4418023.42
28,Male,Master's,Product Manager,Media,2.3,Kolkata,Part-time,Medium (201-1000),Hybrid,1179429.56,"Leadership, C++",1,1,1251165.81
29,Male,Bachelor's,Sales Manager,Healthcare,1.7,Remote (India),Full-time,Large (1000-5000),Hybrid,1516969.99,"SQL, Communication, Cloud Computing",2,1,2079046.44
26,Male,Bachelor's,UX Designer,Finance,4.6,Delhi NCR,Full-time,Enterprise (5000+),Remote,1205394.9,"Data Analysis, SQL, Leadership",0,0,1983786.88
34,Male,Bachelor's,Data Scientist,Retail,7.7,Remote (India),Full-time,Large (1000-5000),On-site,924213.98,"Leadership, JavaScript, SQL, Project Management",0,0,1859757.64
27,Male,Master's,Customer Support Executive,Finance,5.2,Ahmedabad,Full-time,Startup (1-50),Remote,392259.63,"Python, JavaScript, Java, Machine Learning",2,0,474033.81
29,Male,Bachelor's,HR Manager,Finance,6.4,Bangalore,Full-time,Small (51-200),On-site,1714001.02,"Java, Data Analysis, Project Management",2,1,1731314.16
21,Male,Bachelor's,Graphic Designer,Consulting,,Delhi NCR,Full-time,Small (51-200),On-site,513684.35,"Leadership, Python, Cloud Computing, Data Analysis, SQL",3,0,767127.23
39,Female,Bachelor's,Administrative Assistant,Finance,13.6,Bangalore,Full-time,Medium (201-1000),Hybrid,541476.05,"Project Management, Python, C++",1,0,706331.74
37,Female,Bachelor's,Software Engineer,Telecommunications,11.4,Bangalore,Full-time,Enterprise (5000+),On-site,916242.74,"SQL, Python",1,0,2117025.53
29,Female,High School,Financial Analyst,Information Technology,2.1,Delhi NCR,Full-time,Medium (201-1000),Hybrid,825574.81,"Leadership, Machine Learning, Communication",0,0,984486.8
24,Female,Diploma,DevOps Engineer,Finance,7.7,Remote (India),Full-time,Medium (201-1000),Remote,1989172.79,"JavaScript, Communication, C++, Cloud Computing",2,1,2340697.53
28,Female,Bachelor's,Executive Director,Consulting,6.4,Pune,Full-time,Medium (201-1000),Remote,3505966.9,"Leadership, C++, JavaScript, Cloud Computing",3,1,6636011.37
29,Female,Bachelor's,QA Engineer,Education,3.6,Delhi NCR,Contract,Enterprise (5000+),On-site,590950.4,"Cloud Computing, Leadership, C++, Communication, Python",1,0,844608.98
30,Male,Master's,Operations Manager,Telecommunications,9.5,Pune,Contract,Startup (1-50),Remote,1387370.7,"Data Analysis, C++",0,1,1710696.61
24,Male,Bachelor's,HR Executive,Media,1.2,Mumbai,Full-time,Small (51-200),Remote,539603.94,"C++, Java, Data Analysis",1,1,633232.45
27,Female,Diploma,Executive Director,Telecommunications,7.1,Kolkata,Part-time,Medium (201-1000),Hybrid,1650955.57,"SQL, Machine Learning, Data Analysis",3,1,2430963.6
29,Female,Master's,UX Designer,Healthcare,6.0,Ahmedabad,Full-time,Enterprise (5000+),On-site,1463098.62,"Machine Learning, Excel",1,1,1882957.94
25,Male,PhD,Accountant,Education,3.8,Hyderabad,Contract,Enterprise (5000+),Remote,471526.26,"Machine Learning, C++",2,0,1020794.66
42,Male,High School,Product Manager,Manufacturing,15.2,Jaipur,Full-time,Enterprise (5000+),Hybrid,1239558.66,"JavaScript, C++, Project Management",0,1,2420485.73
30,Male,Bachelor's,Financial Analyst,Consulting,3.7,Ahmedabad,Full-time,Medium (201-1000),On-site,556515.44,"Communication, JavaScript, Excel",3,0,997614.35
29,Female,Bachelor's,HR Executive,Retail,5.8,Kolkata,Full-time,Startup (1-50),On-site,317946.58,"Machine Learning, Java, Cloud Computing, Excel",1,0,452008.06
41,Male,Master's,Graphic Designer,Information Technology,15.5,Remote (India),Full-time,Small (51-200),Hybrid,683263.58,"Leadership, JavaScript, Excel, Data Analysis",2,0,1014863.05
41,Male,Master's,Product Manager,Healthcare,8.3,Hyderabad,Full-time,Medium (201-1000),Hybrid,2897456.84,"Machine Learning, Cloud Computing, Data Analysis, Java, Python",3,1,4690959.31
21,Male,High School,UX Designer,Manufacturing,6.4,Chennai,Full-time,Large (1000-5000),Remote,776533.76,"Cloud Computing, Machine Learning, Python",1,1,1320791.34
26,Male,Master's,Operations Manager,Finance,5.4,Kolkata,Contract,Large (1000-5000),Remote,970277.94,"Cloud Computing, C++, Project Management, Java",3,1,2324996.1
34,Male,Bachelor's,QA Engineer,Government,8.7,Pune,Full-time,Startup (1-50),Remote,700141.67,"Excel, Machine Learning, Leadership",0,0,746669.1
37,Female,Bachelor's,Product Manager,Telecommunications,11.4,Chennai,Full-time,Small (51-200),On-site,2241258.24,"Machine Learning, Cloud Computing, JavaScript, C++",0,1,2860259.92
33,Male,Bachelor's,HR Executive,Information Technology,7.2,Kolkata,Freelance,Startup (1-50),On-site,430097.03,"C++, Cloud Computing, JavaScript, SQL",1,0,434441.44
27,Female,Bachelor's,Operations Manager,Education,5.4,Bangalore,Full-time,Large (1000-5000),Hybrid,1296738.7,"JavaScript, Cloud Computing, Python, Excel",1,1,1751594.82
34,Male,High School,Operations Manager,Healthcare,7.9,Delhi NCR,Full-time,Large (1000-5000),Remote,964335.54,"Project Management, Communication",3,1,1679771.63
23,Male,Diploma,Customer Support Executive,Manufacturing,2.9,Remote (India),Part-time,Medium (201-1000),Hybrid,199041.68,"Python, Leadership, SQL, Machine Learning",0,1,220400.72
25,Male,High School,Financial Analyst,Consulting,0.2,Pune,Contract,Enterprise (5000+),Hybrid,575101.95,"Excel, Python, JavaScript",3,0,873336.18
29,Female,Master's,Product Manager,Education,6.3,Ahmedabad,Contract,Large (1000-5000),Hybrid,2039379.11,"Project Management, SQL",3,1,2115546.45
43,Male,Master's,Financial Analyst,Telecommunications,11.8,Jaipur,Full-time,Small (51-200),Hybrid,1001310.38,"C++, Cloud Computing, Project Management, SQL",1,0,1011424.63
28,Female,Master's,Customer Support Executive,Education,6.2,Jaipur,Full-time,Small (51-200),On-site,328604.0,"C++, Java, Leadership, Data Analysis, SQL",3,0,333076.11
27,Male,High School,Accountant,Media,2.0,Kolkata,Full-time,Enterprise (5000+),On-site,288079.3,"Data Analysis, C++, Project Management, Java, Leadership",3,0,561668.61
36,Male,Diploma,DevOps Engineer,Consulting,10.6,Mumbai,Full-time,Enterprise (5000+),Hybrid,1676484.75,"Cloud Computing, Project Management, JavaScript, Python, C++",3,0,3140506.08
35,Male,PhD,Sales Manager,Consulting,4.5,Hyderabad,Full-time,Medium (201-1000),On-site,3025495.31,"Java, Excel, SQL",3,1,3056055.87
37,Female,Master's,Graphic Designer,Information Technology,,Bangalore,Full-time,Small (51-200),Hybrid,877461.71,"C++, Machine Learning, Project Management",0,0,1154210.56
29,Male,Bachelor's,Executive Director,Government,3.5,Chennai,Full-time,Enterprise (5000+),Hybrid,3229774.61,"C++, Cloud Computing, Machine Learning, Data Analysis, Excel",3,1,6200877.31
26,Female,Bachelor's,Data Analyst,Telecommunications,9.7,Chennai,Full-time,Small (51-200),On-site,636151.67,"C++, Python, Communication, JavaScript, Cloud Computing",3,0,984404.9
44,Female,High School,Project Manager,Healthcare,13.0,Kolkata,Full-time,Medium (201-1000),On-site,1130788.39,"C++, Project Management, Java",3,1,1408247.77
38,Male,Master's,Marketing Manager,Information Technology,12.7,Pune,Full-time,Medium (201-1000),Hybrid,1830730.47,"Project Management, SQL, C++, Python",3,1,2912988.62
24,Female,Bachelor's,HR Manager,Consulting,0.8,Chennai,Full-time,Small (51-200),Remote,917341.28,"Excel, Cloud Computing",2,1,1381137.83
22,Male,Bachelor's,Business Analyst,Manufacturing,4.2,Delhi NCR,Full-time,Enterprise (5000+),Remote,770718.81,"Communication, Python, Machine Learning",0,0,1139346.65
30,Male,Bachelor's,Business Analyst,Healthcare,2.4,Kolkata,Full-time,Medium (201-1000),Remote,732955.81,"Data Analysis, Java, Excel",0,0,910763.04
33,Female,High School,DevOps Engineer,Retail,13.1,Pune,Full-time,Startup (1-50),On-site,1232207.76,"Excel, Python",1,0,1244654.3
46,Female,Diploma,Accountant,Healthcare,15.3,Bangalore,Full-time,Large (1000-5000),On-site,894691.7,"SQL, C++, Project Management",0,0,1054514.57
27,Female,Diploma,QA Engineer,Information Technology,3.2,Bangalore,Full-time,Large (1000-5000),On-site,570502.44,"Data Analysis, Communication, Machine Learning, Leadership, Python",2,0,1150079.37
31,Female,Bachelor's,Graphic Designer,Consulting,3.4,Remote (India),Full-time,Medium (201-1000),Hybrid,526401.67,"Machine Learning, Excel",1,0,671485.46
31,Female,PhD,Product Manager,Education,12.8,Kolkata,Full-time,Enterprise (5000+),On-site,1908944.4,"Project Management, JavaScript, Python, Communication, Machine Learning",2,1,4236611.85
33,Female,Master's,Data Analyst,Information Technology,1.5,Mumbai,Full-time,Large (1000-5000),Remote,953845.67,"SQL, Leadership, Project Management",0,0,1234630.49
31,Male,Diploma,Operations Manager,Consulting,4.6,Delhi NCR,Full-time,Medium (201-1000),Hybrid,959210.11,"Data Analysis, Java, Python, JavaScript",1,1,1842609.06
26,Male,Bachelor's,Software Engineer,Media,1.3,Ahmedabad,Full-time,Large (1000-5000),On-site,792315.82,"Python, Cloud Computing, Project Management, Leadership",2,0,1078926.03
33,Other,Master's,Operations Manager,Government,8.6,Ahmedabad,Full-time,Large (1000-5000),Hybrid,1108191.92,"Leadership, Python",1,1,2041325.8
31,Female,Master's,Operations Manager,Government,4.1,Kolkata,Freelance,Enterprise (5000+),Hybrid,1268119.07,"Python, Machine Learning, Communication, SQL",3,1,1697823.14
34,Male,Master's,QA Engineer,Information Technology,2.7,Pune,Full-time,Medium (201-1000),Hybrid,1246021.62,"C++, SQL, Project Management, Excel, Leadership",2,0,1294871.18
31,Male,Bachelor's,Financial Analyst,Finance,3.9,Kolkata,Full-time,Medium (201-1000),On-site,694023.22,"JavaScript, C++, Leadership, Java, Cloud Computing",0,0,1054645.23
27,Male,Bachelor's,Graphic Designer,Government,3.5,Mumbai,Full-time,Medium (201-1000),On-site,555444.27,"Leadership, Communication",1,0,573363.0
34,Female,Bachelor's,HR Manager,Finance,6.6,Jaipur,Full-time,Medium (201-1000),On-site,1183164.03,"C++, SQL, Leadership",1,1,1427431.68
39,Female,Bachelor's,Sales Manager,Media,12.0,Jaipur,Full-time,Large (1000-5000),On-site,1164479.21,"Data Analysis, Python, Project Management, JavaScript, Java",0,1,1825876.23
33,Male,High School,Accountant,Government,9.6,Pune,Contract,Small (51-200),On-site,430082.02,"C++, Python, SQL, JavaScript",0,0,470451.73
26,Female,Diploma,HR Executive,Consulting,2.6,Bangalore,Freelance,Small (51-200),Remote,293731.52,"Java, JavaScript, Communication, SQL, Python",3,0,432283.27
33,Female,Master's,Operations Manager,Education,10.1,Ahmedabad,Full-time,Large (1000-5000),Remote,1355743.96,"JavaScript, C++, Python",0,1,1608502.99
33,Female,High School,Senior Software Engineer,Healthcare,10.3,Chennai,Full-time,Enterprise (5000+),Hybrid,1340740.1,"Java, Python",0,0,2330132.04
21,Male,Bachelor's,Sales Executive,Media,3.2,Pune,Full-time,Enterprise (5000+),On-site,609885.73,"JavaScript, Machine Learning",2,0,838073.47
25,Male,Master's,Data Scientist,Government,6.8,Mumbai,Full-time,Large (1000-5000),On-site,2125797.25,"Leadership, Machine Learning, SQL",0,0,2147269.95
37,Male,Master's,Content Writer,Education,6.3,Delhi NCR,Part-time,Startup (1-50),Remote,284928.88,"Java, Data Analysis, Excel",1,0,287806.95
43,Male,Master's,Accountant,Information Technology,14.9,Mumbai,Full-time,Startup (1-50),On-site,1284575.16,"Excel, C++, Communication, SQL, Machine Learning",0,0,1297550.66
26,Male,Master's,Graphic Designer,Finance,9.3,Kolkata,Full-time,Small (51-200),Hybrid,,"Cloud Computing, Leadership, Communication",2,0,874921.54
27,Male,High School,Project Manager,Manufacturing,1.1,Ahmedabad,Freelance,Startup (1-50),On-site,474839.35,"Machine Learning, Leadership, JavaScript",1,1,626911.91
31,Female,Master's,Operations Manager,Telecommunications,8.4,Chennai,Full-time,Startup (1-50),Hybrid,1715092.16,"Leadership, Data Analysis",3,1,1926960.63
23,Male,Master's,Operations Manager,Finance,6.1,Hyderabad,Full-time,Medium (201-1000),Hybrid,1855328.43,"Project Management, Leadership, Excel, JavaScript, C++",0,1,2549460.86
45,Female,Master's,Product Manager,Finance,14.7,Kolkata,Full-time,Enterprise (5000+),Hybrid,3520712.73,"SQL, Project Management",3,1,5354885.45
33,Female,Bachelor's,Data Analyst,Retail,2.6,Bangalore,Freelance,Small (51-200),Remote,477504.0,"Data Analysis, Project Management",3,0,613923.78
34,Male,Bachelor's,HR Manager,Retail,4.7,Chennai,Full-time,Startup (1-50),On-site,1141815.63,"Project Management, Excel, JavaScript, C++, Cloud Computing",1,1,1153349.12
37,Female,Master's,UX Designer,Media,11.2,Hyderabad,Full-time,Startup (1-50),Hybrid,1373274.21,"JavaScript, Communication, Leadership, Data Analysis",3,0,1660332.19
38,Female,Bachelor's,Software Engineer,Media,8.2,Delhi NCR,Full-time,Startup (1-50),Remote,1190048.91,"Machine Learning, C++, JavaScript, SQL, Cloud Computing",3,0,1202069.61
28,Male,Bachelor's,Accountant,Media,0.5,Remote (India),Full-time,Startup (1-50),On-site,339411.88,"Communication, C++, Machine Learning, Excel, Cloud Computing",0,0,441357.95
32,Female,Master's,Customer Support Executive,Finance,7.9,Hyderabad,Contract,Large (1000-5000),Hybrid,509622.81,"Python, Leadership",3,0,686522.36
48,Female,Diploma,Product Manager,Consulting,21.5,Pune,Full-time,Small (51-200),On-site,3134298.77,"Communication, Cloud Computing",2,1,3296084.16
24,Female,Diploma,Sales Executive,Media,4.4,Remote (India),Full-time,Medium (201-1000),On-site,515969.92,"Project Management, Leadership, Cloud Computing, Excel, Data Analysis",2,0,628196.34
37,Male,Master's,Marketing Manager,Media,12.7,Pune,Full-time,Large (1000-5000),On-site,1826064.84,"JavaScript, C++, Communication",1,1,2266181.13
29,Male,Master's,Project Manager,Information Technology,1.8,Delhi NCR,Full-time,Small (51-200),On-site,1783820.03,"Machine Learning, Python, Cloud Computing, Data Analysis",3,1,2455196.43
31,Male,High School,Administrative Assistant,Finance,4.1,Jaipur,Part-time,Enterprise (5000+),Remote,136161.38,"Leadership, JavaScript, Python",2,0,220960.52
26,Male,Bachelor's,DevOps Engineer,Finance,2.7,Pune,Full-time,Medium (201-1000),Hybrid,1680020.81,"Project Management, Python, SQL, Excel, Cloud Computing",3,0,2400576.41
34,Female,High School,Product Manager,Education,4.0,Mumbai,Full-time,Small (51-200),Remote,1206126.68,"Project Management, Python",3,1,1605889.51
26,Male,Bachelor's,Data Analyst,Retail,2.2,Chennai,Full-time,Small (51-200),On-site,513398.57,"C++, Leadership, Data Analysis, Python, Java",3,0,714728.18
33,Female,PhD,Executive Director,Healthcare,8.8,Pune,Full-time,Small (51-200),On-site,5678837.15,"SQL, Data Analysis",2,1,7577514.53
45,Male,Master's,HR Executive,Education,14.8,Hyderabad,Full-time,Large (1000-5000),On-site,649574.73,"Excel, Leadership, JavaScript, Project Management",1,0,784067.09
37,Male,Bachelor's,Product Manager,Finance,11.2,Remote (India),Full-time,Startup (1-50),Remote,3057206.86,"Leadership, Java",0,1,3088087.74
34,Female,Bachelor's,Operations Manager,Telecommunications,7.8,Delhi NCR,Part-time,Startup (1-50),Hybrid,898173.99,"Machine Learning, Excel, Leadership, Cloud Computing, Project Management",0,1,1052557.19
32,Male,High School,Research Scientist,Retail,4.3,Hyderabad,Freelance,Enterprise (5000+),On-site,830932.5,"Project Management, Java, Cloud Computing",2,0,1281314.66
41,Male,Master's,Sales Manager,Government,13.5,Kolkata,Full-time,Medium (201-1000),Remote,1700462.06,"Project Management, Python",0,1,2202366.15
36,Female,Bachelor's,Graphic Designer,Manufacturing,11.3,Remote (India),Full-time,Startup (1-50),On-site,245985.15,"SQL, Excel",2,0,573703.14
29,Female,Bachelor's,QA Engineer,Finance,4.7,Pune,Full-time,Medium (201-1000),On-site,,"Project Management, JavaScript, Leadership, Data Analysis",3,1,1268328.11
23,Male,Bachelor's,Sales Manager,Government,6.8,Delhi NCR,Full-time,Medium (201-1000),Remote,1987657.46,"Cloud Computing, Data Analysis",3,1,2031228.24
27,Male,Master's,Accountant,Finance,8.6,Kolkata,Full-time,Small (51-200),Remote,682066.4,"Communication, Leadership, Python, Excel, Cloud Computing",3,0,943519.0
31,Female,Diploma,Customer Support Executive,Manufacturing,6.3,Chennai,Part-time,Startup (1-50),On-site,178029.06,"C++, Machine Learning, Python, Project Management, SQL",2,0,201258.79
38,Male,High School,Administrative Assistant,Consulting,11.2,Kolkata,Full-time,Enterprise (5000+),Hybrid,377661.36,"Communication, Project Management, Python, SQL, Machine Learning",0,0,477846.41
32,Male,Bachelor's,Business Analyst,Telecommunications,7.4,Bangalore,Full-time,Small (51-200),On-site,1029871.93,"Cloud Computing, Java, Leadership, Python",1,0,1085506.33
39,Male,Bachelor's,Marketing Manager,Information Technology,11.8,Delhi NCR,Freelance,Enterprise (5000+),Hybrid,2066234.94,"Java, Excel, Cloud Computing, Data Analysis",3,1,2239944.42
25,Female,Bachelor's,Research Scientist,Healthcare,0.8,Delhi NCR,Full-time,Enterprise (5000+),Hybrid,1035445.7,"Data Analysis, Excel, C++, Machine Learning, Cloud Computing",0,0,2561148.09
29,Female,Bachelor's,Research Scientist,Manufacturing,4.0,Jaipur,Full-time,Enterprise (5000+),On-site,1003920.44,"Project Management, JavaScript",0,0,1476642.23
26,Male,Bachelor's,Content Writer,Consulting,4.4,Hyderabad,Full-time,Small (51-200),On-site,475639.46,"SQL, Project Management, Communication, Excel",3,0,683528.14
37,Female,Master's,HR Manager,Information Technology,8.4,Chennai,Full-time,Enterprise (5000+),Remote,1488572.39,"Leadership, Java, Excel, Machine Learning",1,1,2922050.88
21,Male,Bachelor's,Sales Executive,Finance,4.6,Mumbai,Contract,Small (51-200),Hybrid,670144.67,"Java, Cloud Computing",3,0,826307.75
41,Male,Bachelor's,Project Manager,Media,19.0,Remote (India),Full-time,Startup (1-50),Remote,1427197.64,"JavaScript, Leadership, Communication, Python, Cloud Computing",0,1,1818326.11
39,Male,Diploma,Customer Support Executive,Manufacturing,13.4,Hyderabad,Full-time,Startup (1-50),On-site,381682.92,"Java, Leadership",0,0,385538.3
37,Male,Master's,Accountant,Finance,7.5,Jaipur,Full-time,Small (51-200),Hybrid,617899.3,"Python, Project Management, C++",3,0,811714.76
30,Female,Diploma,Sales Executive,Healthcare,8.0,Kolkata,Full-time,Large (1000-5000),On-site,305536.36,"Machine Learning, SQL, JavaScript, Communication, Java",1,0,679046.4
32,Female,Bachelor's,Sales Manager,Finance,8.4,Mumbai,Full-time,Medium (201-1000),Remote,1663004.16,"Leadership, C++, Python, Data Analysis",3,1,2782048.6
36,Male,Bachelor's,Administrative Assistant,Government,6.7,Remote (India),Full-time,Medium (201-1000),Hybrid,139098.89,"Cloud Computing, Python, C++, SQL, JavaScript",2,0,421437.66
32,Other,Diploma,Accountant,Information Technology,9.8,Pune,Full-time,Medium (201-1000),On-site,579472.49,"Leadership, Cloud Computing, Python, C++",1,0,847293.35
34,Male,Master's,Software Engineer,Manufacturing,11.7,Hyderabad,Full-time,Enterprise (5000+),On-site,1296706.5,"Leadership, Project Management, Excel, Machine Learning, Data Analysis",1,0,2025359.0
27,Female,Master's,Project Manager,Manufacturing,3.7,Kolkata,Freelance,Enterprise (5000+),Hybrid,1048370.41,"JavaScript, Machine Learning, Cloud Computing, Python",2,1,1845404.03
33,Female,Bachelor's,HR Executive,Finance,14.1,Mumbai,Full-time,Small (51-200),Hybrid,,"Excel, SQL, Communication",1,0,794953.06
28,Male,Diploma,UX Designer,Retail,8.0,Hyderabad,Full-time,Enterprise (5000+),Remote,733948.26,"Java, JavaScript, Leadership, Data Analysis",2,0,1331216.06
25,Male,Master's,UX Designer,Media,2.2,Kolkata,Full-time,Enterprise (5000+),Remote,997355.87,"Project Management, C++, Communication",2,1,1703725.76
41,Female,Bachelor's,Customer Support Executive,Consulting,10.2,Bangalore,Full-time,Small (51-200),On-site,531641.98,"Machine Learning, Python, Project Management",2,1,652694.24
29,Female,Master's,Content Writer,Government,4.7,Remote (India),Full-time,Large (1000-5000),Hybrid,586626.86,"Communication, Machine Learning, Leadership, Project Management",0,1,863414.79
25,Female,High School,UX Designer,Government,3.5,Mumbai,Full-time,Medium (201-1000),Hybrid,650429.24,"SQL, Excel, Cloud Computing, Machine Learning, Data Analysis",3,0,1030316.66
33,Female,Bachelor's,Customer Support Executive,Information Technology,8.9,Pune,Full-time,Startup (1-50),Hybrid,471790.99,"Leadership, Machine Learning, Communication, Data Analysis, Cloud Computing",1,0,561804.96
30,Female,Bachelor's,HR Manager,Retail,6.1,Delhi NCR,Full-time,Startup (1-50),Remote,1193647.56,"Java, Python, C++, Project Management",1,1,1264428.43
29,Male,Master's,Project Manager,Government,3.3,Jaipur,Full-time,Enterprise (5000+),On-site,883912.87,"Project Management, Excel, Communication",2,1,1777067.49
28,Female,Bachelor's,Executive Director,Finance,5.0,Hyderabad,Full-time,Large (1000-5000),On-site,3896255.73,"JavaScript, Leadership",0,1,7240203.71
27,Female,Bachelor's,Graphic Designer,Finance,6.0,Kolkata,Full-time,Medium (201-1000),Hybrid,449380.67,"Leadership, Excel",1,0,693992.49
25,Male,Bachelor's,Research Scientist,Information Technology,2.9,Delhi NCR,Full-time,Enterprise (5000+),Hybrid,1484998.77,"Communication, Excel, Java, Machine Learning",3,0,2727008.05
36,Male,High School,QA Engineer,Government,2.4,Mumbai,Full-time,Medium (201-1000),Hybrid,470293.22,"Communication, JavaScript, Python",3,0,681609.96
30,Female,Bachelor's,Research Scientist,Government,10.6,Hyderabad,Full-time,Small (51-200),On-site,1676047.69,"Java, Leadership",0,1,2059703.21
23,Female,Diploma,HR Executive,Finance,0.6,Hyderabad,Full-time,Small (51-200),Hybrid,530195.3,"JavaScript, SQL",2,0,535550.81
25,Male,Bachelor's,Accountant,Telecommunications,1.7,Kolkata,Full-time,Medium (201-1000),Hybrid,599174.73,"Data Analysis, SQL",1,1,623571.1
35,Male,High School,Graphic Designer,Consulting,6.2,Bangalore,Full-time,Medium (201-1000),Hybrid,417055.28,"Project Management, Cloud Computing, C++, Python, Machine Learning",0,0,663107.86
28,Male,Master's,Operations Manager,Media,7.2,Jaipur,Full-time,Large (1000-5000),Remote,820581.14,"Excel, Python, Project Management, JavaScript, C++",1,1,1763982.11
36,Male,Bachelor's,Administrative Assistant,Consulting,11.2,Mumbai,Full-time,Medium (201-1000),Hybrid,537020.51,"Python, Java, Data Analysis, JavaScript",0,0,626524.07
31,Male,Master's,Product Manager,Government,1.7,Mumbai,Full-time,Medium (201-1000),Remote,2413012.03,"Communication, Excel, C++",3,1,3562181.09
33,Male,Bachelor's,Software Engineer,Manufacturing,11.9,Bangalore,Full-time,Startup (1-50),Hybrid,521953.91,"Cloud Computing, Project Management, Excel, JavaScript",3,0,1263144.77
23,Female,Bachelor's,Project Manager,Telecommunications,7.8,Chennai,Full-time,Small (51-200),Remote,1442436.3,"SQL, Leadership, C++, Data Analysis, Project Management",0,1,1457006.36
31,Male,Bachelor's,Sales Manager,Government,5.7,Bangalore,Full-time,Small (51-200),On-site,1534555.9,"Excel, Communication",3,1,1815877.64
35,Other,Bachelor's,Customer Support Executive,Consulting,4.8,Chennai,Full-time,Small (51-200),On-site,318518.19,"Data Analysis, C++",0,0,448354.07
36,Male,Master's,Marketing Manager,Information Technology,9.8,Hyderabad,Full-time,Medium (201-1000),On-site,2420092.26,"SQL, Excel, Python, Java",0,1,2588564.2
40,Female,PhD,QA Engineer,Information Technology,14.5,Bangalore,Full-time,Medium (201-1000),Remote,1380283.44,"Excel, Java, SQL, JavaScript, Machine Learning",1,0,2073540.36
32,Female,Bachelor's,Operations Manager,Government,7.4,Kolkata,Full-time,Startup (1-50),Remote,1180145.91,"C++, Cloud Computing, Leadership, SQL",1,1,1420362.79
27,Male,Master's,Executive Director,Government,6.4,Pune,Full-time,Enterprise (5000+),Remote,3991103.37,"Python, Leadership, Communication, JavaScript, Java",3,1,6946084.92
23,Male,Bachelor's,UX Designer,Consulting,2.0,Remote (India),Full-time,Startup (1-50),On-site,639205.37,"Python, Cloud Computing",2,0,1002634.84
21,Female,Bachelor's,Sales Executive,Finance,2.2,Hyderabad,Full-time,Large (1000-5000),On-site,447517.83,"C++, Machine Learning, Excel, Data Analysis, Leadership",1,0,892103.34
29,Male,High School,QA Engineer,Telecommunications,4.9,Kolkata,Full-time,Startup (1-50),On-site,460457.07,"Project Management, Data Analysis, Leadership, Excel",2,0,483955.82
35,Female,Diploma,Senior Software Engineer,Consulting,11.7,Jaipur,Full-time,Medium (201-1000),On-site,1473885.94,"Java, SQL, Machine Learning",1,0,1722601.32
23,Male,Diploma,Product Manager,Consulting,0.9,Jaipur,Full-time,Medium (201-1000),Hybrid,1288786.08,"Excel, Machine Learning, Communication, Cloud Computing, Project Management",3,1,1994720.0
30,Male,Master's,Product Manager,Manufacturing,5.4,Hyderabad,Full-time,Enterprise (5000+),Remote,2977705.12,"Cloud Computing, Java, Leadership, Data Analysis, JavaScript",2,1,4387135.82
34,Female,Diploma,Graphic Designer,Information Technology,10.1,Pune,Full-time,Medium (201-1000),Remote,481853.32,"Leadership, Java, Data Analysis, Cloud Computing, C++",1,0,836024.97
43,Female,Diploma,HR Executive,Consulting,11.3,Kolkata,Full-time,Enterprise (5000+),Hybrid,497414.35,"Machine Learning, Cloud Computing, Excel, SQL, Python",1,0,770822.34
35,Female,Diploma,Business Analyst,Consulting,6.8,Hyderabad,Full-time,Small (51-200),On-site,884040.88,"Python, Communication, JavaScript, SQL, Machine Learning",2,0,958677.3
26,Male,Diploma,UX Designer,Manufacturing,4.3,Jaipur,Full-time,Small (51-200),Remote,688186.64,"Python, Data Analysis",1,0,700389.59
29,Male,Master's,Data Analyst,Retail,2.1,Ahmedabad,Full-time,Enterprise (5000+),Hybrid,578909.23,"Excel, Project Management, Communication, C++",1,0,821340.63
23,Male,Bachelor's,Sales Manager,Media,4.1,Delhi NCR,Full-time,Small (51-200),Hybrid,1332847.58,"JavaScript, Java",1,1,1643192.08
40,Female,Bachelor's,Project Manager,Healthcare,14.4,Kolkata,Full-time,Medium (201-1000),On-site,1193398.82,"Data Analysis, Project Management",0,1,1920868.85
27,Female,Master's,Sales Manager,Information Technology,6.2,Remote (India),Full-time,Medium (201-1000),On-site,1903675.15,"Project Management, C++, Machine Learning, Leadership, SQL",2,1,2644570.73
25,Female,Bachelor's,Accountant,Manufacturing,4.9,Hyderabad,Full-time,Large (1000-5000),On-site,636680.48,"SQL, Project Management, Data Analysis",1,0,789986.64
28,Other,Bachelor's,Sales Manager,Education,4.5,Hyderabad,Full-time,Startup (1-50),Remote,1282815.25,"SQL, Data Analysis, JavaScript",0,1,1402289.94
31,Male,PhD,Software Engineer,Manufacturing,9.0,Hyderabad,Part-time,Startup (1-50),Hybrid,586401.85,"Excel, C++, Cloud Computing",0,0,796698.7
24,Male,Master's,Content Writer,Manufacturing,4.6,Hyderabad,Full-time,Small (51-200),Hybrid,642035.86,"JavaScript, Excel",0,1,648521.07
25,Male,Master's,Business Analyst,Media,2.1,Ahmedabad,Contract,Small (51-200),Hybrid,517299.73,"Excel, Cloud Computing, SQL, Leadership, Project Management",1,0,823728.11
40,Female,Master's,Administrative Assistant,Manufacturing,6.6,Delhi NCR,Full-time,Large (1000-5000),On-site,382629.96,"Leadership, SQL, Machine Learning, C++, Excel",3,0,651048.9
33,Male,Master's,Research Scientist,Information Technology,2.0,Hyderabad,Part-time,Enterprise (5000+),On-site,1018454.55,"Java, Communication, Python, C++, Leadership",0,1,1775121.76
34,Male,Bachelor's,Project Manager,Media,12.1,Kolkata,Full-time,Medium (201-1000),On-site,1399930.77,"Excel, Data Analysis, C++",3,1,1637807.85
32,Female,Bachelor's,QA Engineer,Healthcare,9.9,Hyderabad,Full-time,Enterprise (5000+),On-site,1004480.73,"Java, Machine Learning, Excel",1,1,1544058.12
28,Female,Master's,Marketing Manager,Government,1.7,Jaipur,Full-time,Enterprise (5000+),On-site,1092687.93,"Machine Learning, Cloud Computing",0,1,1595742.83
24,Male,Master's,HR Manager,Information Technology,2.2,Pune,Full-time,Enterprise (5000+),Remote,1468437.9,"Excel, Data Analysis, Python, SQL",3,1,2457756.59
34,Male,PhD,Data Analyst,Information Technology,7.6,Mumbai,Full-time,Enterprise (5000+),Remote,1857273.16,"Leadership, C++, Project Management",2,1,2323374.31
29,Female,Bachelor's,Graphic Designer,Information Technology,3.3,Bangalore,Part-time,Enterprise (5000+),On-site,269715.05,"C++, JavaScript, Data Analysis",3,0,549904.48
34,Male,Bachelor's,Senior Software Engineer,Media,1.4,Delhi NCR,Full-time,Large (1000-5000),Hybrid,1053451.49,"Excel, Data Analysis",0,0,2247761.93
37,Female,Master's,Sales Executive,Government,11.2,Hyderabad,Full-time,Large (1000-5000),Hybrid,753845.3,"Excel, C++, Project Management, Communication, Python",0,0,1037306.12
32,Female,Master's,UX Designer,Retail,7.0,Hyderabad,Full-time,Startup (1-50),Remote,1200949.86,"JavaScript, Machine Learning, SQL, Java, Cloud Computing",1,0,1213080.67
30,Female,Master's,Business Analyst,Consulting,4.2,Chennai,Part-time,Startup (1-50),Remote,428355.76,"Leadership, JavaScript, SQL, Python, Machine Learning",3,0,625565.87
26,Male,Bachelor's,Senior Software Engineer,Healthcare,2.7,Chennai,Full-time,Small (51-200),Hybrid,1346672.45,"Java, Python, Cloud Computing, JavaScript, SQL",2,0,2030083.55
44,Male,PhD,Data Analyst,Media,20.2,Bangalore,Full-time,Medium (201-1000),On-site,1232926.3,"Excel, Cloud Computing, JavaScript",2,0,1679433.62
24,Male,Bachelor's,Project Manager,Finance,1.5,Delhi NCR,Full-time,Small (51-200),Hybrid,1666096.78,"Data Analysis, JavaScript, Communication, Excel",0,1,1682926.04
42,Female,PhD,QA Engineer,Consulting,8.6,Jaipur,Full-time,Large (1000-5000),On-site,776330.95,"Communication, Project Management, Data Analysis, Machine Learning, C++",1,0,1575076.3
45,Female,Bachelor's,Executive Director,Consulting,18.7,Hyderabad,Full-time,Medium (201-1000),Remote,5779656.38,"Leadership, C++",2,1,8690210.41
29,Female,Diploma,Accountant,Media,2.1,Pune,Full-time,Small (51-200),Hybrid,359725.0,"Java, C++, SQL",3,0,559471.23
31,Male,Diploma,Software Engineer,Government,6.9,Bangalore,Freelance,Startup (1-50),Remote,424171.5,"Cloud Computing, Machine Learning, Data Analysis, Leadership, Communication",0,0,745146.05
26,Male,Master's,Administrative Assistant,Manufacturing,7.2,Chennai,Freelance,Small (51-200),On-site,445515.8,"Leadership, SQL, Java, Python",1,1,509980.85
31,Male,Bachelor's,Administrative Assistant,Information Technology,6.1,Delhi NCR,Full-time,Medium (201-1000),Remote,417284.84,"Machine Learning, Java",0,0,534065.97
21,Male,Bachelor's,HR Manager,Finance,5.4,Remote (India),Full-time,Small (51-200),On-site,1131659.16,"Python, SQL, JavaScript, Leadership",1,1,1650092.98
28,Male,Diploma,Customer Support Executive,Retail,1.2,Delhi NCR,Full-time,Medium (201-1000),On-site,164504.46,"Machine Learning, Leadership, Project Management, Communication",2,0,277545.95
22,Female,Bachelor's,QA Engineer,Finance,6.7,Hyderabad,Full-time,Small (51-200),Remote,850018.71,"Machine Learning, Communication",2,0,1028543.47
40,Male,High School,DevOps Engineer,Government,13.1,Bangalore,Contract,Small (51-200),On-site,870507.57,"JavaScript, Cloud Computing, Communication, Data Analysis",0,0,1659266.19
43,Female,Master's,Research Scientist,Healthcare,16.7,Bangalore,Full-time,Medium (201-1000),Hybrid,2486192.54,"SQL, C++, Java, Leadership",1,0,3553136.09
33,Female,Master's,DevOps Engineer,Consulting,5.7,Bangalore,Full-time,Medium (201-1000),On-site,2395765.08,"Leadership, Java, C++",3,0,2660845.88
22,Male,Master's,Data Analyst,Consulting,6.3,Chennai,Full-time,Large (1000-5000),On-site,1197777.27,"Data Analysis, Cloud Computing, Machine Learning",3,1,1555473.48
24,Female,Master's,Software Engineer,Finance,1.4,Ahmedabad,Full-time,Enterprise (5000+),Remote,807978.14,"Communication, JavaScript, C++, Java, Data Analysis",3,0,1622532.57
48,Female,PhD,QA Engineer,Healthcare,10.3,Kolkata,Full-time,Large (1000-5000),On-site,1149514.9,"Data Analysis, Java, JavaScript",3,0,1622591.07
22,Female,Bachelor's,Accountant,Information Technology,0.6,Remote (India),Full-time,Large (1000-5000),Remote,553517.89,"Data Analysis, Project Management, C++",0,0,863194.61
33,Female,PhD,Marketing Manager,Healthcare,6.6,Remote (India),Full-time,Medium (201-1000),Hybrid,1676569.43,"Excel, Java, Project Management, SQL",3,1,2563449.35
31,Female,Diploma,Marketing Manager,Telecommunications,8.1,Pune,Full-time,Startup (1-50),On-site,1186836.96,"Machine Learning, Leadership",2,1,1198825.21
32,Male,Bachelor's,Financial Analyst,Government,6.6,Mumbai,Full-time,Startup (1-50),Remote,828031.09,"Communication, Data Analysis, Java, C++, Leadership",2,0,1079091.6
40,Male,High School,Sales Executive,Education,15.5,Jaipur,Full-time,Small (51-200),On-site,439722.11,"Java, Data Analysis, JavaScript, C++, Communication",2,0,461193.62
28,Female,Bachelor's,Business Analyst,Finance,7.8,Bangalore,Full-time,Enterprise (5000+),Hybrid,1290443.06,"JavaScript, Project Management, Java, Data Analysis",2,0,1744690.28
33,Female,Bachelor's,DevOps Engineer,Government,7.5,Pune,Full-time,Small (51-200),Remote,1410871.26,"Leadership, Excel, Cloud Computing",2,0,1756435.16
37,Female,PhD,Marketing Manager,Education,9.8,Hyderabad,Full-time,Small (51-200),Remote,1723268.09,"Communication, Excel, SQL",1,1,1762739.57
28,Female,Bachelor's,Sales Executive,Education,2.9,Bangalore,Full-time,Startup (1-50),On-site,426077.19,"Project Management, SQL, Leadership, Machine Learning",1,0,516488.69
26,Male,High School,Product Manager,Media,10.0,Delhi NCR,Full-time,Medium (201-1000),On-site,1602633.1,"Cloud Computing, JavaScript, Communication",3,1,2473612.41
28,Male,PhD,Software Engineer,Telecommunications,3.7,Pune,Full-time,Large (1000-5000),On-site,1110388.85,"SQL, Communication, Leadership, Project Management, Data Analysis",1,0,1695697.29
37,Female,Bachelor's,HR Executive,Healthcare,17.0,Jaipur,Full-time,Large (1000-5000),Hybrid,596320.74,"Data Analysis, JavaScript, SQL",0,0,748908.44
21,Female,Bachelor's,Operations Manager,Telecommunications,2.4,Delhi NCR,Full-time,Enterprise (5000+),On-site,1559514.78,"Machine Learning, Data Analysis, C++, Project Management, Communication",0,1,2405886.75
39,Male,Bachelor's,UX Designer,Manufacturing,7.3,Chennai,Full-time,Small (51-200),Remote,879656.0,"Data Analysis, Leadership, JavaScript, Project Management",3,0,1199836.48
30,Male,Bachelor's,Content Writer,Manufacturing,7.0,Delhi NCR,Full-time,Enterprise (5000+),Remote,551271.79,"Java, Communication, Machine Learning, SQL",1,1,1025344.3
29,Female,High School,Software Engineer,Consulting,2.7,Chennai,Contract,Large (1000-5000),Remote,998196.79,"Excel, SQL",3,1,1047058.61
39,Female,Bachelor's,Sales Executive,Information Technology,10.4,Bangalore,Full-time,Large (1000-5000),Hybrid,947864.05,"C++, JavaScript, Python",0,0,1246700.46
39,Male,PhD,DevOps Engineer,Media,16.1,Pune,Full-time,Medium (201-1000),Remote,3044388.52,"JavaScript, Cloud Computing",0,1,3750063.94
40,Male,Bachelor's,Research Scientist,Retail,11.4,Mumbai,Freelance,Medium (201-1000),Remote,2166653.14,"Data Analysis, JavaScript",1,1,2308992.71
23,Male,Bachelor's,Data Scientist,Education,3.2,Kolkata,Full-time,Small (51-200),On-site,884125.15,"Python, Excel, Communication, JavaScript",0,0,1224836.38
27,Male,Bachelor's,UX Designer,Telecommunications,6.3,Chennai,Freelance,Startup (1-50),On-site,555053.27,"Machine Learning, Java, Cloud Computing, SQL",2,0,961269.84
25,Male,Bachelor's,Data Analyst,Retail,2.5,Jaipur,Part-time,Large (1000-5000),Hybrid,261824.2,"Data Analysis, C++, SQL, Cloud Computing",3,1,465486.54
33,Female,Master's,Administrative Assistant,Information Technology,0.5,Jaipur,Contract,Large (1000-5000),Remote,231522.8,"Data Analysis, Python, Communication",3,0,414480.75
29,Female,Master's,Data Analyst,Finance,8.1,Remote (India),Full-time,Medium (201-1000),Hybrid,1022029.27,"Leadership, JavaScript, Excel, SQL, Python",3,0,1392981.8
30,Male,Master's,Data Analyst,Healthcare,4.0,Mumbai,Full-time,Enterprise (5000+),Hybrid,799468.06,"SQL, Communication, Project Management",2,0,1462370.42
37,Female,Diploma,DevOps Engineer,Finance,13.2,Hyderabad,Contract,Medium (201-1000),Remote,1457322.34,"Java, SQL",3,0,2117176.35
22,Male,PhD,Administrative Assistant,Government,3.3,Chennai,Full-time,Medium (201-1000),On-site,468028.79,"SQL, C++",3,1,583014.0
26,Female,PhD,HR Manager,Education,1.2,Delhi NCR,Full-time,Small (51-200),On-site,1383895.92,"C++, Java, Python, Data Analysis",3,1,1751479.88
32,Female,Bachelor's,Research Scientist,Finance,6.7,Kolkata,Full-time,Small (51-200),Remote,1880335.69,"Leadership, Project Management",3,1,1899328.98
24,Female,Bachelor's,Data Scientist,Retail,4.1,Pune,Contract,Large (1000-5000),Remote,934830.47,"Leadership, SQL, Communication",2,1,2004716.69
40,Male,High School,Customer Support Executive,Government,14.6,Kolkata,Full-time,Medium (201-1000),Remote,308832.21,"SQL, JavaScript, Python",0,1,374197.41
28,Female,Master's,Sales Manager,Manufacturing,3.1,Mumbai,Full-time,Enterprise (5000+),On-site,1809301.13,"Excel, C++, Java",2,1,2766379.97
27,Male,High School,Sales Manager,Finance,0.3,Remote (India),Full-time,Small (51-200),Remote,1011415.45,"Data Analysis, Excel",1,1,1021631.77
39,Male,Bachelor's,HR Manager,Information Technology,5.7,Mumbai,Full-time,Large (1000-5000),On-site,1989491.91,"Java, Machine Learning, Project Management",1,1,2296007.8
37,Male,Bachelor's,Project Manager,Government,10.8,Bangalore,Full-time,Startup (1-50),On-site,1822941.05,"Data Analysis, SQL, Excel",3,1,1841354.6
29,Female,PhD,Financial Analyst,Government,9.5,Delhi NCR,Full-time,Medium (201-1000),Remote,676058.96,"C++, Python, Leadership, SQL, Communication",0,0,1889327.16
29,Male,PhD,Software Engineer,Manufacturing,6.9,Delhi NCR,Full-time,Medium (201-1000),Hybrid,661309.9,"Java, Excel",2,0,1840394.97
24,Male,High School,Financial Analyst,Healthcare,5.6,Hyderabad,Full-time,Medium (201-1000),On-site,639582.25,"Leadership, SQL, Data Analysis",1,0,911739.21
36,Male,Bachelor's,Administrative Assistant,Telecommunications,7.4,Bangalore,Full-time,Enterprise (5000+),Hybrid,384305.46,"C++, Java, SQL",2,0,674759.38
34,Male,Bachelor's,Content Writer,Information Technology,6.3,Hyderabad,Full-time,Startup (1-50),Remote,625960.89,"Java, C++, Cloud Computing",1,1,771107.01
34,Female,Bachelor's,Content Writer,Finance,2.3,Delhi NCR,Part-time,Medium (201-1000),Hybrid,238611.52,"Java, JavaScript, Data Analysis, Communication",0,0,384167.62
33,Male,Master's,Data Analyst,Retail,4.4,Hyderabad,Full-time,Large (1000-5000),On-site,939670.6,"Leadership, Project Management, C++, Communication",2,1,1192839.65
22,Male,Master's,QA Engineer,Government,2.1,Pune,Full-time,Medium (201-1000),Remote,626944.69,"Project Management, Cloud Computing, Python, SQL",3,0,988765.07
27,Male,Bachelor's,Data Analyst,Information Technology,2.9,Bangalore,Part-time,Startup (1-50),On-site,424598.98,"Leadership, Java, SQL, C++",0,0,487349.3
35,Female,Master's,HR Executive,Government,6.1,Chennai,Full-time,Startup (1-50),Hybrid,552147.33,"SQL, Leadership, Python, Machine Learning, Excel",1,0,580342.99
27,Male,Bachelor's,Data Scientist,Healthcare,3.7,Remote (India),Contract,Small (51-200),Remote,1312399.11,"Leadership, Data Analysis, Communication, Excel, Java",1,0,1714485.92
27,Male,Bachelor's,Customer Support Executive,Media,5.8,Mumbai,Full-time,Medium (201-1000),On-site,406319.94,"Communication, Machine Learning, Python, Data Analysis",2,0,553873.2
36,Male,Bachelor's,Research Scientist,Finance,2.2,Delhi NCR,Full-time,Enterprise (5000+),Remote,2105345.6,"Communication, Data Analysis, JavaScript, Machine Learning",0,0,2717515.34
35,Female,Bachelor's,Operations Manager,Education,6.1,Ahmedabad,Full-time,Small (51-200),Hybrid,546187.91,"Data Analysis, Cloud Computing, Machine Learning, Leadership, Excel",1,1,1293950.75
31,Male,Diploma,Business Analyst,Finance,2.9,Jaipur,Full-time,Large (1000-5000),Remote,498021.5,"Data Analysis, Leadership, Project Management, JavaScript, Java",1,0,1086156.42
39,Male,Bachelor's,Data Scientist,Manufacturing,11.9,Chennai,Full-time,Enterprise (5000+),Hybrid,1536202.98,"Leadership, Java",0,1,2681364.66
28,Male,Bachelor's,Accountant,Media,3.8,Hyderabad,Full-time,Enterprise (5000+),Remote,489130.91,"C++, Leadership, JavaScript",0,0,815521.17
30,Male,Master's,UX Designer,Education,1.2,Ahmedabad,Full-time,Enterprise (5000+),On-site,670240.68,"Data Analysis, Java, Leadership",1,0,1100956.26
22,Male,Bachelor's,Financial Analyst,Education,,Ahmedabad,Full-time,Large (1000-5000),Remote,514281.83,"Data Analysis, C++, Cloud Computing, Excel, Project Management",3,0,762369.82
40,Female,Bachelor's,Content Writer,Media,8.6,Pune,Full-time,Startup (1-50),On-site,338473.54,"Excel, Machine Learning, Python",3,0,478256.72
30,Female,Master's,Data Scientist,Finance,13.7,Pune,Full-time,Medium (201-1000),Remote,2553974.36,"Python, Machine Learning, Cloud Computing, C++, Java",3,1,4003838.03
52,Male,Bachelor's,Marketing Manager,Information Technology,25.5,Kolkata,Full-time,Small (51-200),On-site,1859871.24,"C++, Python, Machine Learning",0,1,1985027.12
35,Male,Master's,DevOps Engineer,Government,13.3,Pune,Full-time,Medium (201-1000),On-site,1788464.03,"C++, Project Management",3,0,2532957.49
28,Female,Bachelor's,Administrative Assistant,Telecommunications,3.4,Kolkata,Part-time,Enterprise (5000+),Hybrid,152439.91,"Communication, Python",0,0,235394.71
31,Male,High School,Customer Support Executive,Education,14.4,Chennai,Full-time,Enterprise (5000+),Remote,263548.53,"Python, JavaScript, Data Analysis",2,0,439999.59
45,Male,Bachelor's,Software Engineer,Healthcare,13.2,Hyderabad,Full-time,Large (1000-5000),On-site,1841036.75,"JavaScript, Cloud Computing",1,1,2012197.1
34,Female,Master's,Software Engineer,Education,3.9,Chennai,Full-time,Small (51-200),Remote,682553.78,"Machine Learning, Excel, Communication",1,0,1010999.69
35,Male,Bachelor's,Marketing Manager,Retail,9.5,Chennai,Full-time,Startup (1-50),Remote,1294331.97,"C++, Project Management, SQL, JavaScript, Machine Learning",1,1,1391033.31
31,Male,Master's,Executive Director,Telecommunications,6.5,Kolkata,Full-time,Large (1000-5000),Remote,4187410.01,"Communication, Leadership, Excel, Machine Learning",3,1,6401376.14
44,Male,Bachelor's,Financial Analyst,Retail,16.0,Jaipur,Freelance,Medium (201-1000),On-site,679054.13,"Project Management, Python",1,0,817685.06
34,Female,Bachelor's,Financial Analyst,Information Technology,5.1,Chennai,Full-time,Small (51-200),On-site,950030.39,"JavaScript, Python, Leadership, Data Analysis, Machine Learning",2,0,1371206.36
32,Female,PhD,Sales Manager,Media,5.5,Ahmedabad,Full-time,Large (1000-5000),On-site,1237846.75,"C++, Excel, Python, Machine Learning",1,1,2078189.25
49,Male,Bachelor's,Sales Executive,Retail,18.3,Mumbai,Full-time,Large (1000-5000),Hybrid,640561.51,"Excel, Machine Learning",1,0,1148547.59
29,Male,Bachelor's,Content Writer,Manufacturing,3.2,Kolkata,Full-time,Medium (201-1000),On-site,352314.7,"SQL, JavaScript, Machine Learning, Project Management, Cloud Computing",2,0,572209.58
38,Female,Master's,QA Engineer,Media,13.4,Jaipur,Full-time,Large (1000-5000),Hybrid,725577.03,"SQL, Leadership, Cloud Computing",1,0,1214611.46
31,Male,Bachelor's,HR Manager,Education,3.5,Ahmedabad,Full-time,Enterprise (5000+),Hybrid,743672.38,"Project Management, Cloud Computing, Machine Learning, SQL",2,1,1301496.91
28,Male,Master's,HR Manager,Retail,5.9,Mumbai,Full-time,Large (1000-5000),On-site,1563841.66,"Data Analysis, Python, Java",1,1,1986215.5
30,Male,Master's,Project Manager,Manufacturing,3.7,Kolkata,Full-time,Small (51-200),Remote,1242106.98,"C++, Excel",3,1,1701126.62
36,Female,Master's,Product Manager,Government,11.4,Remote (India),Full-time,Large (1000-5000),Hybrid,2457877.96,"Project Management, Java",0,1,3681720.32
41,Male,Master's,Product Manager,Media,13.0,Mumbai,Full-time,Medium (201-1000),On-site,2448277.69,"Leadership, Cloud Computing",3,1,3811411.81
26,Male,Bachelor's,Graphic Designer,Education,4.8,Delhi NCR,Full-time,Startup (1-50),Remote,466445.68,"Communication, JavaScript, Cloud Computing",3,0,538340.04
33,Male,Diploma,Content Writer,Education,7.9,Delhi NCR,Full-time,Startup (1-50),Hybrid,393085.1,"Project Management, Java",2,0,409137.18
25,Male,Master's,Customer Support Executive,Consulting,1.7,Ahmedabad,Full-time,Large (1000-5000),Remote,359204.44,"Data Analysis, Project Management",1,0,542130.49
23,Male,Bachelor's,Administrative Assistant,Government,3.3,Ahmedabad,Full-time,Medium (201-1000),Hybrid,220778.73,"Java, C++, Cloud Computing, SQL, Machine Learning",1,0,358944.84
31,Male,Bachelor's,Graphic Designer,Media,6.5,Kolkata,Full-time,Medium (201-1000),Hybrid,467083.29,"Data Analysis, C++, Excel, JavaScript",2,0,634929.76
22,Male,Master's,QA Engineer,Education,1.4,Chennai,Full-time,Small (51-200),Remote,460476.72,"Cloud Computing, Machine Learning, Java, Python, Excel",2,0,868726.85
38,Female,Bachelor's,Sales Manager,Media,13.5,Pune,Full-time,Small (51-200),On-site,1383478.78,"Excel, Java, Communication, Leadership",2,1,2050675.03
29,Female,Diploma,Operations Manager,Healthcare,4.7,Ahmedabad,Full-time,Medium (201-1000),Hybrid,1011640.37,"SQL, Communication, Project Management, Leadership, C++",3,1,1181120.1
38,Male,PhD,HR Executive,Information Technology,16.5,Pune,Full-time,Small (51-200),On-site,810657.35,"C++, Machine Learning, Project Management, Communication",2,0,1169293.96
32,Male,Bachelor's,Financial Analyst,Finance,7.0,Pune,Full-time,Small (51-200),Hybrid,717629.7,"Python, JavaScript, Machine Learning",2,0,1202566.48
27,Female,Diploma,HR Executive,Telecommunications,6.0,Delhi NCR,Contract,Small (51-200),Hybrid,454312.25,"Data Analysis, Communication",1,0,476059.65
22,Male,High School,UX Designer,Information Technology,1.2,Kolkata,Full-time,Small (51-200),Hybrid,767681.05,"Python, Communication",1,0,775435.4
24,Male,Bachelor's,Accountant,Media,5.7,Pune,Full-time,Enterprise (5000+),On-site,570320.12,"Leadership, Data Analysis, Communication, Machine Learning",2,0,890611.34
40,Male,Bachelor's,Executive Director,Consulting,14.1,Pune,Full-time,Startup (1-50),On-site,5173911.67,"Cloud Computing, JavaScript",1,1,5982051.1
24,Male,Master's,Executive Director,Telecommunications,7.6,Bangalore,Full-time,Small (51-200),On-site,4999447.63,"Communication, Python, JavaScript, Data Analysis, C++",0,1,6773975.09
34,Female,High School,Research Scientist,Information Technology,2.9,Remote (India),Full-time,Large (1000-5000),Hybrid,888302.74,"C++, Communication",3,0,1373215.19
27,Female,PhD,Software Engineer,Media,1.5,Ahmedabad,Full-time,Enterprise (5000+),Remote,1072514.19,"Data Analysis, Java, Leadership, Excel",1,0,1452339.28
26,Male,Bachelor's,Research Scientist,Government,3.2,Bangalore,Full-time,Enterprise (5000+),Hybrid,1057817.66,"C++, Communication, Python",1,0,2121821.77
35,Female,Bachelor's,HR Executive,Retail,4.4,Chennai,Full-time,Medium (201-1000),On-site,323951.07,"SQL, Java, Project Management, C++",3,0,566383.76
41,Female,High School,Project Manager,Healthcare,13.3,Remote (India),Full-time,Startup (1-50),On-site,1063113.87,"Communication, Leadership, Excel, Project Management, Python",0,1,1413043.97
34,Female,Bachelor's,Marketing Manager,Consulting,6.3,Pune,Full-time,Enterprise (5000+),On-site,1310571.21,"JavaScript, C++, Java, Data Analysis, SQL",0,1,2489714.56
40,Female,Bachelor's,Product Manager,Healthcare,14.6,Hyderabad,Full-time,Large (1000-5000),Hybrid,2806326.48,"Machine Learning, Python, Cloud Computing",2,1,3947186.9
41,Male,Diploma,Sales Manager,Retail,15.5,Chennai,Full-time,Large (1000-5000),Remote,1564380.9,"Java, JavaScript, C++, Excel, Project Management",1,1,1882631.9
37,Male,Master's,HR Executive,Information Technology,12.0,Pune,Full-time,Medium (201-1000),On-site,901013.86,"C++, JavaScript, Leadership",3,0,916545.53
38,Male,Bachelor's,Financial Analyst,Telecommunications,9.7,Remote (India),Full-time,Small (51-200),On-site,701492.94,"Leadership, Python, SQL, Cloud Computing, JavaScript",3,0,1204013.45
29,Female,Diploma,UX Designer,Finance,5.7,Hyderabad,Full-time,Startup (1-50),Hybrid,930248.52,"Cloud Computing, Excel",3,0,1180556.55
29,Female,PhD,DevOps Engineer,Government,4.4,Remote (India),Full-time,Startup (1-50),Remote,1586156.74,"Communication, JavaScript",2,0,1824324.04
23,Male,Diploma,Financial Analyst,Consulting,2.1,Bangalore,Full-time,Large (1000-5000),On-site,844322.03,"Machine Learning, Python, Data Analysis",2,0,1072577.95
30,Female,Bachelor's,Graphic Designer,Education,3.8,Remote (India),Full-time,Large (1000-5000),On-site,399405.8,"Data Analysis, Python, Project Management, C++",1,0,561556.85
35,Male,Master's,QA Engineer,Consulting,5.1,Chennai,Part-time,Medium (201-1000),Remote,434821.55,"Cloud Computing, SQL, C++",3,0,642990.43
28,Female,Bachelor's,DevOps Engineer,Government,4.0,Chennai,Full-time,Startup (1-50),Remote,1322505.75,"Python, SQL, C++, Excel, Java",2,0,1424740.45
24,Female,Bachelor's,Administrative Assistant,Education,3.5,Jaipur,Freelance,Small (51-200),On-site,198224.85,"Communication, SQL",0,1,245437.77
28,Male,Bachelor's,Executive Director,Manufacturing,1.6,Mumbai,Full-time,Small (51-200),Remote,3519806.65,"Leadership, JavaScript",1,1,4597647.48
31,Male,Bachelor's,Data Scientist,Information Technology,1.8,Mumbai,Full-time,Startup (1-50),Hybrid,1981521.67,"C++, Project Management, Leadership, Machine Learning, Data Analysis",3,0,2001537.04
27,Female,Bachelor's,Research Scientist,Manufacturing,1.1,Chennai,Full-time,Medium (201-1000),Remote,1456992.54,"Leadership, Communication",0,0,1609599.14
26,Male,Master's,Operations Manager,Telecommunications,5.4,Mumbai,Full-time,Large (1000-5000),Remote,1686911.15,"Excel, Python, C++, Leadership, Machine Learning",3,1,2824079.43
27,Male,Master's,UX Designer,Telecommunications,1.2,Jaipur,Full-time,Enterprise (5000+),Hybrid,685485.51,"Cloud Computing, JavaScript, Data Analysis, Leadership",3,0,1470007.58
35,Male,Bachelor's,Marketing Manager,Education,4.3,Jaipur,Full-time,Startup (1-50),On-site,759092.41,"Communication, JavaScript, Project Management, Machine Learning, Excel",3,1,948479.0
30,Female,Master's,Customer Support Executive,Information Technology,2.2,Hyderabad,Full-time,Enterprise (5000+),Remote,726780.69,"Cloud Computing, Excel, Communication, Data Analysis",2,1,918249.74
31,Male,Master's,Graphic Designer,Education,2.5,Ahmedabad,Contract,Enterprise (5000+),Hybrid,241546.45,"SQL, Excel",0,0,544069.54
24,Male,PhD,Operations Manager,Healthcare,6.2,Chennai,Full-time,Enterprise (5000+),Hybrid,1829441.58,"Leadership, JavaScript, Project Management, Python",0,1,3219776.43
22,Female,Diploma,Executive Director,Education,0.4,Kolkata,Full-time,Startup (1-50),On-site,2056445.71,"SQL, Data Analysis, Cloud Computing",3,1,2649768.84
27,Male,Bachelor's,Customer Support Executive,Media,2.9,Remote (India),Contract,Large (1000-5000),On-site,296032.51,"JavaScript, Communication, Project Management",2,0,414094.79
30,Female,Master's,Project Manager,Media,6.4,Mumbai,Full-time,Medium (201-1000),Remote,1136982.13,"Communication, C++, SQL",0,1,2294501.6
21,Other,High School,Financial Analyst,Telecommunications,3.3,Mumbai,Full-time,Startup (1-50),Hybrid,627402.11,"Machine Learning, C++",3,0,745216.97
22,Female,Bachelor's,Marketing Manager,Education,1.4,Chennai,Contract,Medium (201-1000),Remote,941255.33,"Java, Cloud Computing, Project Management, Leadership, C++",1,1,1208661.8
47,Female,Master's,HR Manager,Retail,20.6,Delhi NCR,Full-time,Enterprise (5000+),Remote,1321050.38,"JavaScript, Machine Learning, Excel, Cloud Computing, SQL",0,1,3218614.59
27,Female,Master's,Operations Manager,Government,5.3,Kolkata,Full-time,Large (1000-5000),On-site,1340551.62,"Leadership, JavaScript, Communication, Project Management",3,1,2004002.65
31,Male,Master's,Data Analyst,Manufacturing,1.5,Jaipur,Freelance,Medium (201-1000),Remote,524327.98,"Machine Learning, Leadership, C++",0,0,615669.14
21,Male,High School,Accountant,Education,2.3,Chennai,Full-time,Enterprise (5000+),On-site,215360.9,"Communication, SQL, Machine Learning, Leadership",0,1,571866.35
34,Female,Bachelor's,DevOps Engineer,Information Technology,7.9,Delhi NCR,Full-time,Enterprise (5000+),Hybrid,2341368.39,"Communication, Project Management, Java",1,0,2913826.96
43,Male,High School,Graphic Designer,Manufacturing,18.2,Delhi NCR,Full-time,Large (1000-5000),On-site,599865.38,"C++, Java, SQL, Machine Learning",1,0,810456.47
29,Female,Bachelor's,Project Manager,Education,6.6,Hyderabad,Full-time,Small (51-200),Remote,1266917.0,"Project Management, Leadership",0,1,1335839.5
37,Female,Bachelor's,Administrative Assistant,Government,6.3,Chennai,Full-time,Large (1000-5000),Remote,331337.45,"Communication, Data Analysis, Leadership",0,0,349895.56
24,Female,Diploma,Senior Software Engineer,Media,4.2,Chennai,Full-time,Medium (201-1000),Hybrid,1468875.08,"Communication, Java, Project Management",1,0,1860307.76
29,Male,Bachelor's,Sales Executive,Education,9.1,Chennai,Full-time,Small (51-200),Hybrid,588601.16,"JavaScript, Project Management, SQL, Python",2,0,596454.9
30,Male,Bachelor's,QA Engineer,Finance,5.1,Jaipur,Full-time,Small (51-200),Remote,500393.35,"Project Management, Leadership, Data Analysis, Excel, C++",2,0,822953.33
36,Other,High School,Customer Support Executive,Media,7.1,Chennai,Contract,Medium (201-1000),On-site,231807.57,"C++, Python, Excel, Cloud Computing, Data Analysis",0,0,352602.68
31,Female,High School,Business Analyst,Media,9.7,Ahmedabad,Full-time,Startup (1-50),Remote,430833.79,"JavaScript, Java, Machine Learning, Leadership",1,0,528700.81
29,Male,Diploma,Executive Director,Education,5.2,Remote (India),Full-time,Enterprise (5000+),On-site,2412508.81,"Machine Learning, Data Analysis, SQL, JavaScript",0,1,4058958.26
38,Female,Diploma,UX Designer,Media,6.8,Bangalore,Freelance,Small (51-200),Remote,730866.39,"SQL, JavaScript, Excel, Project Management",3,0,839424.18
29,Female,Master's,QA Engineer,Information Technology,4.7,Remote (India),Full-time,Medium (201-1000),Hybrid,1244772.68,"C++, Excel, Cloud Computing, Project Management, Machine Learning",0,1,1442360.16
30,Male,Bachelor's,Graphic Designer,Information Technology,10.7,Pune,Full-time,Medium (201-1000),On-site,615525.84,"Machine Learning, Data Analysis, SQL, Excel, Project Management",1,0,937535.27
30,Male,Diploma,Sales Executive,Retail,4.7,Ahmedabad,Full-time,Startup (1-50),Hybrid,378840.9,"Machine Learning, Python, Project Management",1,0,382667.57
21,Female,Master's,Data Scientist,Education,5.0,Pune,Full-time,Medium (201-1000),Remote,1318175.7,"Machine Learning, Java, Cloud Computing, Excel, C++",0,0,1930143.15
42,Male,Master's,Business Analyst,Education,12.7,Pune,Full-time,Startup (1-50),Hybrid,1021551.48,"SQL, Data Analysis, JavaScript, Python",3,0,1077805.14
27,Male,Bachelor's,Graphic Designer,Government,0.5,Ahmedabad,Full-time,Startup (1-50),Hybrid,374752.57,"JavaScript, Leadership, Data Analysis, SQL, Project Management",1,0,394754.51
33,Female,Bachelor's,QA Engineer,Education,4.3,Hyderabad,Full-time,Medium (201-1000),On-site,686379.0,"JavaScript, Data Analysis",1,0,788196.72
29,Male,Bachelor's,Product Manager,Government,2.3,Kolkata,Part-time,Medium (201-1000),Remote,782661.32,"Python, JavaScript, Data Analysis",2,1,1252073.7
37,Male,Bachelor's,Project Manager,Healthcare,11.9,Delhi NCR,Full-time,Medium (201-1000),Remote,1957389.41,"Data Analysis, Excel",2,1,2177449.83
37,Male,Bachelor's,HR Manager,Healthcare,1.1,Bangalore,Full-time,Small (51-200),Hybrid,1407340.41,"Project Management, Machine Learning, C++",0,1,1653373.95
24,Female,Bachelor's,Accountant,Manufacturing,2.6,Hyderabad,Full-time,Startup (1-50),On-site,520264.42,"Java, Cloud Computing, Python, SQL",3,0,652592.35
37,Female,Master's,DevOps Engineer,Retail,10.7,Delhi NCR,Full-time,Startup (1-50),On-site,2057951.1,"Cloud Computing, JavaScript",0,0,2078738.49
37,Female,Master's,UX Designer,Consulting,13.4,Hyderabad,Full-time,Enterprise (5000+),On-site,1716475.6,"JavaScript, Java, Leadership, Project Management",2,0,2519681.45
39,Male,Master's,Sales Executive,Finance,12.2,Kolkata,Full-time,Startup (1-50),Hybrid,730264.16,"C++, Communication, Leadership",1,0,906955.87
42,Female,Bachelor's,Content Writer,Retail,16.4,Kolkata,Full-time,Enterprise (5000+),Remote,381460.31,"Leadership, Java, Excel, Python",2,0,855647.92
31,Male,PhD,Sales Executive,Healthcare,7.1,Delhi NCR,Full-time,Enterprise (5000+),Hybrid,1066362.62,"Data Analysis, Machine Learning",3,1,1939621.32
37,Female,Master's,Customer Support Executive,Retail,10.0,Ahmedabad,Full-time,Medium (201-1000),On-site,282317.51,"Excel, Leadership, SQL",2,0,445100.32
29,Female,Master's,Executive Director,Media,4.3,Kolkata,Contract,Startup (1-50),Hybrid,3107036.84,"Communication, Data Analysis, Excel, Project Management, Cloud Computing",1,1,4310301.22
45,Female,High School,Research Scientist,Information Technology,12.5,Pune,Full-time,Small (51-200),Remote,1492561.46,"Project Management, JavaScript",3,0,1965301.12
29,Female,Master's,Research Scientist,Consulting,1.4,Jaipur,Part-time,Large (1000-5000),On-site,,"Excel, Communication, Cloud Computing, C++, Leadership",3,0,1218621.61
29,Male,Master's,Content Writer,Manufacturing,4.8,Mumbai,Full-time,Enterprise (5000+),Remote,402500.16,"Communication, Machine Learning",0,0,921844.32
27,Male,High School,Software Engineer,Consulting,3.0,Delhi NCR,Full-time,Medium (201-1000),Hybrid,483126.33,"Java, Project Management, SQL, Cloud Computing",0,0,1054919.95
34,Male,Master's,Marketing Manager,Retail,11.6,Delhi NCR,Full-time,Medium (201-1000),Remote,1776961.61,"Java, SQL",2,1,2035048.55
27,Female,High School,Project Manager,Telecommunications,3.1,Remote (India),Full-time,Small (51-200),Remote,933858.18,"Machine Learning, C++",3,1,1193231.05
21,Female,Bachelor's,Content Writer,Consulting,3.3,Ahmedabad,Full-time,Small (51-200),Remote,336866.17,"SQL, C++",2,0,457440.16
37,Female,Diploma,UX Designer,Media,8.5,Ahmedabad,Full-time,Medium (201-1000),Remote,1000188.49,"Leadership, SQL, Java, JavaScript",3,1,1212969.0
33,Male,Bachelor's,Administrative Assistant,Consulting,8.0,Ahmedabad,Full-time,Small (51-200),Remote,325696.03,"SQL, C++",3,0,366267.12
27,Female,Diploma,HR Executive,Manufacturing,5.3,Mumbai,Full-time,Startup (1-50),Hybrid,490852.31,"Communication, Project Management, Python, Leadership, Excel",3,0,506305.22
29,Female,Bachelor's,Project Manager,Manufacturing,5.4,Pune,Full-time,Startup (1-50),Remote,1043773.71,"Data Analysis, SQL, Java",0,1,1361388.19
36,Male,High School,QA Engineer,Education,10.5,Mumbai,Full-time,Enterprise (5000+),Remote,639769.22,"C++, Machine Learning, Leadership",2,0,933148.36
52,Male,Master's,Data Scientist,Consulting,20.3,Jaipur,Full-time,Small (51-200),On-site,2149670.03,"C++, Machine Learning, Excel, Project Management, Data Analysis",0,0,2200983.17
23,Male,Bachelor's,Project Manager,Media,1.9,Hyderabad,Freelance,Large (1000-5000),On-site,944969.16,"Excel, Python, Data Analysis, Cloud Computing, Leadership",3,1,1593606.92
36,Male,Bachelor's,UX Designer,Retail,7.4,Remote (India),Freelance,Medium (201-1000),On-site,642282.89,"Excel, JavaScript, SQL",2,0,928033.57
34,Male,PhD,Business Analyst,Manufacturing,2.3,Kolkata,Full-time,Enterprise (5000+),Remote,1029312.32,"Python, JavaScript, Excel, Cloud Computing, C++",3,0,1466440.84
35,Female,High School,Data Analyst,Consulting,9.8,Remote (India),Full-time,Large (1000-5000),Hybrid,432032.87,"Leadership, Data Analysis, Project Management, C++",3,0,964086.76
23,Male,Diploma,Research Scientist,Education,2.0,Hyderabad,Full-time,Startup (1-50),Remote,908297.04,"Leadership, Python, Project Management, Cloud Computing",3,0,1143666.02
29,Female,Master's,Product Manager,Healthcare,5.5,Mumbai,Full-time,Enterprise (5000+),Remote,2686148.67,"Cloud Computing, Project Management",0,1,5037720.02
35,Female,Diploma,Sales Executive,Retail,12.9,Delhi NCR,Full-time,Enterprise (5000+),Remote,317487.91,"Data Analysis, Leadership, Machine Learning",1,0,946921.04
28,Male,Master's,Customer Support Executive,Finance,5.2,Ahmedabad,Full-time,Medium (201-1000),Hybrid,477354.34,"Machine Learning, JavaScript",1,0,642661.71
28,Male,Bachelor's,Operations Manager,Finance,1.0,Hyderabad,Full-time,Startup (1-50),Hybrid,1276071.84,"Java, Machine Learning, JavaScript, Project Management, Python",1,1,1432046.74
28,Male,Bachelor's,Graphic Designer,Finance,3.9,Mumbai,Full-time,Startup (1-50),Remote,666987.27,"JavaScript, Cloud Computing, Project Management, C++, Leadership",1,0,673724.52
28,Female,Bachelor's,QA Engineer,Government,7.8,Kolkata,Full-time,Large (1000-5000),Remote,440902.05,"Leadership, Data Analysis, C++, Machine Learning",3,0,961290.97
31,Female,Diploma,Software Engineer,Government,4.3,Kolkata,Full-time,Enterprise (5000+),Hybrid,739843.59,"C++, Project Management, Communication, Excel",2,0,952833.66
44,Male,Bachelor's,Executive Director,Healthcare,13.5,Bangalore,Freelance,Startup (1-50),On-site,5090023.36,"Machine Learning, C++",1,1,5275453.38
34,Male,Master's,Customer Support Executive,Healthcare,10.9,Bangalore,Contract,Large (1000-5000),On-site,574941.38,"Java, C++, Communication, SQL, Project Management",3,0,805866.5
35,Male,High School,HR Executive,Government,13.2,Bangalore,Freelance,Medium (201-1000),Remote,301947.06,"Leadership, Java, Excel, Python, Communication",1,0,505502.21
30,Female,Bachelor's,Senior Software Engineer,Telecommunications,3.6,Jaipur,Full-time,Large (1000-5000),On-site,1356473.4,"Python, C++",1,0,1880726.9
35,Female,Bachelor's,Product Manager,Information Technology,7.8,Mumbai,Full-time,Small (51-200),On-site,2949764.02,"Python, Machine Learning, Cloud Computing, JavaScript, C++",0,1,3747466.58
34,Female,Bachelor's,QA Engineer,Healthcare,5.3,Bangalore,Full-time,Startup (1-50),Remote,747075.55,"JavaScript, Java, Leadership",1,0,950054.57
38,Female,Bachelor's,Administrative Assistant,Government,6.7,Bangalore,Full-time,Large (1000-5000),Remote,263142.96,"Java, JavaScript, Communication, Python",3,0,489557.72
31,Male,Master's,Product Manager,Consulting,7.4,Mumbai,Full-time,Enterprise (5000+),On-site,3387236.12,"Communication, Machine Learning, Leadership",1,1,6012321.98
35,Female,Diploma,Financial Analyst,Media,15.7,Remote (India),Full-time,Startup (1-50),On-site,928678.23,"Cloud Computing, SQL, Communication, Python, Leadership",3,1,1010333.54
32,Male,Diploma,Senior Software Engineer,Retail,4.0,Pune,Full-time,Medium (201-1000),On-site,1451301.67,"Cloud Computing, Data Analysis",0,1,1646288.94
38,Male,Bachelor's,Administrative Assistant,Telecommunications,11.9,Hyderabad,Full-time,Enterprise (5000+),Remote,483987.63,"Communication, Leadership",2,0,622761.63
37,Female,Master's,Financial Analyst,Information Technology,6.6,Chennai,Full-time,Startup (1-50),On-site,1150614.19,"Python, Cloud Computing, JavaScript, Project Management",2,0,1162236.56
26,Male,Bachelor's,Administrative Assistant,Finance,3.4,Kolkata,Full-time,Medium (201-1000),Remote,234927.18,"Machine Learning, JavaScript, Project Management, Communication, Excel",1,0,429985.48
31,Male,Bachelor's,Data Scientist,Finance,7.7,Delhi NCR,Contract,Small (51-200),Remote,2040263.82,"Project Management, Leadership, Java, Machine Learning",3,1,2151041.58
43,Male,Bachelor's,Business Analyst,Information Technology,,Kolkata,Full-time,Medium (201-1000),On-site,925199.92,"Communication, JavaScript, SQL",1,0,1190261.15
29,Female,Diploma,UX Designer,Finance,4.3,Bangalore,Full-time,Large (1000-5000),Hybrid,904308.58,"Project Management, Communication, C++, JavaScript",1,0,1511644.09
36,Female,Bachelor's,Content Writer,Information Technology,9.6,Delhi NCR,Full-time,Large (1000-5000),Hybrid,649177.18,"Machine Learning, Communication",0,0,1004242.9
26,Male,Diploma,HR Executive,Finance,2.9,Remote (India),Full-time,Enterprise (5000+),On-site,493067.7,"Leadership, Machine Learning",1,0,551449.5
25,Male,Master's,Data Scientist,Manufacturing,1.7,Chennai,Full-time,Small (51-200),Hybrid,1336096.49,"JavaScript, Project Management, Data Analysis, Java, Machine Learning",0,0,1737848.05
29,Male,Bachelor's,Administrative Assistant,Information Technology,4.5,Kolkata,Full-time,Startup (1-50),Hybrid,343350.78,"C++, Java",0,0,391086.94
43,Other,Bachelor's,DevOps Engineer,Manufacturing,10.8,Bangalore,Full-time,Medium (201-1000),Remote,1984408.65,"SQL, Project Management",3,0,2437460.07
33,Female,Diploma,Sales Executive,Government,4.2,Delhi NCR,Full-time,Enterprise (5000+),Remote,446774.22,"Java, C++, JavaScript, Project Management",2,0,779443.64
25,Female,Diploma,HR Executive,Information Technology,4.9,Bangalore,Full-time,Startup (1-50),Hybrid,577109.01,"JavaScript, Machine Learning, SQL, Data Analysis, Java",3,0,674407.24
27,Male,Bachelor's,Sales Manager,Education,3.2,Jaipur,Full-time,Startup (1-50),Remote,832855.43,"Data Analysis, Excel, JavaScript, Cloud Computing, Project Management",2,1,1095673.22
31,Male,Master's,QA Engineer,Government,8.1,Hyderabad,Full-time,Small (51-200),Remote,768108.94,"Project Management, SQL",3,0,938659.59
37,Male,Diploma,UX Designer,Retail,7.1,Kolkata,Full-time,Large (1000-5000),On-site,749631.6,"Leadership, SQL, Data Analysis, Java",2,0,999647.95
31,Male,PhD,Research Scientist,Government,7.9,Remote (India),Full-time,Small (51-200),Remote,1647541.9,"Data Analysis, C++, Leadership, Machine Learning, Python",2,0,2571638.24
27,Female,Diploma,Content Writer,Manufacturing,3.9,Bangalore,Contract,Small (51-200),Hybrid,395774.96,"C++, Java, Excel",2,0,429308.14
35,Male,High School,Business Analyst,Telecommunications,7.7,Bangalore,Full-time,Enterprise (5000+),On-site,513240.36,"Cloud Computing, SQL, Data Analysis, Machine Learning, Leadership",0,0,1149252.14
23,Female,Bachelor's,Project Manager,Information Technology,5.1,Remote (India),Full-time,Small (51-200),Hybrid,1155792.91,"Python, C++, Cloud Computing, SQL, Communication",2,1,1930797.85
24,Male,Bachelor's,Software Engineer,Retail,7.7,Kolkata,Full-time,Large (1000-5000),Remote,943176.47,"SQL, Communication",2,0,1147463.25
29,Male,Bachelor's,UX Designer,Government,10.2,Delhi NCR,Full-time,Medium (201-1000),Remote,1241714.01,"Excel, Machine Learning, Python",0,0,1254256.57
33,Male,High School,Senior Software Engineer,Education,6.7,Ahmedabad,Freelance,Large (1000-5000),On-site,554701.28,"Project Management, SQL, JavaScript",2,0,989974.51
22,Male,Bachelor's,UX Designer,Retail,0.4,Kolkata,Contract,Enterprise (5000+),Remote,660837.5,"Java, C++",2,1,1047334.5
34,Male,High School,Product Manager,Government,4.9,Ahmedabad,Full-time,Large (1000-5000),On-site,1118364.01,"Project Management, Communication",1,1,1899376.9
32,Male,Bachelor's,Operations Manager,Education,6.4,Jaipur,Full-time,Medium (201-1000),Remote,871406.77,"Data Analysis, Java, Python",1,1,1133372.49
37,Male,Bachelor's,Marketing Manager,Healthcare,6.5,Remote (India),Full-time,Small (51-200),Hybrid,1385166.34,"Cloud Computing, Excel, Java, Machine Learning, SQL",3,1,1679620.93
35,Other,High School,Research Scientist,Manufacturing,6.6,Delhi NCR,Full-time,Startup (1-50),Hybrid,955949.31,"Cloud Computing, Python, Machine Learning, Excel, Java",0,0,1356881.5
30,Female,High School,DevOps Engineer,Telecommunications,6.8,Remote (India),Full-time,Large (1000-5000),Remote,1245222.21,"JavaScript, Project Management",3,0,1836287.87
27,Female,Bachelor's,HR Executive,Government,4.3,Kolkata,Full-time,Small (51-200),Remote,437970.55,"Communication, Excel, Java, JavaScript",0,1,442394.5
43,Male,Master's,Product Manager,Manufacturing,20.5,Mumbai,Full-time,Enterprise (5000+),On-site,3816917.29,"Excel, Leadership",3,1,6624323.57
44,Male,Bachelor's,Sales Executive,Finance,17.2,Hyderabad,Full-time,Large (1000-5000),Hybrid,990230.98,"Excel, Python, SQL, Leadership",2,0,1253391.35
33,Male,Diploma,HR Executive,Government,11.5,Jaipur,Full-time,Startup (1-50),On-site,357223.41,"Machine Learning, SQL, Data Analysis, Leadership, Python",2,0,360831.73
32,Female,Bachelor's,HR Manager,Telecommunications,6.7,Kolkata,Full-time,Small (51-200),On-site,1117370.86,"Java, Cloud Computing, Leadership",3,1,1370888.08
50,Female,Bachelor's,Software Engineer,Manufacturing,20.5,Delhi NCR,Full-time,Large (1000-5000),Remote,2022074.77,"Project Management, Python, SQL, Cloud Computing",1,1,2167123.96
37,Female,High School,Operations Manager,Retail,5.1,Hyderabad,Full-time,Startup (1-50),Remote,761756.36,"SQL, Project Management, Java",0,1,933464.56
46,Male,Master's,Software Engineer,Telecommunications,18.4,Bangalore,Full-time,Medium (201-1000),On-site,1285141.41,"Communication, Data Analysis, Java, Excel",1,0,1883469.25
27,Male,Diploma,QA Engineer,Government,6.7,Remote (India),Full-time,Large (1000-5000),Remote,614721.89,"Project Management, Cloud Computing, Communication, Python, Leadership",0,1,1070224.34
35,Male,Master's,Content Writer,Information Technology,14.9,Kolkata,Full-time,Startup (1-50),Remote,719924.3,"C++, SQL, Project Management, Leadership",2,1,933296.35
37,Male,Master's,HR Manager,Retail,12.6,Delhi NCR,Full-time,Medium (201-1000),On-site,1235546.06,"Cloud Computing, Data Analysis",0,1,2139997.05
31,Male,Master's,Executive Director,Healthcare,2.4,Bangalore,Full-time,Large (1000-5000),Hybrid,6458654.23,"C++, Communication, Python, JavaScript",2,1,8155527.69
30,Female,Bachelor's,Marketing Manager,Education,7.4,Hyderabad,Freelance,Small (51-200),Hybrid,1129449.17,"C++, Python, Project Management, Cloud Computing",3,1,1354875.52
37,Male,High School,Accountant,Consulting,8.6,Mumbai,Full-time,Medium (201-1000),On-site,526053.2,"Cloud Computing, Excel",3,0,686628.98
26,Other,Diploma,Graphic Designer,Consulting,3.3,Remote (India),Full-time,Large (1000-5000),Hybrid,524917.49,"Communication, SQL, JavaScript",1,0,634656.22
38,Male,High School,Research Scientist,Information Technology,10.5,Pune,Full-time,Small (51-200),Remote,1821418.5,"Python, Machine Learning, Project Management, Data Analysis, Cloud Computing",2,0,1839816.67
27,Female,PhD,Customer Support Executive,Finance,3.5,Delhi NCR,Full-time,Small (51-200),Hybrid,776775.33,"Leadership, Cloud Computing, Java, Communication",3,1,874518.39
28,Male,Bachelor's,HR Manager,Consulting,7.1,Hyderabad,Full-time,Large (1000-5000),Hybrid,1310175.02,"Machine Learning, Java",1,1,1944850.13
30,Female,Bachelor's,QA Engineer,Government,13.2,Ahmedabad,Contract,Startup (1-50),Remote,689459.84,"Communication, Project Management, JavaScript",3,0,711159.71
26,Male,Master's,Operations Manager,Education,1.2,Ahmedabad,Full-time,Startup (1-50),On-site,990116.12,"Python, Data Analysis, Machine Learning",1,1,1146572.81
27,Female,Bachelor's,Research Scientist,Education,5.7,Bangalore,Full-time,Large (1000-5000),On-site,1434367.71,"Cloud Computing, JavaScript, Python, Excel, Machine Learning",0,0,2039885.27
28,Male,High School,Business Analyst,Information Technology,5.1,Bangalore,Full-time,Startup (1-50),Hybrid,549561.8,"Machine Learning, Data Analysis, Excel",3,0,884983.02
42,Male,PhD,Software Engineer,Education,17.5,Hyderabad,Full-time,Medium (201-1000),On-site,1366750.05,"JavaScript, Data Analysis, Excel, Machine Learning, SQL",2,0,1955228.67
31,Male,Master's,Project Manager,Telecommunications,2.7,Chennai,Full-time,Medium (201-1000),Hybrid,1278657.34,"Data Analysis, Excel, Python",0,1,1930683.05
37,Male,Bachelor's,Financial Analyst,Retail,15.2,Chennai,Full-time,Small (51-200),On-site,791917.93,"Project Management, Leadership, JavaScript, Machine Learning, C++",2,0,1092264.8
30,Female,Bachelor's,Business Analyst,Media,,Kolkata,Full-time,Medium (201-1000),Remote,658486.46,"Communication, Machine Learning, Project Management",3,0,920518.92
34,Female,Master's,Sales Manager,Finance,1.3,Kolkata,Full-time,Small (51-200),Hybrid,1636509.58,"JavaScript, Cloud Computing",2,1,1835706.49
26,Female,Bachelor's,Business Analyst,Manufacturing,2.1,Ahmedabad,Full-time,Small (51-200),Hybrid,515764.15,"Excel, Python, Leadership, Machine Learning",1,0,687530.06
26,Female,Bachelor's,Executive Director,Government,6.9,Ahmedabad,Part-time,Medium (201-1000),Hybrid,1481620.61,"Data Analysis, Excel, Communication, JavaScript, Java",2,1,2255846.8
38,Male,Bachelor's,Content Writer,Media,13.6,Jaipur,Full-time,Startup (1-50),On-site,403760.67,"Cloud Computing, Communication, C++",0,0,407839.06
40,Female,Master's,Sales Manager,Government,11.3,Jaipur,Full-time,Small (51-200),Remote,1253373.52,"Data Analysis, Excel, SQL, Leadership, Java",1,1,1844785.06
26,Male,Master's,Marketing Manager,Government,1.7,Jaipur,Full-time,Medium (201-1000),On-site,944433.87,"Leadership, JavaScript, C++",3,1,1099606.59
32,Male,High School,Financial Analyst,Finance,1.4,Mumbai,Contract,Enterprise (5000+),Hybrid,570965.82,"Data Analysis, SQL",3,0,1091201.16
32,Male,Master's,HR Executive,Information Technology,7.0,Hyderabad,Full-time,Enterprise (5000+),Hybrid,635828.29,"C++, Machine Learning, Data Analysis",2,0,1062548.04
27,Female,High School,Content Writer,Media,10.0,Hyderabad,Full-time,Enterprise (5000+),Hybrid,407696.82,"Cloud Computing, Communication",1,0,575261.22
42,Male,Bachelor's,Marketing Manager,Government,18.2,Ahmedabad,Full-time,Startup (1-50),On-site,1341645.44,"Python, SQL, C++, Cloud Computing",1,1,1523744.48
44,Male,Master's,Business Analyst,Finance,14.1,Kolkata,Full-time,Large (1000-5000),On-site,925575.47,"C++, Data Analysis, Machine Learning, Cloud Computing",0,1,1884337.02
36,Female,Master's,Software Engineer,Retail,7.0,Jaipur,Full-time,Small (51-200),Remote,935767.75,"Project Management, SQL, Python",2,0,945219.95
34,Male,Master's,UX Designer,Telecommunications,6.4,Pune,Full-time,Startup (1-50),Remote,1140224.48,"Excel, Leadership, JavaScript",0,0,1151741.9
25,Female,Diploma,Data Analyst,Healthcare,7.8,Remote (India),Part-time,Startup (1-50),Remote,325944.48,"Excel, Project Management",0,0,329236.85
32,Male,Master's,UX Designer,Finance,4.8,Delhi NCR,Full-time,Medium (201-1000),On-site,1655365.45,"Leadership, JavaScript, Project Management, Excel, SQL",3,1,2231182.54
32,Male,Bachelor's,Research Scientist,Retail,5.4,Remote (India),Full-time,Startup (1-50),Hybrid,1005542.21,"Leadership, Communication, Python, Machine Learning",1,0,1451051.54
42,Female,Master's,Software Engineer,Manufacturing,11.0,Mumbai,Full-time,Medium (201-1000),Remote,1561279.07,"Java, Machine Learning, SQL",2,0,1882273.23
29,Female,Master's,Data Scientist,Government,4.7,Ahmedabad,Full-time,Enterprise (5000+),On-site,1128371.88,"JavaScript, Machine Learning",1,0,1784651.47
39,Female,Master's,Operations Manager,Telecommunications,6.6,Hyderabad,Full-time,Small (51-200),Remote,2044978.57,"Cloud Computing, Project Management, Machine Learning, Data Analysis, Python",0,1,2542099.05
29,Male,Bachelor's,Customer Support Executive,Consulting,5.1,Kolkata,Full-time,Small (51-200),Hybrid,338183.19,"Excel, Leadership",1,0,393227.32
36,Male,Master's,Senior Software Engineer,Information Technology,5.8,Mumbai,Full-time,Enterprise (5000+),Hybrid,1790255.46,"JavaScript, Excel, Communication",0,0,4567796.7
24,Female,PhD,Senior Software Engineer,Consulting,2.4,Chennai,Full-time,Medium (201-1000),Hybrid,1931984.92,"C++, Cloud Computing, Data Analysis, JavaScript",3,0,3080105.75
31,Female,Bachelor's,Accountant,Healthcare,4.4,Delhi NCR,Full-time,Large (1000-5000),Remote,519383.37,"JavaScript, Java",1,0,829230.39
23,Female,Bachelor's,UX Designer,Media,1.6,Mumbai,Part-time,Small (51-200),Remote,555731.34,"Data Analysis, Excel, Communication, JavaScript, C++",2,0,635979.89
35,Female,Master's,DevOps Engineer,Information Technology,,Mumbai,Full-time,Small (51-200),Hybrid,2777465.2,"Machine Learning, C++",3,0,3603693.46
25,Male,Master's,Operations Manager,Government,2.8,Remote (India),Full-time,Medium (201-1000),Hybrid,1262029.54,"Communication, Cloud Computing, Project Management",3,1,1620678.28
35,Female,Bachelor's,Administrative Assistant,Manufacturing,5.4,Bangalore,Full-time,Startup (1-50),On-site,436373.63,"Data Analysis, SQL, Leadership, Communication, Machine Learning",3,1,464631.07
33,Male,Bachelor's,Administrative Assistant,Government,7.4,Bangalore,Full-time,Small (51-200),Hybrid,287592.29,"C++, Communication, SQL, Java",2,0,401748.36
31,Male,Bachelor's,HR Manager,Telecommunications,7.3,Chennai,Full-time,Large (1000-5000),Remote,1037941.31,"Machine Learning, Cloud Computing, Project Management",2,1,1726732.11
31,Female,Master's,Sales Executive,Finance,4.4,Pune,Full-time,Small (51-200),Remote,616509.67,"Communication, JavaScript, Java",0,0,849532.85
33,Female,High School,Sales Manager,Education,10.1,Pune,Full-time,Large (1000-5000),Remote,838581.58,"Excel, Leadership, Data Analysis",0,1,1343627.4
30,Male,Master's,Financial Analyst,Retail,4.0,Mumbai,Full-time,Small (51-200),Remote,1205690.36,"SQL, Data Analysis, Leadership, Java",0,1,1217869.06
33,Male,Master's,Operations Manager,Healthcare,7.7,Chennai,Full-time,Large (1000-5000),Remote,1390470.27,"Excel, Cloud Computing, SQL",2,1,2573400.88
32,Male,Bachelor's,Content Writer,Education,8.4,Delhi NCR,Full-time,Medium (201-1000),On-site,439012.28,"SQL, Communication, C++, Leadership",0,0,570645.22
27,Female,Bachelor's,Sales Executive,Media,7.6,Jaipur,Full-time,Small (51-200),Hybrid,358487.12,"Data Analysis, Machine Learning, Project Management",1,0,539064.99
44,Male,High School,Sales Executive,Retail,14.7,Remote (India),Full-time,Small (51-200),On-site,440500.78,"SQL, Communication",1,0,452096.77
26,Male,Bachelor's,UX Designer,Healthcare,7.0,Hyderabad,Contract,Small (51-200),Remote,828118.72,"JavaScript, Leadership, Data Analysis",3,0,1455217.2
32,Male,Bachelor's,DevOps Engineer,Media,5.5,Remote (India),Full-time,Enterprise (5000+),On-site,1156581.29,"Leadership, Excel, Data Analysis, Cloud Computing, Machine Learning",3,0,2498757.92
26,Female,Bachelor's,Product Manager,Finance,6.8,Delhi NCR,Full-time,Enterprise (5000+),Remote,2610380.26,"Project Management, Communication, SQL, Excel",2,1,4012069.54
26,Male,Bachelor's,Research Scientist,Information Technology,4.2,Chennai,Full-time,Small (51-200),Hybrid,1819628.04,"Cloud Computing, Excel, Project Management, Communication",3,0,1838008.12
35,Female,Master's,Sales Executive,Telecommunications,7.2,Delhi NCR,Full-time,Startup (1-50),Remote,713197.79,"Cloud Computing, Excel, Communication, Data Analysis",0,0,904506.13
32,Female,Master's,Product Manager,Telecommunications,4.5,Kolkata,Contract,Medium (201-1000),On-site,1159106.25,"Machine Learning, Leadership, Project Management, Java, Python",2,1,2739254.63
29,Male,High School,Financial Analyst,Manufacturing,7.1,Bangalore,Full-time,Small (51-200),Hybrid,607869.28,"Excel, Machine Learning",2,0,854497.74
37,Male,Diploma,HR Manager,Education,10.7,Delhi NCR,Full-time,Enterprise (5000+),On-site,869641.29,"Java, Project Management, SQL",1,1,1726033.58
28,Female,Master's,Data Analyst,Media,4.6,Ahmedabad,Full-time,Large (1000-5000),Remote,703401.55,"Data Analysis, Machine Learning",3,1,1120983.98
32,Female,Diploma,Financial Analyst,Government,4.7,Kolkata,Contract,Small (51-200),On-site,496854.66,"Communication, Java, Project Management",1,0,624560.62
37,Female,Bachelor's,Software Engineer,Government,9.6,Ahmedabad,Full-time,Startup (1-50),On-site,709091.64,"Communication, Cloud Computing",1,0,941878.38
43,Female,Master's,Marketing Manager,Education,17.6,Remote (India),Full-time,Startup (1-50),On-site,1352187.43,"Excel, Python, Cloud Computing",1,1,1782432.88
23,Male,Bachelor's,Graphic Designer,Telecommunications,3.1,Ahmedabad,Full-time,Medium (201-1000),Hybrid,322030.83,"Cloud Computing, Excel, Machine Learning, C++",3,0,586484.2
29,Male,Master's,Data Analyst,Finance,4.4,Kolkata,Full-time,Medium (201-1000),On-site,852906.01,"Java, Leadership",3,0,1087910.52
34,Male,Master's,Business Analyst,Education,6.6,Remote (India),Part-time,Medium (201-1000),Remote,492161.82,"Machine Learning, SQL, Java, Excel",2,0,563790.04
27,Male,Diploma,QA Engineer,Government,3.4,Delhi NCR,Full-time,Large (1000-5000),Remote,673419.93,"Leadership, C++, JavaScript",0,0,897801.88
36,Male,Diploma,Product Manager,Education,13.9,Delhi NCR,Contract,Enterprise (5000+),Hybrid,1385267.64,"Machine Learning, Python, Leadership, Communication",1,1,2993701.32
26,Male,Bachelor's,HR Manager,Government,6.0,Hyderabad,Full-time,Small (51-200),On-site,1290923.35,"Data Analysis, Project Management, C++, JavaScript",3,1,1356125.25
33,Male,Bachelor's,Customer Support Executive,Retail,4.7,Pune,Contract,Medium (201-1000),Hybrid,343282.02,"Cloud Computing, Data Analysis, Leadership",0,1,428382.94
41,Female,Bachelor's,Content Writer,Education,13.7,Ahmedabad,Full-time,Enterprise (5000+),On-site,476612.62,"SQL, Data Analysis, Communication",3,1,721618.31
32,Male,High School,HR Manager,Education,2.8,Jaipur,Full-time,Large (1000-5000),Hybrid,546117.44,"Cloud Computing, Java",0,1,888835.24
47,Male,Bachelor's,Senior Software Engineer,Government,18.9,Pune,Contract,Small (51-200),Remote,2111485.58,"C++, Excel",1,0,2132813.71
34,Male,PhD,Executive Director,Finance,8.1,Mumbai,Contract,Startup (1-50),Hybrid,5705940.52,"SQL, Cloud Computing, Leadership, Communication",1,1,7143083.05
39,Other,Master's,Graphic Designer,Healthcare,3.2,Remote (India),Full-time,Startup (1-50),Remote,585060.39,"Java, Cloud Computing, JavaScript",0,0,653634.9
23,Female,Master's,Project Manager,Consulting,3.6,Kolkata,Full-time,Medium (201-1000),Hybrid,1570013.62,"SQL, Cloud Computing, Communication",0,1,1859594.42
40,Female,Bachelor's,Research Scientist,Consulting,13.5,Kolkata,Full-time,Startup (1-50),On-site,1675524.78,"Project Management, C++",2,0,1692449.27
31,Male,Bachelor's,Sales Executive,Information Technology,7.4,Delhi NCR,Full-time,Small (51-200),Hybrid,479349.46,"Data Analysis, Cloud Computing",0,0,929053.89
29,Male,PhD,Administrative Assistant,Education,2.4,Hyderabad,Full-time,Medium (201-1000),Hybrid,271071.84,"Project Management, Python",1,0,516823.63
27,Female,Master's,QA Engineer,Information Technology,3.3,Remote (India),Freelance,Medium (201-1000),On-site,606909.64,"C++, JavaScript, Communication, SQL, Data Analysis",1,0,1026905.67
22,Male,Master's,Senior Software Engineer,Retail,1.0,Jaipur,Full-time,Enterprise (5000+),Remote,1387089.79,"Excel, Communication, Java",0,0,1828609.75
32,Male,Bachelor's,Customer Support Executive,Media,7.4,Jaipur,Full-time,Startup (1-50),On-site,268162.73,"C++, Communication, Leadership",0,0,328183.56
58,Female,Bachelor's,DevOps Engineer,Retail,26.4,Bangalore,Full-time,Small (51-200),On-site,2325119.0,"Communication, Java",2,1,2947371.84
34,Male,Bachelor's,Customer Support Executive,Finance,,Ahmedabad,Full-time,Enterprise (5000+),On-site,362603.8,"Cloud Computing, JavaScript, Leadership",3,0,649735.61
24,Female,Bachelor's,Content Writer,Consulting,2.2,Kolkata,Full-time,Medium (201-1000),Remote,371355.65,"Leadership, Communication, SQL, C++, Project Management",2,0,586150.05
32,Female,Bachelor's,Content Writer,Government,4.1,Ahmedabad,Part-time,Startup (1-50),On-site,134199.79,"Data Analysis, Cloud Computing, Project Management, JavaScript, Communication",0,0,180919.78
23,Female,Master's,Software Engineer,Telecommunications,1.9,Delhi NCR,Full-time,Small (51-200),Hybrid,911683.7,"Machine Learning, Java, Python, Data Analysis",0,0,1395296.11
30,Male,Diploma,Customer Support Executive,Media,5.1,Mumbai,Full-time,Large (1000-5000),On-site,292384.8,"Cloud Computing, Leadership",3,0,486307.95
25,Male,Master's,Financial Analyst,Telecommunications,3.3,Chennai,Contract,Large (1000-5000),On-site,722276.5,"SQL, Cloud Computing",2,0,1103880.42
28,Male,PhD,Software Engineer,Education,5.7,Hyderabad,Full-time,Enterprise (5000+),Hybrid,1134925.74,"Python, Leadership, Communication, Java, SQL",3,0,1928818.13
34,Female,Bachelor's,Sales Executive,Retail,7.4,Pune,Part-time,Startup (1-50),Remote,285493.38,"Cloud Computing, SQL, C++",2,0,348137.31
23,Female,Master's,HR Manager,Retail,3.9,Ahmedabad,Part-time,Startup (1-50),Remote,507184.2,"Excel, Project Management, Python, Communication",3,1,732457.18
37,Other,PhD,DevOps Engineer,Education,10.4,Jaipur,Full-time,Medium (201-1000),Remote,2025469.43,"Cloud Computing, C++",1,0,2045928.72
30,Male,Master's,Sales Executive,Retail,8.9,Delhi NCR,Full-time,Startup (1-50),Remote,745015.21,"Java, Machine Learning, JavaScript",1,0,752540.62
28,Male,Bachelor's,Customer Support Executive,Healthcare,4.5,Kolkata,Full-time,Startup (1-50),Hybrid,319811.95,"Machine Learning, Java",3,0,365168.54
30,Male,Master's,Customer Support Executive,Government,4.6,Pune,Full-time,Large (1000-5000),Hybrid,338101.15,"Leadership, SQL, Communication, Python, Machine Learning",3,0,622178.16
31,Female,Bachelor's,Senior Software Engineer,Consulting,8.9,Hyderabad,Full-time,Small (51-200),On-site,1655232.79,"Python, Project Management, Cloud Computing",1,0,2333966.04
30,Female,Master's,Data Scientist,Consulting,4.5,Kolkata,Full-time,Startup (1-50),Hybrid,1349857.51,"Project Management, Communication, C++, Cloud Computing, Data Analysis",3,0,1841657.48
33,Male,Bachelor's,Sales Executive,Media,8.3,Bangalore,Full-time,Startup (1-50),Remote,661372.06,"Python, Leadership, Data Analysis",0,0,668052.58
31,Male,Master's,Executive Director,Consulting,8.6,Kolkata,Full-time,Medium (201-1000),On-site,5615699.25,"Data Analysis, Project Management",1,1,7090533.44
25,Male,Bachelor's,Executive Director,Manufacturing,5.7,Kolkata,Full-time,Large (1000-5000),Hybrid,3126274.73,"Java, JavaScript",0,1,5353038.41
33,Female,Bachelor's,Sales Manager,Manufacturing,8.4,Remote (India),Part-time,Startup (1-50),Remote,669958.38,"JavaScript, Python, Java",1,1,932944.53
29,Male,Master's,Operations Manager,Consulting,6.1,Pune,Full-time,Startup (1-50),Remote,1836114.22,"JavaScript, Cloud Computing",3,1,1854660.83
32,Female,Master's,HR Executive,Government,9.8,Chennai,Full-time,Small (51-200),Remote,570293.27,"Excel, Python, JavaScript",1,1,758232.17
32,Female,Bachelor's,Administrative Assistant,Government,6.9,Jaipur,Full-time,Large (1000-5000),On-site,156462.71,"C++, Java",0,0,317261.62
21,Female,Diploma,Customer Support Executive,Information Technology,1.8,Delhi NCR,Full-time,Startup (1-50),On-site,289260.61,"Machine Learning, Communication",0,0,343180.75
22,Female,Master's,Graphic Designer,Retail,0.9,Bangalore,Full-time,Small (51-200),Hybrid,553492.64,"Leadership, Python, Project Management",2,0,599896.21
36,Female,Master's,Software Engineer,Media,1.1,Chennai,Full-time,Startup (1-50),Remote,689661.78,"SQL, Communication, Leadership, Excel",3,0,1067874.37
41,Male,Bachelor's,Operations Manager,Retail,12.2,Jaipur,Full-time,Small (51-200),Remote,985037.02,"Java, Project Management, Leadership, JavaScript",3,1,1329449.04
29,Male,Bachelor's,QA Engineer,Media,2.1,Jaipur,Full-time,Medium (201-1000),On-site,564942.18,"SQL, Machine Learning, C++, Communication",1,0,717021.48
34,Male,Diploma,Data Analyst,Education,6.4,Jaipur,Full-time,Medium (201-1000),On-site,287362.39,"Leadership, Cloud Computing, Excel, Project Management, Machine Learning",3,0,557829.3
51,Male,Bachelor's,Customer Support Executive,Government,28.0,Mumbai,Full-time,Small (51-200),Hybrid,460601.8,"C++, Leadership, Python, Data Analysis",2,1,936290.09
32,Male,Master's,Product Manager,Manufacturing,4.6,Pune,Full-time,Small (51-200),Hybrid,1439529.14,"C++, Data Analysis",0,1,2883259.31
31,Male,Bachelor's,Data Scientist,Government,6.2,Jaipur,Full-time,Enterprise (5000+),Remote,982425.78,"JavaScript, Machine Learning, Communication",3,0,1671415.63
34,Female,Bachelor's,HR Manager,Information Technology,11.5,Chennai,Full-time,Large (1000-5000),On-site,1423187.46,"Excel, Leadership, JavaScript, Project Management, Python",1,1,2270906.79
40,Male,Bachelor's,Business Analyst,Education,10.3,Ahmedabad,Full-time,Enterprise (5000+),Hybrid,740029.51,"SQL, JavaScript, Communication, Excel, C++",0,0,917091.72
39,Female,Bachelor's,Administrative Assistant,Consulting,10.8,Pune,Full-time,Startup (1-50),Hybrid,377289.43,"Data Analysis, JavaScript, Communication, Cloud Computing, Leadership",2,0,495755.93
29,Male,PhD,Sales Manager,Government,3.6,Chennai,Full-time,Small (51-200),On-site,1416014.95,"Data Analysis, Project Management, SQL, Machine Learning",1,1,2047339.44
32,Female,PhD,UX Designer,Government,6.1,Kolkata,Full-time,Startup (1-50),Hybrid,1144938.05,"Data Analysis, Python, Excel, Machine Learning",2,1,1316397.75
29,Female,Diploma,Financial Analyst,Healthcare,4.5,Chennai,Full-time,Startup (1-50),Hybrid,812278.08,"JavaScript, Machine Learning, Java",0,0,901692.8
31,Female,Diploma,Project Manager,Healthcare,10.2,Pune,Full-time,Enterprise (5000+),On-site,1207604.88,"Excel, Communication",3,1,2015923.62
35,Female,Diploma,DevOps Engineer,Manufacturing,10.2,Jaipur,Full-time,Startup (1-50),On-site,1149066.32,"SQL, Java, Python, Communication, JavaScript",2,0,1410442.98
29,Male,Bachelor's,Executive Director,Education,6.0,Remote (India),Full-time,Small (51-200),Remote,4345607.41,"SQL, Cloud Computing, Machine Learning, Communication, Project Management",2,1,4389502.43
28,Male,Bachelor's,Graphic Designer,Finance,5.8,Hyderabad,Full-time,Small (51-200),Hybrid,509175.56,"JavaScript, Excel, Machine Learning, Python",0,0,800891.55
37,Female,Master's,Financial Analyst,Media,13.5,Hyderabad,Full-time,Enterprise (5000+),Remote,988780.73,"Project Management, Data Analysis, Java, Machine Learning",2,0,1887112.4
30,Female,Master's,Customer Support Executive,Manufacturing,6.3,Chennai,Full-time,Large (1000-5000),Hybrid,306306.19,"Python, Leadership",2,0,668688.42
30,Male,Bachelor's,Business Analyst,Telecommunications,2.5,Remote (India),Part-time,Small (51-200),Remote,422223.61,"Project Management, JavaScript, Communication",2,1,500295.81
35,Female,Bachelor's,Customer Support Executive,Government,15.0,Chennai,Full-time,Small (51-200),On-site,350890.99,"Cloud Computing, Communication, Machine Learning, SQL, Java",1,0,485796.78
30,Male,Bachelor's,Executive Director,Manufacturing,10.2,Pune,Full-time,Enterprise (5000+),Hybrid,4734741.39,"Java, Project Management, JavaScript, Communication",0,1,7760021.57
29,Male,Master's,Graphic Designer,Media,4.3,Bangalore,Full-time,Large (1000-5000),Hybrid,822536.25,"JavaScript, Communication, Java",0,1,1012913.55
32,Male,Bachelor's,Accountant,Education,6.9,Remote (India),Full-time,Large (1000-5000),Hybrid,432255.16,"Communication, Project Management",2,0,705342.4
25,Male,Master's,Content Writer,Telecommunications,2.9,Mumbai,Contract,Startup (1-50),Remote,473463.07,"Machine Learning, Data Analysis, Leadership, C++, Project Management",3,0,612721.97
30,Male,Master's,Data Analyst,Information Technology,5.8,Chennai,Contract,Large (1000-5000),Hybrid,990510.73,"JavaScript, Project Management, Data Analysis",2,0,1347771.29
26,Female,Bachelor's,Data Scientist,Media,4.6,Chennai,Full-time,Small (51-200),Hybrid,1428850.22,"JavaScript, Machine Learning",0,0,1443283.05
34,Female,Bachelor's,Content Writer,Retail,6.1,Kolkata,Full-time,Medium (201-1000),Hybrid,404703.58,"Communication, C++",2,0,493268.78
34,Male,Master's,Research Scientist,Consulting,9.5,Chennai,Full-time,Medium (201-1000),On-site,3077742.14,"Leadership, Java, Data Analysis, Project Management",2,1,3304022.52
24,Male,Bachelor's,Senior Software Engineer,Education,1.6,Remote (India),Full-time,Startup (1-50),Hybrid,1217055.91,"Excel, Machine Learning, SQL",2,0,1229349.4
31,Male,Bachelor's,Research Scientist,Finance,1.1,Kolkata,Part-time,Startup (1-50),Hybrid,801938.4,"Python, Java",2,0,856859.09
35,Male,High School,Customer Support Executive,Finance,12.2,Bangalore,Full-time,Enterprise (5000+),On-site,315242.29,"Data Analysis, SQL, Project Management, C++, Communication",2,1,788703.35
26,Male,High School,Senior Software Engineer,Retail,3.3,Ahmedabad,Full-time,Small (51-200),On-site,757428.03,"Communication, Python, JavaScript",0,0,933998.55
28,Female,High School,Business Analyst,Telecommunications,3.4,Kolkata,Full-time,Small (51-200),Remote,494110.9,"Java, C++, JavaScript, Data Analysis, Leadership",1,0,616157.26
27,Female,Bachelor's,Marketing Manager,Manufacturing,2.9,Jaipur,Contract,Small (51-200),Remote,918287.8,"SQL, Cloud Computing",1,1,927563.44
37,Male,High School,UX Designer,Manufacturing,17.3,Delhi NCR,Full-time,Small (51-200),On-site,958980.7,"C++, JavaScript",1,0,968667.38
29,Male,Bachelor's,Customer Support Executive,Manufacturing,9.3,Remote (India),Full-time,Medium (201-1000),Hybrid,345041.08,"Project Management, Cloud Computing, Java, SQL, Python",0,0,522448.43
32,Male,Bachelor's,HR Manager,Consulting,3.9,Mumbai,Freelance,Startup (1-50),Remote,1099031.42,"Python, Excel",3,1,1277081.24
32,Female,High School,Graphic Designer,Government,11.1,Ahmedabad,Contract,Small (51-200),Hybrid,308021.69,"Data Analysis, Python, Cloud Computing",0,0,394172.89
23,Female,Diploma,Research Scientist,Education,1.7,Hyderabad,Part-time,Enterprise (5000+),Remote,593011.94,"Java, SQL, JavaScript, Leadership, Excel",2,0,933658.98
45,Male,High School,Research Scientist,Healthcare,16.5,Pune,Part-time,Small (51-200),Hybrid,843712.27,"Communication, Java, Python",1,0,880515.32
39,Female,Diploma,Project Manager,Telecommunications,11.1,Mumbai,Full-time,Large (1000-5000),On-site,1307714.78,"Communication, Project Management",1,1,1885099.76
40,Male,Bachelor's,Administrative Assistant,Consulting,18.4,Delhi NCR,Full-time,Enterprise (5000+),On-site,517279.19,"Project Management, Communication, Python, JavaScript, Machine Learning",2,0,808356.43
38,Male,Bachelor's,Sales Executive,Education,6.5,Hyderabad,Full-time,Enterprise (5000+),Hybrid,326037.07,"Cloud Computing, Project Management, JavaScript, SQL, Communication",1,0,799619.98
35,Female,Master's,Research Scientist,Education,11.5,Kolkata,Full-time,Startup (1-50),Remote,1649904.77,"Cloud Computing, Communication, Leadership, Data Analysis",0,1,2039810.32
21,Male,Diploma,Product Manager,Finance,2.1,Mumbai,Full-time,Enterprise (5000+),Remote,2091117.63,"SQL, C++, Java, Cloud Computing",3,1,3810458.78
39,Female,Bachelor's,Research Scientist,Manufacturing,10.4,Chennai,Full-time,Medium (201-1000),Remote,752640.43,"Cloud Computing, Project Management, SQL, C++, Communication",3,0,2109886.45
30,Female,Bachelor's,Research Scientist,Manufacturing,5.9,Jaipur,Full-time,Enterprise (5000+),Remote,979552.08,"Python, Java",1,0,1885066.14
26,Female,Master's,Financial Analyst,Education,7.3,Hyderabad,Full-time,Startup (1-50),Hybrid,927943.43,"Cloud Computing, Python, Communication",3,0,1088171.53
33,Male,Diploma,Accountant,Consulting,3.2,Ahmedabad,Full-time,Small (51-200),Remote,284777.32,"Python, Project Management, Excel",1,0,418481.31
24,Male,Master's,Graphic Designer,Media,2.8,Delhi NCR,Full-time,Small (51-200),Remote,422923.57,"C++, Machine Learning, Data Analysis, Cloud Computing, Communication",2,0,761789.37
42,Female,Master's,Project Manager,Telecommunications,9.7,Ahmedabad,Full-time,Enterprise (5000+),On-site,1840540.17,"Communication, Project Management, JavaScript, Cloud Computing, Java",1,1,2575639.24
21,Male,Bachelor's,Business Analyst,Education,1.5,Kolkata,Full-time,Large (1000-5000),Hybrid,515111.08,"Project Management, Data Analysis, Python",1,0,769109.13
28,Male,Master's,Sales Manager,Education,4.9,Bangalore,Full-time,Medium (201-1000),Hybrid,848244.42,"Leadership, SQL, JavaScript",0,1,2085260.64
22,Female,Bachelor's,Administrative Assistant,Education,1.9,Bangalore,Contract,Large (1000-5000),On-site,289059.47,"Communication, Machine Learning",0,0,370266.76
26,Female,Bachelor's,Executive Director,Information Technology,5.7,Bangalore,Full-time,Small (51-200),On-site,3929293.88,"Communication, Java",3,1,6943995.15
31,Male,PhD,Operations Manager,Media,4.8,Delhi NCR,Full-time,Startup (1-50),On-site,1778036.65,"Java, Cloud Computing, Leadership, Excel",3,1,2295175.34
32,Male,Bachelor's,Marketing Manager,Retail,9.4,Mumbai,Full-time,Startup (1-50),Remote,1500217.42,"Python, Machine Learning, SQL",3,1,1692155.88
41,Other,Bachelor's,Administrative Assistant,Education,14.5,Mumbai,Full-time,Startup (1-50),Remote,346673.34,"Leadership, Data Analysis, C++, Machine Learning",2,0,367373.04
44,Female,High School,Research Scientist,Information Technology,19.6,Jaipur,Full-time,Enterprise (5000+),On-site,1103786.11,"Machine Learning, Project Management, Data Analysis, Cloud Computing, Leadership",3,0,2475598.54
25,Male,Bachelor's,Product Manager,Education,1.6,Chennai,Full-time,Large (1000-5000),Hybrid,1524199.63,"Excel, Data Analysis, Communication",1,1,2343911.74
33,Female,Master's,Operations Manager,Education,6.4,Kolkata,Full-time,Small (51-200),On-site,985588.35,"Data Analysis, SQL, Python, C++",3,1,1615021.12
45,Female,Bachelor's,Research Scientist,Consulting,19.0,Jaipur,Full-time,Small (51-200),Hybrid,1502936.68,"Project Management, Machine Learning, Communication",2,0,2241217.38
28,Female,Bachelor's,Accountant,Education,2.3,Jaipur,Part-time,Large (1000-5000),Remote,200138.53,"JavaScript, SQL, Machine Learning, C++",3,0,278973.76
33,Female,PhD,DevOps Engineer,Telecommunications,5.6,Mumbai,Full-time,Small (51-200),Hybrid,2311144.88,"JavaScript, Communication, Excel, Cloud Computing, Java",3,0,2636688.42
30,Male,Bachelor's,HR Manager,Education,8.4,Hyderabad,Full-time,Large (1000-5000),On-site,884458.92,"Machine Learning, Excel",1,1,1523137.68
36,Male,Bachelor's,Project Manager,Consulting,13.8,Jaipur,Full-time,Small (51-200),Hybrid,1031087.71,"Python, JavaScript, Project Management, Data Analysis",3,1,1969656.88
32,Male,Master's,Operations Manager,Consulting,4.5,Kolkata,Full-time,Startup (1-50),Remote,1385756.57,"Project Management, Java, Excel, Communication",0,1,1693305.22
34,Male,Master's,Marketing Manager,Finance,7.4,Mumbai,Freelance,Enterprise (5000+),Remote,1528557.38,"Python, JavaScript, Project Management, SQL",2,1,2950818.46
34,Female,Bachelor's,HR Executive,Telecommunications,16.3,Remote (India),Full-time,Medium (201-1000),Hybrid,528371.9,"Project Management, Python, Communication, C++",0,0,729740.69
37,Male,Master's,Operations Manager,Media,3.6,Kolkata,Full-time,Large (1000-5000),Remote,1225363.03,"Python, Project Management, Communication, Leadership",3,1,1922808.74
23,Male,Bachelor's,Financial Analyst,Government,2.6,Kolkata,Full-time,Small (51-200),Hybrid,,"Project Management, Leadership",3,0,733557.71
28,Male,Bachelor's,UX Designer,Education,4.7,Bangalore,Contract,Large (1000-5000),Remote,737502.39,"JavaScript, Communication",2,0,1243686.92
21,Female,Diploma,QA Engineer,Education,1.0,Chennai,Full-time,Enterprise (5000+),On-site,474403.4,"Cloud Computing, SQL, JavaScript, Communication",0,0,632332.39
27,Female,Diploma,Data Analyst,Healthcare,2.8,Bangalore,Full-time,Large (1000-5000),Hybrid,636331.76,"C++, Excel, Java",3,0,886835.41
32,Female,Master's,HR Manager,Government,13.8,Chennai,Full-time,Large (1000-5000),Remote,1774134.91,"Excel, Project Management",0,1,2150771.33
34,Male,PhD,Data Analyst,Information Technology,13.1,Pune,Full-time,Medium (201-1000),Remote,1502833.39,"Excel, JavaScript, Leadership",1,1,2072040.68
34,Female,High School,Accountant,Media,8.0,Hyderabad,Full-time,Small (51-200),Remote,470744.5,"Machine Learning, Cloud Computing, Communication, JavaScript",2,0,487035.6
37,Male,Bachelor's,Executive Director,Consulting,9.4,Jaipur,Contract,Large (1000-5000),Hybrid,2804698.55,"Java, Communication, SQL, Project Management, Leadership",1,1,5712833.49
28,Female,Bachelor's,Operations Manager,Consulting,3.6,Bangalore,Full-time,Medium (201-1000),Hybrid,1783314.97,"Data Analysis, Leadership, SQL, Project Management, Python",1,1,2189460.68
33,Female,Bachelor's,DevOps Engineer,Healthcare,8.8,Mumbai,Full-time,Medium (201-1000),Hybrid,1390557.5,"Excel, JavaScript",1,0,2626258.79
35,Male,Master's,QA Engineer,Finance,3.4,Jaipur,Full-time,Large (1000-5000),Hybrid,534844.79,"Java, Cloud Computing",2,0,1356579.46
28,Male,Master's,Administrative Assistant,Information Technology,4.6,Chennai,Full-time,Enterprise (5000+),Remote,332467.62,"Leadership, Data Analysis, Java, Cloud Computing, SQL",1,1,915772.92
31,Female,Bachelor's,Business Analyst,Media,7.7,Delhi NCR,Full-time,Enterprise (5000+),Remote,990788.72,"Leadership, SQL, Project Management",3,0,1297705.3
35,Female,High School,Operations Manager,Healthcare,13.4,Kolkata,Full-time,Medium (201-1000),Remote,616781.95,"JavaScript, Machine Learning, C++, Java, SQL",1,1,1525094.55
30,Male,Bachelor's,Business Analyst,Telecommunications,1.7,Ahmedabad,Full-time,Small (51-200),Hybrid,610227.95,"C++, Cloud Computing, Project Management, Data Analysis, Communication",1,1,911917.89
47,Male,Bachelor's,Project Manager,Information Technology,13.1,Chennai,Full-time,Large (1000-5000),Remote,1990603.87,"Leadership, Project Management, Communication, SQL",2,1,2925086.95
46,Male,Bachelor's,Customer Support Executive,Retail,15.0,Ahmedabad,Freelance,Enterprise (5000+),On-site,310671.38,"Leadership, Cloud Computing, Excel, Data Analysis",1,0,469600.88
33,Female,Bachelor's,Customer Support Executive,Healthcare,13.5,Bangalore,Contract,Enterprise (5000+),Remote,522254.03,"Communication, C++, Excel, Machine Learning, Java",1,0,779347.09
38,Male,Diploma,Project Manager,Government,10.3,Remote (India),Full-time,Medium (201-1000),Hybrid,1110530.11,"Excel, Communication, Leadership",3,1,1274777.1
28,Male,Master's,UX Designer,Finance,6.3,Delhi NCR,Full-time,Enterprise (5000+),Hybrid,1529655.21,"Project Management, Java, Python",1,0,2186712.11
32,Male,Diploma,Accountant,Consulting,9.1,Chennai,Full-time,Large (1000-5000),On-site,575909.23,"Machine Learning, Java, Python, Excel",3,1,1006889.97
30,Male,Bachelor's,UX Designer,Manufacturing,3.9,Kolkata,Full-time,Enterprise (5000+),Remote,940544.13,"Data Analysis, Java",2,0,1075444.29
32,Female,High School,Sales Manager,Government,3.7,Delhi NCR,Full-time,Enterprise (5000+),Hybrid,866375.26,"Cloud Computing, Project Management, JavaScript, Machine Learning, SQL",0,1,1728145.04
30,Female,Bachelor's,Marketing Manager,Consulting,5.1,Hyderabad,Full-time,Startup (1-50),Hybrid,1018962.43,"C++, Excel, Python",1,1,1606377.91
34,Male,Bachelor's,QA Engineer,Retail,9.9,Mumbai,Full-time,Medium (201-1000),On-site,813262.81,"Data Analysis, Project Management, Cloud Computing, SQL",3,0,1079277.85
24,Female,Master's,Financial Analyst,Education,0.6,Chennai,Full-time,Enterprise (5000+),On-site,533757.81,"Cloud Computing, Project Management, Communication, Python",0,0,1012234.28
37,Female,Master's,Executive Director,Government,6.6,Delhi NCR,Full-time,Medium (201-1000),On-site,5741682.66,"Machine Learning, SQL, Communication",0,1,6436275.78
32,Male,Bachelor's,Business Analyst,Consulting,7.4,Jaipur,Full-time,Startup (1-50),On-site,691353.82,"Leadership, Project Management",0,0,743694.89
30,Female,Bachelor's,HR Executive,Healthcare,3.1,Jaipur,Full-time,Enterprise (5000+),Hybrid,347603.07,"Cloud Computing, Project Management, JavaScript, SQL, Python",3,0,650396.53
27,Male,Bachelor's,Sales Executive,Retail,2.0,Pune,Full-time,Large (1000-5000),Hybrid,467945.29,"JavaScript, Communication, Leadership, Data Analysis, Project Management",2,0,611275.74
23,Female,Bachelor's,UX Designer,Information Technology,1.5,Bangalore,Freelance,Large (1000-5000),Hybrid,1165674.63,"Data Analysis, Leadership, C++, Cloud Computing, Machine Learning",0,0,1558511.39
26,Male,Bachelor's,Data Scientist,Finance,1.1,Chennai,Freelance,Startup (1-50),Remote,858182.11,"Machine Learning, Cloud Computing, Project Management, Python, C++",2,0,1569757.27
30,Male,Bachelor's,Project Manager,Consulting,6.2,Pune,Freelance,Enterprise (5000+),On-site,1130062.84,"Data Analysis, Excel, Project Management, Communication, Java",1,1,2141346.57
21,Male,Bachelor's,Content Writer,Education,2.9,Ahmedabad,Full-time,Large (1000-5000),On-site,260189.9,"Machine Learning, C++, Java, Communication, Python",1,0,414325.09
35,Female,Bachelor's,Business Analyst,Information Technology,5.4,Ahmedabad,Full-time,Large (1000-5000),On-site,807870.78,"Python, Data Analysis, JavaScript",3,0,1062325.71
23,Male,Master's,Business Analyst,Retail,5.9,Pune,Full-time,Large (1000-5000),On-site,964139.28,"Data Analysis, Leadership",3,0,1261974.57
35,Male,Master's,Project Manager,Retail,5.8,Hyderabad,Contract,Startup (1-50),Remote,1059501.28,"SQL, C++, Machine Learning, Python",1,1,1485127.45
28,Male,PhD,HR Executive,Information Technology,2.8,Ahmedabad,Full-time,Enterprise (5000+),On-site,494948.43,"Machine Learning, Excel, Data Analysis, Leadership, JavaScript",3,0,878946.7
33,Male,Bachelor's,Marketing Manager,Media,3.8,Chennai,Full-time,Startup (1-50),Remote,886617.36,"Communication, JavaScript, Machine Learning",3,1,1117826.32
33,Other,Bachelor's,Executive Director,Government,5.6,Chennai,Contract,Small (51-200),Remote,2371582.57,"Project Management, Excel",3,1,4199092.28
30,Male,Diploma,Sales Executive,Manufacturing,8.1,Pune,Full-time,Startup (1-50),Remote,452660.31,"Communication, C++",2,0,564188.58
24,Female,Bachelor's,Executive Director,Education,3.8,Mumbai,Full-time,Startup (1-50),Hybrid,,"Python, Leadership",3,1,4141980.04
31,Male,Master's,Data Scientist,Healthcare,8.6,Jaipur,Full-time,Startup (1-50),On-site,924850.91,"Java, Cloud Computing, JavaScript, Excel",1,0,1618813.5
42,Female,Bachelor's,Business Analyst,Information Technology,14.0,Kolkata,Full-time,Small (51-200),Hybrid,403135.64,"Python, Data Analysis",3,0,1188263.88
29,Male,Bachelor's,Administrative Assistant,Government,3.0,Jaipur,Full-time,Enterprise (5000+),Hybrid,106363.97,"Data Analysis, SQL, Project Management, Machine Learning",3,0,434061.94
28,Female,High School,HR Manager,Retail,2.0,Bangalore,Full-time,Medium (201-1000),Remote,636700.0,"Excel, SQL",3,1,1079324.11
29,Male,Bachelor's,Accountant,Telecommunications,4.5,Delhi NCR,Full-time,Startup (1-50),On-site,,"Communication, Java, Python",1,1,740654.51
41,Male,Bachelor's,Marketing Manager,Government,18.3,Mumbai,Full-time,Large (1000-5000),On-site,1361374.63,"C++, Python, Java, JavaScript",0,1,2631506.55
27,Male,High School,Marketing Manager,Manufacturing,5.8,Ahmedabad,Full-time,Enterprise (5000+),Remote,801226.19,"Project Management, Communication, Java, C++, Cloud Computing",2,1,1341845.01
35,Male,Bachelor's,Senior Software Engineer,Information Technology,5.2,Bangalore,Full-time,Startup (1-50),Hybrid,2058889.41,"Java, C++",0,0,2174246.52
33,Male,Bachelor's,Operations Manager,Manufacturing,3.2,Mumbai,Full-time,Startup (1-50),Remote,979241.47,"C++, SQL, Java, Python",1,1,1515962.12
30,Male,Bachelor's,QA Engineer,Retail,6.3,Mumbai,Full-time,Medium (201-1000),Remote,679233.06,"C++, Data Analysis, Cloud Computing",1,0,936529.16
40,Male,Bachelor's,Executive Director,Education,10.9,Pune,Full-time,Startup (1-50),Remote,4128873.24,"C++, Leadership, Project Management",2,1,4709518.8
29,Male,Bachelor's,Data Analyst,Education,7.0,Ahmedabad,Full-time,Small (51-200),On-site,535528.51,"Java, SQL",2,0,540937.89
25,Female,Master's,Data Analyst,Healthcare,5.4,Remote (India),Full-time,Startup (1-50),Remote,646196.92,"Excel, Communication, Cloud Computing, Project Management",1,0,845796.5
32,Male,Bachelor's,DevOps Engineer,Government,4.4,Pune,Full-time,Enterprise (5000+),Hybrid,950134.47,"Project Management, Java, Excel, Data Analysis, Leadership",3,0,2186084.06
27,Male,Bachelor's,Financial Analyst,Education,5.0,Mumbai,Full-time,Medium (201-1000),Remote,776683.44,"Excel, Project Management, SQL, Python",0,0,1045345.34
29,Male,Diploma,Marketing Manager,Manufacturing,1.5,Mumbai,Full-time,Enterprise (5000+),Remote,1266483.2,"Project Management, SQL, Python, Machine Learning, Cloud Computing",0,1,1886909.08
32,Male,High School,Financial Analyst,Education,4.5,Hyderabad,Full-time,Startup (1-50),Remote,487603.12,"Communication, Leadership, Excel",0,1,738430.21
29,Other,Bachelor's,Graphic Designer,Retail,1.7,Mumbai,Contract,Startup (1-50),Hybrid,447724.97,"Communication, Cloud Computing, C++, Machine Learning, Leadership",1,0,475990.61
32,Male,Bachelor's,Administrative Assistant,Consulting,5.5,Mumbai,Full-time,Enterprise (5000+),Remote,370105.2,"Python, SQL",3,1,836117.34
26,Male,Bachelor's,Financial Analyst,Information Technology,6.0,Ahmedabad,Full-time,Startup (1-50),On-site,841602.29,"JavaScript, Machine Learning",3,0,850103.32
34,Male,Bachelor's,Product Manager,Consulting,11.2,Hyderabad,Freelance,Small (51-200),Hybrid,2795235.83,"C++, Project Management",3,1,2972273.7
27,Male,Master's,Accountant,Telecommunications,4.1,Chennai,Full-time,Startup (1-50),Remote,710381.81,"C++, Cloud Computing, Excel, Machine Learning, Data Analysis",1,0,813117.68
32,Male,Bachelor's,Research Scientist,Telecommunications,3.3,Ahmedabad,Contract,Medium (201-1000),On-site,1188669.32,"C++, Excel, Project Management, Data Analysis",3,0,1397452.55
25,Male,Bachelor's,HR Manager,Healthcare,2.7,Kolkata,Full-time,Enterprise (5000+),Hybrid,819103.85,"Python, Data Analysis, SQL",3,1,1773850.84
37,Female,PhD,Content Writer,Retail,7.5,Mumbai,Full-time,Small (51-200),On-site,575664.51,"Project Management, JavaScript, Java, Excel",3,1,1011564.96
29,Male,Bachelor's,Financial Analyst,Telecommunications,5.3,Ahmedabad,Contract,Small (51-200),On-site,522092.14,"JavaScript, Data Analysis, Communication, Python, Leadership",0,0,740595.72
37,Other,Bachelor's,Financial Analyst,Manufacturing,6.3,Pune,Contract,Medium (201-1000),Remote,659192.57,"Cloud Computing, Java",0,0,890130.92
41,Female,PhD,Research Scientist,Information Technology,6.5,Delhi NCR,Full-time,Large (1000-5000),Remote,1011225.73,"SQL, Excel, Java",2,0,3752456.38
49,Male,Bachelor's,Data Scientist,Information Technology,20.8,Bangalore,Full-time,Startup (1-50),Remote,3584556.84,"Leadership, Data Analysis, JavaScript, Python, C++",3,1,3620764.48
25,Male,Bachelor's,Financial Analyst,Government,6.2,Mumbai,Full-time,Large (1000-5000),On-site,,"Communication, Data Analysis, Java, Project Management",3,0,1167005.4
21,Male,Bachelor's,Accountant,Manufacturing,0.8,Bangalore,Full-time,Startup (1-50),Remote,641100.19,"C++, Excel, Communication, Python, Leadership",2,1,805117.4
24,Male,Bachelor's,Marketing Manager,Consulting,4.7,Chennai,Full-time,Medium (201-1000),On-site,1292428.85,"Cloud Computing, Machine Learning, Excel",3,1,1684314.58
21,Male,Master's,Business Analyst,Information Technology,1.3,Chennai,Full-time,Medium (201-1000),Remote,1109517.2,"Data Analysis, Project Management, Machine Learning, Excel",1,0,1268211.07
31,Male,PhD,Graphic Designer,Education,5.4,Delhi NCR,Contract,Enterprise (5000+),On-site,396232.52,"Machine Learning, Java",1,0,860250.8
37,Male,Master's,Graphic Designer,Information Technology,7.5,Remote (India),Full-time,Enterprise (5000+),On-site,683334.79,"JavaScript, Communication, Data Analysis",1,0,1082791.47
30,Male,Bachelor's,Business Analyst,Manufacturing,5.2,Mumbai,Full-time,Large (1000-5000),Hybrid,639002.3,"Data Analysis, Java, Project Management, Cloud Computing",0,0,1018388.49
31,Male,Bachelor's,HR Executive,Information Technology,5.6,Mumbai,Full-time,Startup (1-50),Hybrid,626390.24,"Communication, SQL",0,0,694534.65
31,Female,Master's,Customer Support Executive,Retail,12.3,Hyderabad,Full-time,Medium (201-1000),Remote,381221.02,"Communication, Data Analysis",2,0,596338.51
25,Male,Master's,QA Engineer,Telecommunications,6.4,Mumbai,Contract,Small (51-200),Hybrid,858159.92,"JavaScript, Excel, Python",2,0,1108430.5
30,Male,Diploma,Data Analyst,Education,11.4,Jaipur,Contract,Startup (1-50),Remote,404038.04,"Excel, Data Analysis, Cloud Computing",0,0,408119.23
21,Other,High School,Accountant,Consulting,3.3,Jaipur,Full-time,Enterprise (5000+),On-site,381022.82,"Leadership, Project Management, Python, Data Analysis",1,0,538387.88
28,Male,Master's,Executive Director,Finance,3.6,Hyderabad,Full-time,Medium (201-1000),Hybrid,6498790.24,"Cloud Computing, Python",2,1,8750054.07
41,Male,Master's,Executive Director,Finance,4.1,Pune,Contract,Small (51-200),Hybrid,4434377.58,"Machine Learning, Excel",2,1,6180533.04
35,Male,Diploma,Business Analyst,Media,,Chennai,Full-time,Enterprise (5000+),Remote,615229.21,"SQL, Project Management, JavaScript, Python",2,0,1079171.48
30,Male,Master's,Financial Analyst,Finance,6.0,Bangalore,Full-time,Small (51-200),Remote,962660.62,"Python, JavaScript, Project Management, Machine Learning, Java",2,0,1561004.84
31,Female,Master's,QA Engineer,Information Technology,10.6,Kolkata,Full-time,Enterprise (5000+),Remote,995750.67,"Data Analysis, Java",2,0,1521396.94
32,Female,Bachelor's,Project Manager,Finance,10.6,Kolkata,Full-time,Large (1000-5000),On-site,1457438.53,"Python, Excel, C++, Project Management",3,1,2287003.89
31,Male,Master's,Data Scientist,Media,6.2,Ahmedabad,Full-time,Medium (201-1000),On-site,1255074.77,"Leadership, Project Management",3,0,1641090.16
37,Male,Bachelor's,Data Analyst,Education,9.8,Ahmedabad,Full-time,Enterprise (5000+),Hybrid,511449.65,"Excel, SQL, Java, C++, Cloud Computing",1,0,800772.9
30,Male,Bachelor's,Operations Manager,Consulting,9.6,Pune,Full-time,Large (1000-5000),Hybrid,1559817.47,"Data Analysis, Communication, C++, Machine Learning",2,1,2416181.45
29,Male,Master's,Product Manager,Manufacturing,7.1,Chennai,Full-time,Startup (1-50),On-site,1428023.47,"Python, Communication",3,1,2570134.76
28,Male,PhD,Accountant,Finance,6.2,Chennai,Full-time,Medium (201-1000),Remote,730395.97,"Cloud Computing, Machine Learning",1,0,1005566.23
22,Male,Bachelor's,DevOps Engineer,Telecommunications,0.5,Delhi NCR,Full-time,Enterprise (5000+),Remote,1897977.62,"C++, Machine Learning, Project Management, Communication, Leadership",2,0,2298033.69
35,Male,Master's,Customer Support Executive,Media,10.0,Bangalore,Part-time,Medium (201-1000),Remote,302901.86,"Java, Machine Learning",1,0,344395.33
37,Male,Bachelor's,Business Analyst,Education,7.4,Pune,Full-time,Medium (201-1000),Remote,485031.12,"SQL, Python, Leadership, Communication, Project Management",2,1,1119101.3
28,Male,High School,Operations Manager,Manufacturing,3.5,Kolkata,Part-time,Large (1000-5000),Hybrid,327778.32,"Excel, Communication, Cloud Computing, Java",0,1,637583.65
33,Male,Diploma,Senior Software Engineer,Finance,6.9,Bangalore,Full-time,Enterprise (5000+),Remote,2213115.02,"Java, C++, Data Analysis",0,0,2758462.02
41,Female,Bachelor's,Sales Manager,Education,8.7,Remote (India),Part-time,Startup (1-50),On-site,654800.74,"JavaScript, Machine Learning, Project Management, C++, Java",2,1,794637.67
33,Male,Bachelor's,Content Writer,Telecommunications,6.4,Ahmedabad,Full-time,Startup (1-50),Hybrid,304053.51,"Leadership, Project Management, Java, JavaScript, Machine Learning",2,0,494128.04
31,Male,Master's,Sales Manager,Government,1.6,Bangalore,Full-time,Startup (1-50),Remote,1531410.64,"JavaScript, SQL, Cloud Computing, C++, Python",1,1,1874592.75
30,Male,Bachelor's,Sales Manager,Media,1.8,Ahmedabad,Full-time,Medium (201-1000),Remote,1348189.25,"Cloud Computing, Machine Learning",0,1,1474079.57
27,Female,Master's,Data Scientist,Telecommunications,5.2,Ahmedabad,Full-time,Small (51-200),Remote,1727001.53,"Data Analysis, C++, SQL, JavaScript, Python",3,1,2170562.79
32,Female,Master's,Data Scientist,Manufacturing,11.5,Bangalore,Full-time,Large (1000-5000),Hybrid,1699059.78,"C++, JavaScript, Machine Learning",1,0,3043011.99
33,Female,Bachelor's,Marketing Manager,Government,3.5,Kolkata,Freelance,Large (1000-5000),Hybrid,896885.41,"Java, Excel, Data Analysis, Communication",1,1,1166041.17
37,Female,Master's,Accountant,Manufacturing,11.8,Mumbai,Contract,Startup (1-50),On-site,791400.97,"JavaScript, Machine Learning, Excel",0,1,963215.36
53,Female,Bachelor's,HR Manager,Media,26.6,Jaipur,Full-time,Small (51-200),On-site,1628775.08,"Machine Learning, Python, Java, Data Analysis, Leadership",1,1,1645227.36
33,Female,PhD,Product Manager,Consulting,13.3,Bangalore,Part-time,Medium (201-1000),Remote,1964274.67,"JavaScript, Data Analysis, Project Management, Java, C++",0,1,3151660.64
35,Male,Master's,Product Manager,Government,12.5,Ahmedabad,Freelance,Small (51-200),Remote,2271887.1,"C++, Data Analysis",2,1,2294835.46
34,Female,Bachelor's,Data Analyst,Media,2.7,Chennai,Full-time,Enterprise (5000+),Remote,680043.2,"Cloud Computing, JavaScript, Communication, C++, Java",2,0,999490.46
26,Other,Master's,Marketing Manager,Retail,3.2,Bangalore,Contract,Large (1000-5000),Hybrid,1162455.07,"Project Management, Python",3,1,1984094.05
26,Male,High School,HR Manager,Media,1.5,Delhi NCR,Part-time,Enterprise (5000+),Hybrid,456543.18,"Data Analysis, SQL, Communication, Project Management",1,1,731892.12
27,Male,Master's,Product Manager,Finance,3.2,Hyderabad,Full-time,Large (1000-5000),Hybrid,2779317.63,"Python, C++, Java, Communication, Machine Learning",2,1,4558843.7
28,Male,Master's,Financial Analyst,Government,4.1,Pune,Full-time,Medium (201-1000),Remote,733932.42,"SQL, Communication, Data Analysis, Cloud Computing, Python",3,0,1290479.02
35,Male,Bachelor's,Software Engineer,Telecommunications,4.1,Chennai,Full-time,Large (1000-5000),Remote,928408.47,"Excel, Project Management, SQL",2,0,1320858.42
27,Female,Bachelor's,Product Manager,Finance,4.8,Kolkata,Full-time,Medium (201-1000),Hybrid,1566425.32,"Machine Learning, SQL, Python, Java",3,1,3562237.95
28,Male,Bachelor's,Product Manager,Manufacturing,1.6,Chennai,Full-time,Large (1000-5000),Hybrid,1939349.45,"C++, Cloud Computing, Communication",3,1,2921351.3
35,Female,High School,Customer Support Executive,Education,10.9,Mumbai,Full-time,Medium (201-1000),Remote,253667.83,"Machine Learning, Python",3,1,482616.05
27,Male,High School,Customer Support Executive,Consulting,4.4,Kolkata,Full-time,Large (1000-5000),Remote,250938.25,"Python, C++",2,0,414771.88
28,Female,Bachelor's,HR Manager,Telecommunications,5.7,Kolkata,Full-time,Startup (1-50),Hybrid,962145.92,"Data Analysis, Excel",1,1,971864.57
26,Male,Bachelor's,Data Analyst,Consulting,7.2,Bangalore,Full-time,Enterprise (5000+),On-site,732215.34,"Python, Leadership, SQL",2,0,1446661.41
42,Male,High School,Executive Director,Consulting,13.6,Remote (India),Freelance,Small (51-200),Hybrid,2725373.33,"Java, Cloud Computing",2,1,3647727.7
60,Female,Bachelor's,Customer Support Executive,Finance,35.0,Delhi NCR,Full-time,Enterprise (5000+),Remote,702778.4,"Project Management, Cloud Computing",3,0,1246774.0
35,Male,Master's,Executive Director,Healthcare,8.9,Kolkata,Contract,Enterprise (5000+),Hybrid,3903475.73,"Cloud Computing, Python, Leadership",0,1,7953032.7
21,Female,PhD,Business Analyst,Telecommunications,1.4,Kolkata,Full-time,Startup (1-50),On-site,948893.43,"Project Management, SQL, Data Analysis, JavaScript",3,0,958478.21
29,Female,Master's,Product Manager,Healthcare,5.2,Remote (India),Full-time,Medium (201-1000),Remote,2521761.46,"Leadership, Machine Learning, Cloud Computing",0,1,3301454.94
26,Female,Bachelor's,Research Scientist,Finance,2.0,Delhi NCR,Freelance,Small (51-200),Remote,929508.41,"SQL, Excel, Project Management",2,0,1652101.09
27,Male,Bachelor's,HR Executive,Healthcare,2.4,Ahmedabad,Freelance,Enterprise (5000+),Remote,362486.24,"Data Analysis, Machine Learning, Project Management, C++, JavaScript",2,0,513634.44
29,Female,Master's,Customer Support Executive,Retail,7.0,Pune,Full-time,Small (51-200),Remote,184220.72,"Machine Learning, JavaScript, Python",0,0,505798.06
28,Female,Master's,Customer Support Executive,Consulting,1.7,Delhi NCR,Full-time,Small (51-200),On-site,332848.97,"Leadership, Communication, Python, Excel",0,0,508170.7
27,Male,Master's,Data Scientist,Consulting,2.6,Ahmedabad,Full-time,Medium (201-1000),Hybrid,1350233.4,"Excel, Cloud Computing, Python, Project Management",3,0,2099950.08
34,Female,Master's,Operations Manager,Education,8.0,Hyderabad,Full-time,Enterprise (5000+),Remote,1398426.36,"Excel, JavaScript",2,1,2130445.79
35,Male,PhD,Data Scientist,Government,7.7,Kolkata,Part-time,Medium (201-1000),Hybrid,932205.02,"Cloud Computing, Excel, Machine Learning",3,0,1110370.46
38,Male,Bachelor's,Accountant,Information Technology,11.5,Mumbai,Full-time,Startup (1-50),On-site,832555.28,"Data Analysis, Python, Java",3,0,1065365.17
37,Female,Diploma,Marketing Manager,Retail,7.9,Bangalore,Full-time,Medium (201-1000),Hybrid,806682.25,"Java, Leadership, C++",1,1,1380275.65
24,Female,Bachelor's,Customer Support Executive,Consulting,6.5,Remote (India),Full-time,Small (51-200),Hybrid,383038.52,"Cloud Computing, Leadership",1,0,514985.03
31,Female,PhD,Data Analyst,Government,8.0,Mumbai,Full-time,Medium (201-1000),Hybrid,1186732.73,"C++, JavaScript, Data Analysis, Machine Learning, Communication",2,0,1230168.68
33,Male,Master's,Graphic Designer,Consulting,8.0,Ahmedabad,Full-time,Startup (1-50),Hybrid,609347.85,"JavaScript, Excel, C++, Leadership",1,0,716651.51
35,Female,Bachelor's,Software Engineer,Healthcare,14.7,Mumbai,Full-time,Medium (201-1000),On-site,1169597.65,"Excel, Cloud Computing, JavaScript, Communication, Java",2,1,2226626.64
31,Male,Bachelor's,Software Engineer,Media,0.6,Mumbai,Full-time,Small (51-200),Hybrid,1015524.19,"Cloud Computing, Communication, SQL, Data Analysis, Project Management",2,1,1276890.13
21,Female,Master's,Product Manager,Telecommunications,4.8,Kolkata,Full-time,Small (51-200),Hybrid,2072164.78,"Java, Leadership, Data Analysis, Machine Learning, JavaScript",0,1,3169680.51
33,Female,Master's,UX Designer,Consulting,5.1,Chennai,Freelance,Large (1000-5000),On-site,1178083.12,"Cloud Computing, Excel",1,0,1404539.99
32,Male,Master's,Sales Manager,Education,9.5,Kolkata,Full-time,Enterprise (5000+),Remote,1994323.26,"C++, Cloud Computing",3,1,2309891.68
24,Male,High School,Project Manager,Government,0.8,Kolkata,Full-time,Enterprise (5000+),Hybrid,787668.65,"Communication, Java, Python, Data Analysis, C++",2,1,1214285.01
30,Female,Master's,Sales Executive,Retail,8.4,Hyderabad,Full-time,Medium (201-1000),Hybrid,461060.14,"Cloud Computing, Java, JavaScript, Python, C++",2,0,966189.91
34,Male,Bachelor's,UX Designer,Finance,1.9,Kolkata,Full-time,Startup (1-50),Remote,1068646.79,"Java, Cloud Computing, Leadership",2,0,1112426.58
30,Male,Master's,Senior Software Engineer,Information Technology,4.6,Pune,Full-time,Startup (1-50),On-site,2494162.02,"Communication, Project Management, JavaScript, Cloud Computing",0,1,3154985.91
31,Male,Bachelor's,Financial Analyst,Manufacturing,5.5,Chennai,Contract,Startup (1-50),Remote,767331.38,"Communication, Project Management, Excel",3,0,882311.31
34,Female,PhD,UX Designer,Education,,Mumbai,Full-time,Large (1000-5000),Hybrid,1469062.75,"Python, Java",3,0,1983815.5
34,Male,PhD,Sales Manager,Media,14.4,Bangalore,Full-time,Small (51-200),On-site,3105627.17,"Communication, Python",1,1,3136997.14
21,Female,Bachelor's,Project Manager,Telecommunications,3.0,Delhi NCR,Part-time,Small (51-200),Remote,598006.23,"Data Analysis, Python",2,1,863756.16
31,Female,Bachelor's,Data Analyst,Telecommunications,7.3,Bangalore,Full-time,Large (1000-5000),Remote,897224.05,"JavaScript, Excel",3,0,1239465.92
42,Female,Bachelor's,Product Manager,Information Technology,10.7,Hyderabad,Full-time,Large (1000-5000),Hybrid,3417609.27,"Python, Data Analysis, C++, Communication",3,1,4499273.68
29,Female,Diploma,Accountant,Retail,4.6,Chennai,Full-time,Enterprise (5000+),Hybrid,413490.74,"Machine Learning, Data Analysis, Cloud Computing, JavaScript, Excel",2,1,782546.68
31,Male,Master's,Product Manager,Government,7.8,Remote (India),Full-time,Startup (1-50),Hybrid,1900597.17,"Excel, Leadership, Python, C++",1,1,2703110.5
22,Male,Bachelor's,Executive Director,Finance,0.6,Pune,Full-time,Startup (1-50),On-site,5249670.0,"Data Analysis, Leadership, Python, Communication",1,1,5302696.97
39,Male,Bachelor's,DevOps Engineer,Consulting,6.9,Jaipur,Full-time,Large (1000-5000),On-site,1778614.67,"Communication, C++",1,0,1980982.83
33,Male,High School,Sales Manager,Government,6.3,Bangalore,Full-time,Startup (1-50),Remote,1239737.9,"C++, Java, Project Management, Leadership, Python",1,1,1252260.5
26,Male,Bachelor's,Customer Support Executive,Retail,3.0,Delhi NCR,Full-time,Enterprise (5000+),On-site,408951.15,"Excel, Data Analysis",3,1,613467.82
33,Male,Master's,HR Executive,Government,5.1,Pune,Part-time,Medium (201-1000),Hybrid,136399.99,"Cloud Computing, Python, SQL, JavaScript, Machine Learning",1,0,376092.01
33,Female,Bachelor's,QA Engineer,Finance,9.4,Jaipur,Full-time,Enterprise (5000+),Remote,929498.65,"Leadership, SQL, JavaScript",1,0,1138912.18
22,Male,High School,Sales Manager,Consulting,1.3,Hyderabad,Full-time,Medium (201-1000),Hybrid,794347.64,"C++, Project Management, Cloud Computing, Java, Python",3,1,1938091.18
27,Male,Diploma,Project Manager,Government,3.1,Delhi NCR,Full-time,Medium (201-1000),Hybrid,935119.29,"SQL, Python, Leadership, Java",1,1,1325443.88
33,Female,Bachelor's,Business Analyst,Consulting,7.4,Hyderabad,Part-time,Large (1000-5000),Hybrid,440684.8,"Python, Machine Learning, Project Management",3,0,824319.48
34,Female,Master's,Business Analyst,Finance,5.7,Chennai,Full-time,Medium (201-1000),On-site,1320805.68,"C++, Excel",3,0,1350641.52
31,Female,PhD,Data Scientist,Finance,5.2,Chennai,Part-time,Medium (201-1000),Hybrid,1258686.23,"C++, JavaScript",2,0,1485484.45
42,Female,Diploma,DevOps Engineer,Healthcare,12.1,Mumbai,Contract,Large (1000-5000),On-site,1958933.17,"Communication, Project Management, Python, SQL",3,0,2317153.2
29,Female,Bachelor's,HR Manager,Education,3.7,Bangalore,Full-time,Large (1000-5000),Hybrid,1042427.33,"JavaScript, Project Management, Cloud Computing, Communication",0,1,1506682.56
27,Female,Bachelor's,DevOps Engineer,Retail,4.3,Mumbai,Full-time,Enterprise (5000+),On-site,1430051.12,"Leadership, Machine Learning, C++",0,0,2440508.45
37,Male,PhD,UX Designer,Finance,9.7,Ahmedabad,Full-time,Small (51-200),Hybrid,1220556.23,"Communication, Project Management",0,0,1572434.04
42,Female,Master's,Executive Director,Education,17.4,Bangalore,Full-time,Enterprise (5000+),On-site,5569741.08,"Machine Learning, C++, SQL",2,1,9369558.55
23,Male,Bachelor's,Product Manager,Consulting,1.9,Remote (India),Full-time,Startup (1-50),On-site,2270439.38,"Data Analysis, C++, Project Management",3,1,2293373.11
38,Male,Master's,Senior Software Engineer,Government,12.5,Chennai,Part-time,Large (1000-5000),On-site,968123.37,"SQL, JavaScript, Python",0,1,1819617.3
38,Female,PhD,Senior Software Engineer,Information Technology,10.3,Bangalore,Full-time,Large (1000-5000),Remote,2627956.22,"Communication, Java, Machine Learning",0,0,4745489.78
31,Male,Master's,Marketing Manager,Healthcare,1.6,Remote (India),Full-time,Startup (1-50),On-site,1203441.98,"C++, Cloud Computing, Project Management",0,1,1380047.71
40,Female,Master's,Product Manager,Manufacturing,11.1,Kolkata,Full-time,Large (1000-5000),Hybrid,2972350.69,"Machine Learning, Cloud Computing, C++, Leadership, SQL",0,1,3430787.62
31,Male,Master's,Graphic Designer,Retail,2.7,Delhi NCR,Contract,Enterprise (5000+),Remote,548930.81,"JavaScript, Leadership, Project Management, Data Analysis, Java",2,0,784979.44
28,Female,Bachelor's,Sales Manager,Information Technology,2.6,Ahmedabad,Full-time,Enterprise (5000+),Remote,1140276.51,"Excel, Cloud Computing, Communication, Leadership",3,1,2080801.68
44,Male,Master's,Customer Support Executive,Information Technology,16.2,Ahmedabad,Full-time,Small (51-200),On-site,503717.72,"SQL, JavaScript",0,0,550298.56
39,Female,Diploma,Content Writer,Finance,12.1,Mumbai,Full-time,Medium (201-1000),Remote,590234.27,"Data Analysis, Cloud Computing, Excel",3,0,771608.1
23,Male,High School,Operations Manager,Government,2.0,Hyderabad,Freelance,Large (1000-5000),On-site,654803.74,"Project Management, Machine Learning, Excel, Communication",1,1,1074647.93
28,Female,Bachelor's,Project Manager,Healthcare,2.2,Bangalore,Full-time,Enterprise (5000+),Remote,1256137.39,"Java, JavaScript, Data Analysis",3,1,2154401.37
25,Male,Bachelor's,Administrative Assistant,Retail,1.6,Jaipur,Full-time,Large (1000-5000),Hybrid,256464.16,"Cloud Computing, Leadership, C++, Python, Data Analysis",2,1,389816.89
30,Female,PhD,HR Manager,Telecommunications,5.0,Delhi NCR,Part-time,Enterprise (5000+),On-site,820959.25,"Project Management, SQL, JavaScript, Communication, Cloud Computing",2,1,1519201.17
37,Female,Bachelor's,Marketing Manager,Consulting,8.7,Remote (India),Full-time,Large (1000-5000),Remote,1142333.63,"C++, Data Analysis, SQL",0,1,1885836.9
32,Male,Master's,Administrative Assistant,Consulting,5.4,Remote (India),Full-time,Enterprise (5000+),Remote,527969.83,"SQL, Communication",1,0,644372.47
49,Female,PhD,Sales Executive,Media,15.1,Kolkata,Full-time,Startup (1-50),On-site,897157.73,"Python, Project Management, Java, Excel",3,0,906219.93
34,Male,Bachelor's,Software Engineer,Retail,11.8,Chennai,Full-time,Medium (201-1000),On-site,791657.22,"Java, Machine Learning, SQL, JavaScript, Excel",0,0,1265664.56
35,Male,Master's,Research Scientist,Healthcare,10.5,Jaipur,Full-time,Enterprise (5000+),Hybrid,1307268.92,"Communication, SQL",1,0,2461226.1
23,Female,Master's,Product Manager,Manufacturing,1.7,Kolkata,Full-time,Startup (1-50),Remote,2036046.2,"Leadership, SQL",1,1,2070281.09
35,Female,Bachelor's,Accountant,Consulting,9.1,Remote (India),Full-time,Large (1000-5000),Hybrid,555910.36,"Python, Excel",1,0,859141.02
30,Female,Bachelor's,HR Executive,Government,3.5,Delhi NCR,Full-time,Startup (1-50),On-site,445645.52,"JavaScript, Python, Leadership, Java",0,0,450815.04
33,Male,High School,Sales Executive,Retail,7.5,Hyderabad,Full-time,Startup (1-50),Hybrid,375468.56,"Leadership, Communication",3,1,548102.54
30,Male,Diploma,Sales Executive,Government,4.6,Chennai,Full-time,Enterprise (5000+),On-site,340428.54,"Machine Learning, Python, Project Management, Excel",1,0,701566.95
62,Female,Diploma,Accountant,Finance,35.0,Ahmedabad,Part-time,Startup (1-50),Hybrid,302738.83,"Data Analysis, SQL",0,0,499514.85
28,Female,Bachelor's,Data Analyst,Government,8.4,Pune,Full-time,Small (51-200),On-site,776540.92,"C++, Java",2,1,789114.42
23,Female,Master's,Customer Support Executive,Finance,1.5,Chennai,Full-time,Enterprise (5000+),On-site,371692.77,"Data Analysis, Machine Learning",1,0,654450.77
28,Male,Master's,QA Engineer,Government,2.6,Jaipur,Full-time,Medium (201-1000),Remote,559338.04,"Project Management, Cloud Computing, Communication, SQL, Machine Learning",2,1,922646.74
40,Male,Bachelor's,Product Manager,Consulting,13.9,Delhi NCR,Full-time,Large (1000-5000),Hybrid,2467682.7,"C++, Java, Data Analysis",1,1,4848157.51
39,Female,Bachelor's,Sales Manager,Manufacturing,9.7,Jaipur,Full-time,Medium (201-1000),On-site,1146518.19,"Leadership, Project Management",3,1,1637904.41
32,Male,Master's,DevOps Engineer,Finance,12.6,Pune,Full-time,Medium (201-1000),On-site,2851798.9,"Excel, Python, Leadership",0,1,3934892.64
33,Female,Bachelor's,Senior Software Engineer,Government,13.3,Kolkata,Part-time,Startup (1-50),Hybrid,885975.72,"Java, JavaScript, C++",2,0,982639.62
36,Male,Bachelor's,Project Manager,Retail,13.4,Ahmedabad,Full-time,Startup (1-50),Hybrid,906834.37,"SQL, Cloud Computing, C++, Excel, Java",3,1,1347049.32
21,Female,Master's,QA Engineer,Information Technology,0.3,Hyderabad,Full-time,Small (51-200),Remote,995317.23,"Data Analysis, JavaScript, C++",1,0,1069592.31
26,Female,Diploma,Software Engineer,Information Technology,7.1,Hyderabad,Full-time,Enterprise (5000+),Hybrid,1190072.83,"Java, Machine Learning",1,0,1593628.76
28,Male,Bachelor's,Financial Analyst,Education,3.6,Mumbai,Full-time,Small (51-200),On-site,771379.33,"Leadership, Cloud Computing, SQL, Excel, Project Management",3,1,980261.0
32,Male,Bachelor's,Marketing Manager,Retail,3.3,Jaipur,Full-time,Enterprise (5000+),On-site,507523.67,"C++, Communication",0,1,1352430.75
30,Male,Bachelor's,QA Engineer,Government,3.3,Hyderabad,Full-time,Large (1000-5000),On-site,829385.02,"Cloud Computing, Data Analysis",0,0,883407.54
30,Male,Bachelor's,Software Engineer,Manufacturing,5.8,Hyderabad,Full-time,Startup (1-50),Remote,850246.45,"Project Management, Excel, C++, Leadership, SQL",2,0,1092633.5
42,Male,Bachelor's,Administrative Assistant,Healthcare,11.0,Remote (India),Full-time,Medium (201-1000),Remote,287815.83,"SQL, Cloud Computing, C++, Data Analysis",0,0,465698.84
28,Male,Bachelor's,QA Engineer,Manufacturing,3.9,Mumbai,Freelance,Large (1000-5000),Hybrid,412862.08,"Machine Learning, Data Analysis, JavaScript, Java",1,0,1008189.63
36,Female,Master's,UX Designer,Manufacturing,9.2,Hyderabad,Full-time,Enterprise (5000+),On-site,1427634.01,"Communication, JavaScript, Java, Data Analysis, Python",2,0,1859913.53
24,Male,Bachelor's,Content Writer,Telecommunications,1.5,Mumbai,Contract,Small (51-200),Hybrid,391652.34,"Leadership, Communication, Java, JavaScript, Project Management",3,0,579853.7
30,Male,Master's,Graphic Designer,Telecommunications,1.2,Jaipur,Part-time,Enterprise (5000+),Remote,220462.51,"Communication, Excel",2,0,433155.18
36,Female,Master's,UX Designer,Government,3.9,Hyderabad,Full-time,Enterprise (5000+),Remote,1229423.76,"Java, Python",3,0,1579664.66
35,Male,PhD,Accountant,Consulting,10.4,Delhi NCR,Full-time,Startup (1-50),Remote,1375002.71,"Communication, Excel",3,1,1553590.49
41,Female,Bachelor's,Executive Director,Information Technology,12.6,Delhi NCR,Contract,Startup (1-50),Hybrid,6335567.88,"Python, Data Analysis, Leadership",0,1,6674159.64
51,Male,PhD,Administrative Assistant,Media,28.2,Delhi NCR,Full-time,Startup (1-50),On-site,578318.44,"Data Analysis, SQL",2,0,680477.06
35,Female,Master's,Research Scientist,Media,8.7,Chennai,Full-time,Medium (201-1000),Hybrid,1999079.65,"Project Management, Java, Communication, Data Analysis, Python",3,0,2673230.45
35,Female,PhD,Customer Support Executive,Media,3.4,Bangalore,Full-time,Startup (1-50),Remote,461009.25,"Machine Learning, C++, Project Management, JavaScript",0,0,559064.25
29,Female,Bachelor's,Operations Manager,Information Technology,5.2,Mumbai,Freelance,Small (51-200),On-site,1186601.08,"Project Management, Java, Machine Learning",1,1,1725280.03
34,Female,Bachelor's,Software Engineer,Retail,8.2,Chennai,Full-time,Large (1000-5000),On-site,936131.03,"Data Analysis, Project Management, Leadership",1,0,1237156.02
34,Female,Bachelor's,Administrative Assistant,Manufacturing,5.9,Delhi NCR,Full-time,Startup (1-50),On-site,360350.09,"Machine Learning, C++, JavaScript, Project Management",0,0,363989.99
33,Male,Master's,Customer Support Executive,Consulting,5.5,Jaipur,Contract,Startup (1-50),On-site,394591.82,"JavaScript, Cloud Computing, Machine Learning",3,0,433071.16
22,Female,Bachelor's,Data Analyst,Manufacturing,1.8,Hyderabad,Full-time,Small (51-200),Hybrid,473037.15,"Data Analysis, Python, SQL",0,0,647169.6
23,Male,Bachelor's,Accountant,Finance,2.8,Hyderabad,Full-time,Enterprise (5000+),On-site,572046.93,"Excel, Machine Learning",1,0,883396.85
28,Female,Bachelor's,Marketing Manager,Education,4.4,Delhi NCR,Full-time,Medium (201-1000),Hybrid,1029049.66,"JavaScript, Excel, Cloud Computing, Project Management, Machine Learning",3,1,1715037.61
28,Male,Bachelor's,HR Executive,Telecommunications,4.6,Remote (India),Full-time,Medium (201-1000),Remote,496037.49,"Cloud Computing, Java",3,0,501047.97
31,Female,Master's,QA Engineer,Healthcare,1.6,Kolkata,Contract,Startup (1-50),On-site,700276.32,"Communication, Leadership, Python",3,0,732529.72
44,Female,Bachelor's,Administrative Assistant,Finance,13.7,Bangalore,Full-time,Enterprise (5000+),Hybrid,266928.92,"Data Analysis, C++",3,0,900725.5
34,Male,Bachelor's,Project Manager,Media,6.3,Bangalore,Full-time,Startup (1-50),Remote,1314927.46,"C++, Java",0,1,1599135.26
27,Male,Master's,Content Writer,Healthcare,2.4,Hyderabad,Part-time,Enterprise (5000+),Hybrid,258231.49,"SQL, Leadership, Data Analysis, Communication",1,0,503692.71
21,Female,Master's,Software Engineer,Information Technology,1.5,Pune,Full-time,Enterprise (5000+),On-site,1121822.6,"Machine Learning, Communication, Data Analysis, Project Management",2,0,1858005.57
30,Male,Bachelor's,DevOps Engineer,Government,4.9,Pune,Full-time,Enterprise (5000+),Hybrid,1214168.71,"Project Management, JavaScript",1,0,2146385.28
28,Other,Bachelor's,Sales Manager,Information Technology,10.8,Jaipur,Full-time,Small (51-200),On-site,1486869.54,"SQL, Java, Machine Learning, Leadership",0,1,2027007.57
29,Male,Master's,Executive Director,Manufacturing,8.7,Delhi NCR,Contract,Large (1000-5000),Remote,,"Java, Cloud Computing, Leadership, Communication",0,1,7059462.85
27,Male,Bachelor's,Marketing Manager,Healthcare,6.2,Pune,Full-time,Medium (201-1000),On-site,1089036.06,"Communication, Project Management",3,1,1739028.44
38,Female,Bachelor's,Sales Executive,Telecommunications,4.7,Pune,Full-time,Enterprise (5000+),Hybrid,598160.14,"Machine Learning, C++, Data Analysis",0,1,941222.95
21,Female,Bachelor's,QA Engineer,Healthcare,1.0,Ahmedabad,Full-time,Enterprise (5000+),Hybrid,548139.4,"Java, Machine Learning, C++",2,0,949001.23
39,Female,Bachelor's,Content Writer,Retail,13.0,Delhi NCR,Full-time,Enterprise (5000+),On-site,709318.13,"SQL, Project Management, Communication, Java, Excel",1,1,1026738.37
31,Male,Master's,Accountant,Education,4.8,Kolkata,Full-time,Enterprise (5000+),Hybrid,533054.22,"Excel, Data Analysis, Project Management, JavaScript",0,0,824859.94
27,Female,Bachelor's,Executive Director,Media,8.2,Remote (India),Full-time,Medium (201-1000),Hybrid,4219847.23,"SQL, Project Management, Leadership, Excel",1,1,5123827.97
37,Female,PhD,UX Designer,Consulting,12.6,Ahmedabad,Freelance,Medium (201-1000),Hybrid,1498978.42,"JavaScript, Excel",2,0,1514119.62
27,Female,Master's,Product Manager,Education,5.5,Hyderabad,Full-time,Enterprise (5000+),Hybrid,1066246.61,"Leadership, Data Analysis, Python, Java, Excel",2,1,4252435.1
39,Male,Bachelor's,Financial Analyst,Finance,11.9,Hyderabad,Full-time,Startup (1-50),Hybrid,984544.51,"Cloud Computing, SQL",3,0,1118863.47
26,Male,Bachelor's,Graphic Designer,Manufacturing,1.4,Bangalore,Full-time,Large (1000-5000),On-site,400232.55,"Java, Communication, Cloud Computing",0,0,641280.96
31,Female,PhD,Sales Manager,Healthcare,2.3,Ahmedabad,Contract,Medium (201-1000),Remote,1237828.68,"Project Management, SQL, JavaScript, Communication",3,1,1897966.71
31,Female,Bachelor's,Graphic Designer,Retail,9.6,Remote (India),Freelance,Medium (201-1000),Remote,300691.09,"SQL, Project Management, Communication, Leadership",3,0,587056.97
27,Female,Diploma,Customer Support Executive,Manufacturing,4.2,Jaipur,Part-time,Startup (1-50),Remote,136834.8,"Project Management, Excel",2,0,146456.77
25,Female,Diploma,Marketing Manager,Finance,6.3,Kolkata,Full-time,Medium (201-1000),Hybrid,880890.3,"Leadership, C++",2,1,1503675.05
29,Male,Master's,Research Scientist,Consulting,3.5,Hyderabad,Full-time,Enterprise (5000+),Remote,2120509.73,"C++, Project Management, Java, SQL, JavaScript",2,1,3700469.17
30,Female,Master's,HR Executive,Consulting,5.1,Remote (India),Freelance,Large (1000-5000),On-site,367446.58,"Python, Cloud Computing, Java",1,0,753229.02
33,Male,Master's,DevOps Engineer,Government,8.1,Pune,Full-time,Large (1000-5000),Remote,2014749.12,"Machine Learning, Excel",3,0,2472962.55
26,Male,Master's,UX Designer,Government,2.1,Jaipur,Full-time,Enterprise (5000+),Remote,630238.89,"Java, SQL, C++, Python, Cloud Computing",1,0,1341592.2
27,Male,Bachelor's,Software Engineer,Information Technology,3.8,Bangalore,Part-time,Startup (1-50),Remote,579530.16,"Project Management, Excel",3,0,692943.66
34,Male,Diploma,Operations Manager,Telecommunications,12.2,Chennai,Full-time,Enterprise (5000+),Hybrid,1027971.91,"Data Analysis, Python, SQL",3,1,2178113.92
29,Female,Diploma,Executive Director,Education,3.4,Delhi NCR,Full-time,Enterprise (5000+),Remote,2919929.18,"Machine Learning, Excel, Project Management, Python, JavaScript",1,1,4710761.74
27,Female,Master's,Senior Software Engineer,Consulting,6.5,Pune,Full-time,Small (51-200),Remote,2642205.52,"Data Analysis, C++",3,1,3192561.81
33,Female,Bachelor's,Senior Software Engineer,Retail,5.5,Mumbai,Full-time,Enterprise (5000+),Hybrid,1898910.66,"Excel, Java, Data Analysis, Project Management, Machine Learning",0,1,3647046.25
32,Female,Bachelor's,Content Writer,Retail,3.9,Delhi NCR,Full-time,Medium (201-1000),Remote,340132.3,"SQL, Cloud Computing, Machine Learning, Data Analysis, Python",1,0,572605.52
27,Female,Master's,HR Executive,Telecommunications,4.0,Remote (India),Full-time,Medium (201-1000),Remote,431014.49,"C++, JavaScript, Python, Cloud Computing, Communication",0,0,701620.87
31,Female,Bachelor's,Data Analyst,Retail,3.6,Jaipur,Full-time,Large (1000-5000),Hybrid,,"Excel, Cloud Computing",1,1,786599.35
33,Male,Bachelor's,DevOps Engineer,Finance,5.4,Chennai,Full-time,Large (1000-5000),Hybrid,1480881.42,"Machine Learning, Project Management",2,0,2679508.98
41,Female,Bachelor's,Project Manager,Education,,Delhi NCR,Full-time,Small (51-200),Hybrid,1006597.02,"JavaScript, Data Analysis, Excel, Project Management, Python",3,1,1583411.15
36,Female,Master's,Marketing Manager,Retail,12.5,Bangalore,Part-time,Large (1000-5000),Hybrid,878032.16,"Machine Learning, Python, Data Analysis",3,1,1462023.43
34,Male,Bachelor's,Sales Executive,Telecommunications,2.6,Remote (India),Full-time,Enterprise (5000+),Remote,326867.98,"Java, JavaScript",0,0,735130.6
29,Male,Bachelor's,Data Scientist,Telecommunications,4.3,Jaipur,Full-time,Small (51-200),Hybrid,1102188.32,"Data Analysis, Python, Leadership",2,0,1194244.97
28,Female,Bachelor's,Executive Director,Healthcare,6.3,Kolkata,Full-time,Enterprise (5000+),Hybrid,3904238.33,"Excel, Communication",2,1,6980109.84
23,Female,Bachelor's,Administrative Assistant,Retail,2.1,Hyderabad,Full-time,Startup (1-50),Hybrid,322324.14,"Python, Project Management",0,1,339772.28
36,Female,Bachelor's,Administrative Assistant,Retail,5.5,Chennai,Full-time,Small (51-200),On-site,,"Project Management, Python",1,0,329070.02
33,Male,Master's,Administrative Assistant,Finance,12.0,Ahmedabad,Full-time,Enterprise (5000+),Remote,407490.13,"Cloud Computing, Excel, Communication, Project Management, Python",0,0,602382.83
29,Female,Bachelor's,HR Manager,Telecommunications,3.3,Mumbai,Full-time,Small (51-200),Hybrid,1390851.17,"SQL, Cloud Computing, JavaScript, Communication",0,1,1528535.69
29,Male,Bachelor's,Administrative Assistant,Finance,5.4,Ahmedabad,Full-time,Enterprise (5000+),On-site,279747.68,"C++, Cloud Computing",2,0,534777.26
32,Male,Bachelor's,Senior Software Engineer,Manufacturing,6.3,Delhi NCR,Full-time,Large (1000-5000),Hybrid,1642379.97,"SQL, Cloud Computing, JavaScript",3,0,2289841.68
27,Male,PhD,Content Writer,Manufacturing,4.7,Mumbai,Full-time,Large (1000-5000),Hybrid,537443.74,"Project Management, Machine Learning",0,0,994630.62
32,Male,PhD,HR Executive,Information Technology,5.5,Ahmedabad,Full-time,Medium (201-1000),Remote,514019.78,"Excel, Data Analysis, Cloud Computing, Leadership",1,0,808283.39
25,Other,PhD,HR Manager,Finance,5.6,Delhi NCR,Full-time,Small (51-200),Hybrid,2382271.81,"Leadership, Project Management",3,1,2602814.75
21,Female,Diploma,Sales Manager,Retail,1.0,Hyderabad,Full-time,Large (1000-5000),Remote,866097.66,"Cloud Computing, Python",1,1,1467507.32
29,Male,Diploma,HR Executive,Government,2.6,Kolkata,Full-time,Enterprise (5000+),On-site,348199.5,"Java, C++, Machine Learning, Communication",2,1,544361.66
30,Female,Bachelor's,Product Manager,Consulting,8.9,Jaipur,Full-time,Medium (201-1000),Hybrid,1951839.96,"Project Management, Excel",3,1,2944602.82
25,Male,Master's,Administrative Assistant,Telecommunications,,Remote (India),Full-time,Large (1000-5000),On-site,378439.14,"Data Analysis, Communication",0,0,509652.44
28,Male,Master's,Data Scientist,Healthcare,5.7,Hyderabad,Full-time,Startup (1-50),Remote,1722088.38,"SQL, Leadership, Excel, Python",1,0,2196236.65
27,Female,Bachelor's,Administrative Assistant,Telecommunications,3.0,Bangalore,Full-time,Startup (1-50),Hybrid,266355.94,"Cloud Computing, SQL, Leadership, JavaScript",0,0,428720.24
27,Male,Diploma,Marketing Manager,Retail,3.6,Chennai,Full-time,Large (1000-5000),Remote,779152.57,"JavaScript, Excel",2,1,1309238.05
31,Female,Bachelor's,Product Manager,Education,5.2,Bangalore,Full-time,Small (51-200),Hybrid,1571249.92,"Communication, Project Management, Java, C++",0,1,2466073.09
41,Male,Master's,Sales Manager,Retail,8.9,Jaipur,Contract,Large (1000-5000),Hybrid,862056.5,"Project Management, JavaScript, Data Analysis, Leadership",3,1,2013461.4
31,Female,Bachelor's,Data Scientist,Finance,12.4,Hyderabad,Full-time,Enterprise (5000+),Hybrid,1894634.75,"Cloud Computing, Java, Machine Learning, Project Management",2,0,3503281.68
33,Male,Bachelor's,Operations Manager,Telecommunications,8.2,Chennai,Contract,Medium (201-1000),Remote,931011.32,"Machine Learning, Excel",1,1,1483643.89
27,Male,Master's,HR Manager,Education,8.5,Chennai,Freelance,Medium (201-1000),Remote,879973.89,"Leadership, SQL, Excel",1,1,1242694.08
28,Male,Master's,Project Manager,Information Technology,6.0,Kolkata,Full-time,Enterprise (5000+),Hybrid,1627025.49,"Communication, Excel, C++, Cloud Computing",1,1,2834521.33
31,Male,High School,Administrative Assistant,Telecommunications,5.3,Delhi NCR,Full-time,Enterprise (5000+),On-site,270170.22,"JavaScript, Project Management, Excel",2,0,413794.0
32,Male,Bachelor's,Data Analyst,Education,7.2,Pune,Full-time,Startup (1-50),Remote,556427.58,"Python, JavaScript, Data Analysis, SQL, Excel",2,0,713572.27
37,Female,Master's,Content Writer,Consulting,11.6,Bangalore,Full-time,Medium (201-1000),Remote,899579.85,"Communication, SQL, JavaScript, Project Management, Python",0,1,1376343.26
38,Male,Bachelor's,Data Analyst,Telecommunications,10.2,Kolkata,Full-time,Enterprise (5000+),On-site,541636.27,"Cloud Computing, Data Analysis, Communication, C++, Excel",3,0,1115090.34
24,Female,Bachelor's,QA Engineer,Media,1.3,Delhi NCR,Full-time,Small (51-200),Remote,759158.95,"JavaScript, Leadership",0,1,833853.39
36,Female,Bachelor's,Content Writer,Retail,7.0,Jaipur,Full-time,Startup (1-50),On-site,268570.61,"Data Analysis, JavaScript",2,0,346534.79
34,Male,Bachelor's,Executive Director,Healthcare,6.0,Pune,Freelance,Large (1000-5000),Hybrid,4429213.35,"JavaScript, Python",1,1,5287934.82
30,Female,Diploma,Senior Software Engineer,Media,6.5,Mumbai,Full-time,Medium (201-1000),Remote,1427714.54,"Cloud Computing, Communication, Project Management",0,0,1823673.5
38,Female,Bachelor's,Data Scientist,Manufacturing,15.2,Kolkata,Full-time,Small (51-200),On-site,1308814.79,"Data Analysis, C++",0,0,1501621.52
36,Female,Master's,Administrative Assistant,Media,14.3,Jaipur,Full-time,Enterprise (5000+),On-site,394588.97,"Java, Python",1,0,617038.57
33,Female,Master's,Administrative Assistant,Manufacturing,7.5,Delhi NCR,Part-time,Startup (1-50),Remote,230446.38,"Excel, Communication, JavaScript, Cloud Computing",2,0,267545.71
28,Female,Diploma,Operations Manager,Media,11.6,Kolkata,Full-time,Medium (201-1000),Remote,823402.3,"Java, JavaScript, Leadership, Excel",2,1,1435975.6
28,Female,Bachelor's,Administrative Assistant,Information Technology,7.2,Kolkata,Full-time,Large (1000-5000),On-site,451427.34,"SQL, JavaScript, Machine Learning",3,0,571963.96
30,Female,Bachelor's,Administrative Assistant,Healthcare,3.1,Jaipur,Full-time,Large (1000-5000),Remote,303059.35,"C++, Cloud Computing, Java, SQL",1,0,418005.13
35,Female,Bachelor's,Sales Executive,Telecommunications,11.6,Mumbai,Full-time,Small (51-200),Remote,762666.87,"Java, C++, Excel",2,0,932595.29
23,Female,Master's,Data Scientist,Telecommunications,6.3,Kolkata,Contract,Startup (1-50),Remote,1248658.69,"C++, Machine Learning, Java, SQL",2,0,1632162.18
22,Male,Bachelor's,Content Writer,Manufacturing,0.8,Remote (India),Full-time,Enterprise (5000+),Hybrid,334664.73,"JavaScript, C++",1,0,605915.6
37,Male,Master's,Accountant,Healthcare,4.6,Pune,Full-time,Startup (1-50),Hybrid,731908.64,"SQL, Java",2,0,836612.13
36,Male,Master's,Data Scientist,Manufacturing,7.4,Jaipur,Full-time,Medium (201-1000),Hybrid,,"Java, Leadership, Data Analysis, Cloud Computing, C++",0,0,1718851.36
28,Male,Bachelor's,Sales Executive,Healthcare,4.2,Hyderabad,Full-time,Small (51-200),Hybrid,623405.86,"Communication, JavaScript, Excel, Python",2,1,915013.01
23,Male,High School,HR Manager,Telecommunications,5.7,Jaipur,Full-time,Enterprise (5000+),On-site,745787.11,"Data Analysis, Java, Cloud Computing, Project Management, C++",2,1,1201451.9
33,Male,Bachelor's,DevOps Engineer,Manufacturing,7.1,Kolkata,Freelance,Large (1000-5000),On-site,1130007.01,"Data Analysis, Cloud Computing",1,0,1569677.41
28,Male,Master's,Software Engineer,Education,10.2,Remote (India),Full-time,Medium (201-1000),Hybrid,1379399.97,"Cloud Computing, JavaScript, Leadership, Python",1,1,1594069.62
30,Male,High School,Marketing Manager,Retail,3.9,Remote (India),Full-time,Small (51-200),Hybrid,826360.31,"Cloud Computing, JavaScript, Machine Learning",2,1,942513.6
33,Male,Diploma,HR Executive,Government,3.9,Delhi NCR,Full-time,Startup (1-50),On-site,302802.5,"Cloud Computing, Java, SQL",3,0,436950.83
32,Male,Bachelor's,UX Designer,Manufacturing,,Mumbai,Freelance,Medium (201-1000),On-site,1035007.81,"Cloud Computing, Leadership",2,0,1438281.11
27,Male,Bachelor's,HR Manager,Media,3.2,Chennai,Full-time,Medium (201-1000),On-site,928174.68,"Python, Communication, Excel, Cloud Computing",2,1,1472987.58
31,Female,Diploma,Research Scientist,Manufacturing,6.6,Remote (India),Full-time,Large (1000-5000),Hybrid,969433.14,"Python, Data Analysis, Java",3,0,1532136.96
39,Male,PhD,Sales Manager,Retail,19.2,Delhi NCR,Full-time,Small (51-200),Remote,2753961.38,"Communication, Data Analysis",2,1,3058224.76
32,Male,Diploma,DevOps Engineer,Government,3.2,Ahmedabad,Full-time,Small (51-200),On-site,851292.15,"Excel, Python, C++, JavaScript",0,0,1034203.05
23,Male,Diploma,Financial Analyst,Media,0.2,Mumbai,Full-time,Small (51-200),Hybrid,515580.39,"SQL, Communication, Project Management, Leadership, Machine Learning",0,0,797439.48
39,Male,High School,Administrative Assistant,Media,9.3,Mumbai,Full-time,Small (51-200),Hybrid,348077.71,"Leadership, Data Analysis, Python, Java, C++",0,0,351593.64
24,Female,Bachelor's,Operations Manager,Education,1.6,Pune,Full-time,Medium (201-1000),Hybrid,1028832.41,"SQL, Cloud Computing, Leadership",2,1,1306323.1
33,Male,High School,Data Scientist,Education,7.7,Chennai,Full-time,Large (1000-5000),Hybrid,907833.24,"Excel, Leadership, Project Management, Machine Learning, C++",1,0,1365641.27
25,Female,PhD,UX Designer,Information Technology,5.2,Chennai,Part-time,Small (51-200),Hybrid,969111.94,"Machine Learning, Data Analysis, SQL, Communication, Java",3,0,1139761.99
34,Male,Diploma,Executive Director,Education,9.3,Delhi NCR,Full-time,Medium (201-1000),Hybrid,2895139.08,"Communication, Data Analysis, Machine Learning, C++, JavaScript",2,1,4973865.55
28,Male,Bachelor's,Graphic Designer,Consulting,5.5,Ahmedabad,Full-time,Small (51-200),Hybrid,406739.8,"Excel, C++, Cloud Computing, Leadership",3,0,650429.55
41,Male,Master's,Sales Executive,Government,12.9,Delhi NCR,Full-time,Large (1000-5000),Remote,705105.28,"Cloud Computing, Machine Learning, Excel, C++",1,0,1250473.21
24,Male,High School,Administrative Assistant,Telecommunications,3.2,Remote (India),Full-time,Medium (201-1000),Hybrid,206849.0,"Cloud Computing, Machine Learning, Excel",3,1,384504.9
37,Male,PhD,Research Scientist,Information Technology,10.5,Jaipur,Full-time,Large (1000-5000),On-site,2404391.41,"Python, Data Analysis, Machine Learning, Excel, Communication",3,1,3471670.58
32,Female,Bachelor's,Senior Software Engineer,Consulting,6.6,Kolkata,Full-time,Medium (201-1000),Hybrid,1332538.53,"Excel, Communication, Leadership, Machine Learning, Java",3,1,2738776.14
34,Female,Bachelor's,Data Scientist,Finance,4.3,Kolkata,Full-time,Large (1000-5000),On-site,,"Cloud Computing, Python",0,0,1778178.4
27,Male,Master's,Operations Manager,Finance,2.3,Ahmedabad,Full-time,Enterprise (5000+),Hybrid,1039752.08,"Data Analysis, SQL, Python",2,1,2070548.59
30,Female,High School,Product Manager,Media,3.7,Remote (India),Full-time,Medium (201-1000),Remote,1334170.13,"Java, JavaScript, Cloud Computing, Excel",1,1,1823495.98
21,Female,Bachelor's,Research Scientist,Government,3.0,Hyderabad,Full-time,Startup (1-50),Remote,990817.79,"JavaScript, Machine Learning, Leadership, Project Management, Java",0,0,1350220.03
33,Female,Bachelor's,Graphic Designer,Education,8.2,Delhi NCR,Full-time,Enterprise (5000+),Hybrid,481221.02,"Excel, SQL",1,0,677084.59
30,Male,Bachelor's,HR Manager,Consulting,3.8,Chennai,Full-time,Small (51-200),Remote,,"Cloud Computing, Java, SQL, C++, Machine Learning",1,1,1515145.34
21,Male,Bachelor's,Business Analyst,Consulting,4.1,Remote (India),Full-time,Medium (201-1000),Remote,826069.58,"Excel, Communication, Cloud Computing",2,0,1100896.7
40,Female,PhD,Project Manager,Consulting,10.3,Delhi NCR,Contract,Startup (1-50),Remote,2113033.48,"SQL, Communication, C++, Java",3,1,2467397.35
28,Female,PhD,Product Manager,Healthcare,3.7,Chennai,Full-time,Small (51-200),Hybrid,2458006.89,"Leadership, Machine Learning, Cloud Computing, Python, C++",1,1,4104126.82
29,Female,Bachelor's,Senior Software Engineer,Manufacturing,5.3,Bangalore,Full-time,Small (51-200),Remote,1712730.32,"Data Analysis, Java, Leadership, Excel, Machine Learning",1,0,2142923.43
31,Female,Master's,Content Writer,Retail,8.5,Delhi NCR,Full-time,Small (51-200),Remote,508605.62,"Project Management, C++, Cloud Computing, Java",2,0,746464.88
34,Female,Bachelor's,Sales Manager,Retail,9.9,Remote (India),Contract,Enterprise (5000+),Hybrid,835278.83,"Machine Learning, Java, C++",2,1,1825940.25
31,Male,Bachelor's,Graphic Designer,Healthcare,2.0,Chennai,Full-time,Startup (1-50),Remote,481507.38,"Project Management, Java, Communication, SQL, Python",1,0,527314.12
31,Male,Bachelor's,Marketing Manager,Media,1.8,Remote (India),Full-time,Startup (1-50),On-site,1044029.01,"Machine Learning, Cloud Computing, Excel, Data Analysis, Java",1,1,1151239.17
28,Male,PhD,Customer Support Executive,Education,5.3,Remote (India),Full-time,Enterprise (5000+),Hybrid,390061.37,"JavaScript, Excel",2,0,596484.71
41,Male,Master's,UX Designer,Telecommunications,10.4,Ahmedabad,Full-time,Medium (201-1000),Remote,935069.95,"JavaScript, C++, Excel",2,0,1498901.0
32,Female,Diploma,Content Writer,Telecommunications,5.8,Delhi NCR,Full-time,Enterprise (5000+),Hybrid,507670.28,"Communication, Machine Learning, Excel",0,0,675672.7
27,Female,Diploma,Marketing Manager,Media,2.0,Chennai,Full-time,Startup (1-50),On-site,774464.69,"Java, Data Analysis, Python",0,1,1069191.43
36,Male,Master's,Customer Support Executive,Manufacturing,6.8,Bangalore,Full-time,Small (51-200),On-site,536505.68,"Java, Excel, Machine Learning",0,0,541924.93
50,Female,Master's,Project Manager,Retail,27.7,Pune,Full-time,Small (51-200),On-site,2126387.88,"Python, Leadership, SQL, Data Analysis, Cloud Computing",0,1,2700964.64
41,Male,Bachelor's,Product Manager,Information Technology,8.8,Mumbai,Full-time,Small (51-200),Remote,2133930.69,"JavaScript, Cloud Computing, Excel",0,1,3522489.62
37,Female,Bachelor's,Financial Analyst,Manufacturing,7.2,Pune,Full-time,Medium (201-1000),Remote,861363.98,"Machine Learning, C++, Java, Project Management",3,1,1311702.98
31,Male,Bachelor's,Marketing Manager,Telecommunications,5.3,Hyderabad,Full-time,Medium (201-1000),On-site,1335430.78,"SQL, Cloud Computing, Data Analysis, C++",1,1,1586602.08
39,Female,PhD,Content Writer,Healthcare,11.5,Hyderabad,Full-time,Medium (201-1000),Remote,680933.93,"Communication, Data Analysis, Project Management",1,1,1218111.81
34,Female,Diploma,QA Engineer,Telecommunications,8.5,Jaipur,Full-time,Large (1000-5000),Hybrid,500640.16,"Cloud Computing, SQL, JavaScript, Data Analysis",2,0,817241.28
36,Female,Bachelor's,Operations Manager,Consulting,11.6,Ahmedabad,Part-time,Startup (1-50),On-site,828885.35,"C++, JavaScript, Python, Leadership, Cloud Computing",2,1,837257.93
34,Female,Master's,Product Manager,Media,14.0,Remote (India),Full-time,Medium (201-1000),On-site,3485643.07,"Data Analysis, Leadership, Project Management, Python, C++",0,1,3520851.58
36,Male,Bachelor's,Marketing Manager,Retail,17.1,Chennai,Contract,Enterprise (5000+),Remote,1298794.87,"JavaScript, Python, Excel, Machine Learning",0,1,2325939.66
25,Male,Diploma,QA Engineer,Government,3.4,Bangalore,Full-time,Startup (1-50),Remote,829233.5,"SQL, JavaScript, Java, Data Analysis",3,1,858633.8
25,Female,Bachelor's,Sales Manager,Consulting,1.3,Kolkata,Full-time,Small (51-200),On-site,974114.72,"Python, C++, Leadership",3,1,1446224.51
37,Male,Master's,Product Manager,Healthcare,15.5,Bangalore,Full-time,Small (51-200),Remote,3766455.59,"Cloud Computing, C++, Project Management",3,1,4744566.18
25,Male,Bachelor's,Administrative Assistant,Government,4.3,Delhi NCR,Contract,Large (1000-5000),Remote,211547.79,"Data Analysis, Java, SQL, C++",0,0,453565.75
25,Male,Master's,Marketing Manager,Education,1.1,Chennai,Full-time,Enterprise (5000+),Hybrid,1123275.29,"Excel, Cloud Computing, Machine Learning, Project Management, Python",3,1,1936147.88
28,Female,Bachelor's,Sales Manager,Media,7.7,Ahmedabad,Full-time,Startup (1-50),On-site,1247823.74,"JavaScript, Python",2,1,1270319.28
30,Male,High School,Research Scientist,Telecommunications,5.4,Remote (India),Full-time,Startup (1-50),Hybrid,1156954.07,"Machine Learning, Java, Excel",2,0,1240611.87
30,Male,Master's,HR Manager,Consulting,2.4,Delhi NCR,Full-time,Medium (201-1000),On-site,1944805.96,"SQL, Java",1,1,1964450.47
40,Female,Master's,Business Analyst,Telecommunications,14.2,Bangalore,Full-time,Medium (201-1000),Hybrid,1146488.99,"Cloud Computing, Excel, Project Management, JavaScript, Data Analysis",3,1,2113396.13
32,Male,Master's,Data Scientist,Manufacturing,5.5,Delhi NCR,Part-time,Small (51-200),Remote,889414.76,"Project Management, C++, Machine Learning, Communication, Java",0,0,1081699.04
34,Female,Bachelor's,Business Analyst,Finance,9.8,Mumbai,Full-time,Medium (201-1000),On-site,781438.01,"Project Management, Leadership",0,0,1519546.13
23,Male,Bachelor's,Sales Manager,Finance,3.0,Jaipur,Full-time,Enterprise (5000+),Remote,1857006.76,"Leadership, Cloud Computing, JavaScript",3,1,2103694.57
30,Male,Diploma,HR Executive,Media,3.3,Chennai,Full-time,Small (51-200),Hybrid,233567.61,"Cloud Computing, JavaScript, Excel, Leadership, C++",0,0,444415.43
24,Female,Bachelor's,Senior Software Engineer,Manufacturing,4.9,Jaipur,Full-time,Startup (1-50),Remote,757576.38,"Leadership, Machine Learning, Project Management",0,0,1225859.43
26,Male,Bachelor's,HR Manager,Government,3.1,Hyderabad,Full-time,Medium (201-1000),Remote,1268989.03,"C++, Python, Machine Learning",2,1,1298118.44
37,Female,High School,Content Writer,Education,15.2,Bangalore,Full-time,Startup (1-50),On-site,451650.41,"Excel, Data Analysis",3,0,456212.54
25,Male,Master's,Sales Executive,Media,0.6,Bangalore,Full-time,Small (51-200),Remote,476054.5,"Machine Learning, Excel, Leadership, Project Management",2,0,723559.56
27,Male,PhD,Software Engineer,Information Technology,4.9,Jaipur,Freelance,Medium (201-1000),On-site,604881.95,"JavaScript, C++, Excel",1,0,1381297.04
29,Male,High School,Research Scientist,Government,4.2,Delhi NCR,Full-time,Large (1000-5000),On-site,1064530.11,"Data Analysis, Machine Learning, JavaScript, Python, Leadership",3,0,1619805.66
28,Male,Master's,Accountant,Retail,4.4,Remote (India),Part-time,Small (51-200),Hybrid,270197.83,"Excel, Communication, C++, Leadership, Java",3,0,377946.1
60,Male,High School,Business Analyst,Healthcare,32.6,Hyderabad,Full-time,Large (1000-5000),Hybrid,1009407.72,"Excel, Communication, Java",2,0,1586063.64
39,Male,Bachelor's,QA Engineer,Information Technology,15.0,Jaipur,Full-time,Large (1000-5000),On-site,692333.53,"Data Analysis, Project Management, SQL, Cloud Computing, Java",1,0,1427206.31
42,Female,Bachelor's,UX Designer,Media,14.7,Jaipur,Freelance,Medium (201-1000),Remote,578001.96,"Communication, JavaScript, Project Management, Python, SQL",2,0,985174.71
29,Female,Master's,Sales Manager,Healthcare,3.9,Mumbai,Full-time,Large (1000-5000),On-site,2088428.83,"Communication, Java",2,1,3006789.16
35,Male,Bachelor's,Executive Director,Information Technology,9.7,Delhi NCR,Full-time,Large (1000-5000),On-site,6115149.43,"Cloud Computing, SQL, Python",2,1,9278837.26
44,Male,Diploma,Financial Analyst,Education,17.0,Ahmedabad,Contract,Startup (1-50),Hybrid,591470.71,"Cloud Computing, Project Management, Leadership, JavaScript",1,0,642202.59
32,Male,Bachelor's,Financial Analyst,Consulting,2.8,Bangalore,Full-time,Small (51-200),On-site,1051554.0,"Excel, Cloud Computing, Java, Project Management, Python",3,0,1250092.93
30,Male,Bachelor's,Data Scientist,Information Technology,8.1,Kolkata,Full-time,Small (51-200),Hybrid,1191656.89,"Python, Machine Learning",1,0,1679604.54
32,Female,Diploma,Data Analyst,Information Technology,2.5,Ahmedabad,Full-time,Small (51-200),Hybrid,478055.51,"Leadership, C++",3,0,668368.99
26,Female,Bachelor's,Executive Director,Media,3.7,Remote (India),Full-time,Large (1000-5000),Hybrid,3244259.14,"Project Management, Java, Communication, Machine Learning",1,1,5571397.32
22,Female,Master's,Product Manager,Healthcare,2.5,Chennai,Full-time,Large (1000-5000),On-site,2017532.06,"Machine Learning, C++, Data Analysis, JavaScript",1,1,3543446.63
26,Female,High School,Product Manager,Healthcare,1.8,Pune,Part-time,Enterprise (5000+),Hybrid,1004452.99,"Leadership, Data Analysis, Python, Java, Communication",3,1,1240753.31
25,Female,Master's,Data Scientist,Telecommunications,2.4,Ahmedabad,Full-time,Startup (1-50),Remote,1416372.06,"JavaScript, Python, Cloud Computing, C++, Java",1,0,1459832.2
23,Male,Diploma,DevOps Engineer,Healthcare,2.3,Delhi NCR,Full-time,Large (1000-5000),On-site,1298991.88,"Project Management, Data Analysis",0,0,1903267.34
29,Male,Master's,DevOps Engineer,Finance,3.9,Hyderabad,Full-time,Startup (1-50),Remote,2187389.67,"JavaScript, Project Management, Communication, Excel, Data Analysis",0,0,2209484.52
33,Male,Bachelor's,Data Scientist,Telecommunications,5.8,Hyderabad,Full-time,Small (51-200),Remote,1550792.69,"Python, Excel",2,0,1566457.26
29,Male,Bachelor's,Software Engineer,Government,,Chennai,Contract,Enterprise (5000+),On-site,705356.58,"Communication, Data Analysis",2,0,1038000.17
33,Male,Bachelor's,Sales Manager,Telecommunications,2.6,Bangalore,Full-time,Large (1000-5000),Hybrid,1306417.87,"Java, C++, Excel, Leadership, Machine Learning",1,1,2212908.18
34,Female,PhD,Software Engineer,Retail,7.7,Bangalore,Full-time,Enterprise (5000+),Hybrid,,"Project Management, Excel, C++",1,1,2660277.13
35,Female,Bachelor's,DevOps Engineer,Media,8.6,Mumbai,Full-time,Enterprise (5000+),Hybrid,,"Communication, Leadership, Python, C++",0,0,3151084.91
28,Male,Master's,HR Manager,Consulting,9.8,Remote (India),Full-time,Small (51-200),Remote,1288186.49,"Data Analysis, Communication, Python",3,1,2125579.24
39,Female,Bachelor's,Research Scientist,Consulting,8.5,Chennai,Full-time,Enterprise (5000+),On-site,1712071.43,"Java, Leadership, Data Analysis, JavaScript",1,1,2752936.03
32,Male,PhD,UX Designer,Healthcare,5.7,Mumbai,Full-time,Enterprise (5000+),On-site,2122082.22,"Python, Java, Leadership, C++",3,0,2621197.49
30,Male,Bachelor's,UX Designer,Retail,8.9,Pune,Full-time,Startup (1-50),On-site,897170.4,"Project Management, Communication, Python",2,0,1017967.46
35,Male,Master's,HR Executive,Media,11.0,Jaipur,Full-time,Large (1000-5000),Hybrid,381471.79,"Data Analysis, Project Management, Python",2,0,752764.58
22,Male,Bachelor's,Sales Manager,Healthcare,5.9,Bangalore,Full-time,Small (51-200),Hybrid,1670125.79,"Communication, Machine Learning, JavaScript, SQL, C++",2,1,2113723.47
22,Male,Master's,Data Scientist,Media,5.7,Mumbai,Full-time,Large (1000-5000),Remote,1510430.52,"Data Analysis, Excel, Machine Learning, Leadership",1,0,2994274.37
30,Female,Master's,Marketing Manager,Consulting,4.2,Pune,Full-time,Small (51-200),Hybrid,1730165.25,"Data Analysis, Cloud Computing, Leadership, Project Management, JavaScript",1,1,2047629.43
24,Male,Bachelor's,Research Scientist,Media,1.6,Mumbai,Full-time,Small (51-200),On-site,1516389.74,"Leadership, Excel",3,0,1531706.81
32,Female,Bachelor's,Sales Manager,Information Technology,12.2,Mumbai,Full-time,Startup (1-50),On-site,1791768.24,"Java, Data Analysis, Python, Cloud Computing",0,1,2639405.71
38,Male,Bachelor's,Sales Executive,Retail,14.4,Remote (India),Full-time,Small (51-200),On-site,410564.16,"Java, Cloud Computing, Excel, Leadership, SQL",3,0,797942.74
34,Female,Bachelor's,Data Scientist,Information Technology,11.4,Pune,Contract,Small (51-200),Remote,1434488.3,"Python, Machine Learning, C++, Excel",3,0,2328310.65
34,Male,Bachelor's,Content Writer,Retail,4.9,Delhi NCR,Full-time,Large (1000-5000),Remote,480809.0,"Data Analysis, Leadership",2,0,699663.47
30,Male,High School,Graphic Designer,Healthcare,6.2,Jaipur,Freelance,Enterprise (5000+),On-site,261468.56,"Python, JavaScript, Communication",0,0,469265.95
51,Female,Master's,Accountant,Information Technology,24.5,Ahmedabad,Full-time,Enterprise (5000+),Remote,910725.27,"Leadership, Python",2,0,1542939.09
28,Male,Master's,Sales Executive,Consulting,7.5,Chennai,Full-time,Small (51-200),On-site,563287.32,"Data Analysis, Leadership, C++, Communication, Excel",0,0,838250.88
24,Male,Master's,QA Engineer,Manufacturing,4.3,Remote (India),Full-time,Large (1000-5000),Remote,413855.97,"Cloud Computing, Leadership",1,1,1202804.76
21,Male,Diploma,Content Writer,Consulting,6.3,Jaipur,Full-time,Small (51-200),Remote,365897.58,"Machine Learning, Excel",3,0,411050.52
35,Female,Master's,Senior Software Engineer,Finance,10.3,Mumbai,Full-time,Startup (1-50),Remote,3022733.94,"Machine Learning, Python",3,0,3296798.14
44,Male,Master's,Sales Executive,Finance,17.7,Mumbai,Full-time,Small (51-200),Hybrid,1241047.39,"Cloud Computing, Java, Excel, Data Analysis, Communication",0,0,1302780.08
31,Male,Bachelor's,Sales Executive,Information Technology,3.2,Remote (India),Full-time,Enterprise (5000+),On-site,743251.98,"Excel, C++, JavaScript, Cloud Computing",0,0,917408.19
35,Male,Master's,Senior Software Engineer,Healthcare,4.4,Hyderabad,Full-time,Large (1000-5000),On-site,1720185.88,"Communication, JavaScript, Java, Cloud Computing, Machine Learning",0,0,2995080.11
38,Female,Bachelor's,Research Scientist,Education,12.0,Pune,Part-time,Startup (1-50),Hybrid,796560.19,"SQL, Leadership, Communication, JavaScript, Python",2,0,865376.67
27,Female,Bachelor's,Marketing Manager,Education,4.7,Kolkata,Full-time,Enterprise (5000+),Remote,1039632.76,"Cloud Computing, Data Analysis",1,1,1406871.33
40,Male,PhD,Executive Director,Manufacturing,18.4,Pune,Full-time,Large (1000-5000),On-site,7176395.41,"JavaScript, Leadership, Excel",0,1,9659090.94
37,Male,Master's,Sales Executive,Telecommunications,7.6,Hyderabad,Full-time,Large (1000-5000),On-site,851161.8,"Communication, Cloud Computing",1,0,1113175.27
56,Female,Master's,Accountant,Government,24.6,Jaipur,Full-time,Small (51-200),Remote,769508.04,"Machine Learning, SQL, Python, JavaScript",1,1,1106023.89
33,Female,Master's,Sales Manager,Education,7.8,Ahmedabad,Full-time,Large (1000-5000),On-site,1259336.08,"Communication, Excel, JavaScript, SQL",1,1,1801537.65
30,Male,Master's,Data Scientist,Telecommunications,14.3,Jaipur,Full-time,Enterprise (5000+),On-site,1827584.78,"Excel, Leadership, Java, C++, Python",0,0,2903966.83
33,Male,Bachelor's,Content Writer,Finance,6.8,Pune,Full-time,Medium (201-1000),Remote,544047.41,"Java, Excel, SQL",2,0,662893.01
26,Male,Bachelor's,Data Analyst,Government,1.8,Hyderabad,Full-time,Large (1000-5000),Hybrid,377245.42,"Leadership, Machine Learning",1,0,887203.33
24,Female,Master's,Sales Manager,Finance,4.6,Kolkata,Full-time,Enterprise (5000+),Hybrid,2002401.21,"Python, Project Management, Leadership, JavaScript",0,1,2762724.89
31,Male,Master's,Sales Executive,Telecommunications,3.4,Remote (India),Freelance,Medium (201-1000),Hybrid,428257.67,"C++, Machine Learning, Java, Data Analysis",2,0,836116.5
28,Male,Bachelor's,Administrative Assistant,Information Technology,4.0,Delhi NCR,Full-time,Medium (201-1000),Remote,349071.72,"Data Analysis, C++",1,0,531667.3
34,Male,Bachelor's,Content Writer,Retail,5.4,Pune,Full-time,Startup (1-50),On-site,503530.65,"Cloud Computing, SQL, Machine Learning, Python",0,1,508616.81
35,Female,Bachelor's,Financial Analyst,Information Technology,11.6,Kolkata,Full-time,Startup (1-50),Remote,866115.2,"Data Analysis, JavaScript, Java, Project Management",0,0,1178527.06
25,Male,Bachelor's,Senior Software Engineer,Telecommunications,3.8,Delhi NCR,Full-time,Large (1000-5000),Remote,1804006.41,"Data Analysis, Cloud Computing, JavaScript, SQL, Communication",3,0,2454189.84
40,Male,Diploma,Software Engineer,Telecommunications,8.8,Mumbai,Full-time,Medium (201-1000),Hybrid,987883.36,"Project Management, Excel, JavaScript, Python, C++",0,0,1232111.04
30,Female,PhD,Research Scientist,Finance,3.0,Hyderabad,Contract,Medium (201-1000),On-site,2914542.79,"C++, SQL, JavaScript",2,1,3343310.35
36,Male,Master's,Executive Director,Media,12.2,Delhi NCR,Full-time,Medium (201-1000),Remote,6168047.68,"Java, Python, Excel, SQL",1,1,8174603.85
21,Female,Diploma,Executive Director,Retail,1.4,Pune,Full-time,Enterprise (5000+),On-site,2247848.93,"Data Analysis, Project Management, Java, Leadership, Python",3,1,5342707.38
34,Male,Bachelor's,Marketing Manager,Government,9.0,Ahmedabad,Full-time,Medium (201-1000),On-site,777757.67,"JavaScript, Java, Excel, Cloud Computing, Communication",2,1,1379341.7
39,Male,Master's,Software Engineer,Government,10.9,Hyderabad,Full-time,Large (1000-5000),Hybrid,1224780.2,"SQL, Java, Excel",2,1,2005389.25
27,Female,Bachelor's,Executive Director,Manufacturing,4.5,Delhi NCR,Full-time,Enterprise (5000+),On-site,4276061.61,"Leadership, JavaScript, Communication",0,1,6459796.95
34,Female,Master's,Marketing Manager,Retail,8.5,Ahmedabad,Full-time,Medium (201-1000),Remote,976802.15,"Leadership, Project Management, SQL, Java, Cloud Computing",1,1,2008534.94
41,Male,Bachelor's,UX Designer,Telecommunications,12.0,Bangalore,Part-time,Startup (1-50),On-site,847052.27,"JavaScript, Cloud Computing, Project Management",2,1,983098.02
31,Male,Diploma,Accountant,Manufacturing,10.7,Ahmedabad,Full-time,Medium (201-1000),Hybrid,242716.7,"JavaScript, Java, Python, Excel, Cloud Computing",3,0,693913.2
43,Male,Master's,HR Executive,Education,21.2,Kolkata,Full-time,Startup (1-50),On-site,561461.12,"Data Analysis, Cloud Computing",1,0,617756.93
30,Male,Bachelor's,Data Scientist,Telecommunications,6.7,Chennai,Full-time,Medium (201-1000),On-site,1715031.03,"Data Analysis, C++, Python, Project Management",3,0,2143987.88
29,Male,Bachelor's,HR Executive,Education,4.4,Jaipur,Freelance,Small (51-200),On-site,293427.12,"C++, Python, Data Analysis, JavaScript, Leadership",2,0,296391.03
24,Male,Master's,Software Engineer,Consulting,9.0,Bangalore,Full-time,Enterprise (5000+),Remote,1580707.34,"Machine Learning, Excel",2,0,2375458.69
34,Male,PhD,Administrative Assistant,Consulting,9.9,Bangalore,Full-time,Enterprise (5000+),Hybrid,629976.58,"Machine Learning, JavaScript, Java, Cloud Computing, Data Analysis",1,0,1115399.94
27,Female,Master's,Research Scientist,Healthcare,4.4,Pune,Full-time,Small (51-200),Remote,1569774.4,"Communication, Data Analysis, Project Management, Cloud Computing, C++",0,1,2804955.66
34,Male,PhD,Senior Software Engineer,Manufacturing,9.3,Mumbai,Freelance,Large (1000-5000),Hybrid,2564966.87,"Data Analysis, C++, JavaScript, Java, Communication",3,0,3362162.94
32,Male,Bachelor's,HR Executive,Retail,5.9,Ahmedabad,Full-time,Small (51-200),Remote,348800.36,"Java, Excel, SQL, JavaScript, C++",2,0,423067.43
29,Male,Bachelor's,Research Scientist,Media,5.0,Chennai,Full-time,Large (1000-5000),Hybrid,889851.9,"SQL, Leadership, Excel",0,0,1739829.08
30,Female,Bachelor's,Data Scientist,Manufacturing,4.6,Bangalore,Full-time,Enterprise (5000+),On-site,1326252.98,"Data Analysis, Excel",0,0,2060019.29
25,Female,Bachelor's,Executive Director,Media,5.3,Ahmedabad,Full-time,Startup (1-50),Remote,3007518.97,"SQL, Excel, Data Analysis, Project Management, Java",3,1,4087881.46
40,Male,Diploma,Data Scientist,Finance,11.9,Mumbai,Full-time,Small (51-200),Remote,1670532.21,"Data Analysis, JavaScript, C++",1,0,2100803.02
33,Female,Diploma,Product Manager,Retail,8.8,Hyderabad,Full-time,Enterprise (5000+),Remote,1531584.38,"Cloud Computing, SQL, Project Management, Communication, Data Analysis",0,1,2773422.93
45,Male,Bachelor's,Sales Executive,Government,16.4,Chennai,Full-time,Medium (201-1000),On-site,630791.08,"Excel, Data Analysis, Communication, Leadership",3,0,762954.42
30,Male,PhD,QA Engineer,Information Technology,5.1,Kolkata,Contract,Large (1000-5000),Remote,672872.08,"Java, Leadership, Data Analysis",3,0,1498303.24
30,Female,Master's,Content Writer,Government,7.6,Kolkata,Full-time,Startup (1-50),Hybrid,432377.96,"Project Management, Excel",2,0,512984.32
43,Female,Bachelor's,Administrative Assistant,Information Technology,17.8,Delhi NCR,Full-time,Enterprise (5000+),Hybrid,476496.17,"Machine Learning, Excel, Communication, C++",0,0,834894.56
33,Male,Bachelor's,UX Designer,Media,9.9,Ahmedabad,Full-time,Enterprise (5000+),Remote,1153918.44,"JavaScript, Cloud Computing",1,1,1572370.4
41,Female,Bachelor's,Sales Executive,Education,13.3,Kolkata,Full-time,Large (1000-5000),On-site,496549.63,"Python, Cloud Computing, Communication",0,1,754288.77
35,Male,Bachelor's,DevOps Engineer,Finance,11.1,Kolkata,Full-time,Large (1000-5000),Remote,1978061.15,"Leadership, Machine Learning, C++, Java, Communication",1,0,2817961.19
24,Male,Bachelor's,DevOps Engineer,Finance,4.0,Remote (India),Full-time,Startup (1-50),On-site,1053707.12,"Machine Learning, SQL, JavaScript, Cloud Computing, Leadership",1,0,1878846.34
36,Male,Bachelor's,Operations Manager,Media,9.2,Delhi NCR,Contract,Small (51-200),On-site,1001205.61,"Python, SQL, JavaScript, C++",1,1,1458438.79
30,Male,Bachelor's,Business Analyst,Finance,4.5,Pune,Full-time,Large (1000-5000),On-site,611380.15,"C++, SQL, Machine Learning, Excel",1,0,1195073.5
34,Female,Diploma,Operations Manager,Healthcare,5.7,Kolkata,Freelance,Startup (1-50),Hybrid,780902.45,"Python, Communication, Data Analysis",3,1,1087917.56
34,Male,Master's,Project Manager,Media,3.1,Delhi NCR,Full-time,Startup (1-50),Hybrid,1083554.77,"Communication, SQL, Data Analysis, Leadership, Machine Learning",3,1,1918225.16
30,Male,Master's,Operations Manager,Manufacturing,5.9,Delhi NCR,Full-time,Small (51-200),Remote,1992491.69,"Leadership, C++, Cloud Computing, Python",2,1,2012617.87
44,Female,Master's,Sales Executive,Retail,11.9,Bangalore,Full-time,Enterprise (5000+),On-site,776474.19,"Leadership, Data Analysis, SQL, Java",0,1,1451674.93
31,Female,Master's,Senior Software Engineer,Manufacturing,5.8,Jaipur,Part-time,Enterprise (5000+),Hybrid,888388.8,"Cloud Computing, Project Management, Machine Learning, SQL, Python",1,0,1418427.38
31,Male,Bachelor's,Product Manager,Healthcare,7.8,Mumbai,Full-time,Enterprise (5000+),Hybrid,2200051.02,"Excel, Java, SQL, JavaScript",3,1,3986392.65
29,Female,Master's,Operations Manager,Education,7.5,Chennai,Full-time,Small (51-200),On-site,1411913.81,"JavaScript, C++, SQL, Communication",0,1,1581311.98
35,Other,Bachelor's,Product Manager,Telecommunications,11.4,Mumbai,Contract,Small (51-200),On-site,1903452.87,"Leadership, C++, Communication",3,1,3193634.73
39,Male,Master's,QA Engineer,Healthcare,7.4,Pune,Full-time,Small (51-200),On-site,925017.55,"Excel, JavaScript, C++, Machine Learning, SQL",1,0,1139681.03
36,Female,High School,UX Designer,Telecommunications,5.3,Hyderabad,Part-time,Large (1000-5000),On-site,465523.85,"Java, Python, C++",1,0,622528.84
33,Male,Bachelor's,Operations Manager,Telecommunications,9.9,Jaipur,Contract,Medium (201-1000),Remote,1199151.04,"Machine Learning, SQL",3,1,1620281.42
36,Male,Bachelor's,Financial Analyst,Information Technology,6.4,Chennai,Full-time,Small (51-200),On-site,645034.43,"SQL, Excel, Machine Learning",2,0,1072304.97
45,Male,Bachelor's,HR Executive,Manufacturing,16.1,Remote (India),Full-time,Large (1000-5000),Remote,533187.85,"SQL, C++, Excel, JavaScript, Project Management",2,1,963127.46
38,Female,Master's,HR Manager,Retail,11.2,Remote (India),Full-time,Enterprise (5000+),Hybrid,1219167.94,"JavaScript, Data Analysis, Project Management, SQL",3,1,2211449.96
30,Male,Bachelor's,Financial Analyst,Education,2.3,Ahmedabad,Full-time,Large (1000-5000),Remote,639169.2,"C++, Python, Project Management, Excel, JavaScript",1,0,746149.97
26,Female,PhD,Sales Manager,Media,1.9,Jaipur,Full-time,Small (51-200),On-site,1091790.76,"SQL, Excel, Python, Leadership, Data Analysis",1,1,1717547.2
39,Male,High School,DevOps Engineer,Manufacturing,12.8,Chennai,Full-time,Small (51-200),Remote,1325087.17,"Project Management, Cloud Computing, Java, Communication",1,0,1479463.8
28,Female,Master's,HR Manager,Healthcare,2.0,Kolkata,Full-time,Enterprise (5000+),Remote,474087.09,"Machine Learning, Excel, SQL, Communication",2,1,1964768.18
28,Male,Bachelor's,Software Engineer,Retail,2.4,Ahmedabad,Full-time,Medium (201-1000),Hybrid,595727.75,"SQL, C++",1,0,828320.69
28,Male,Diploma,Product Manager,Government,1.0,Chennai,Full-time,Enterprise (5000+),Remote,1953217.13,"Excel, C++",3,1,2322122.12
31,Female,Master's,Senior Software Engineer,Telecommunications,5.4,Bangalore,Full-time,Medium (201-1000),On-site,2066378.9,"SQL, Excel, Java",2,0,2703487.26
31,Male,Master's,QA Engineer,Manufacturing,7.1,Jaipur,Full-time,Small (51-200),On-site,757378.19,"Data Analysis, Python",1,0,811470.93
42,Male,Bachelor's,Executive Director,Finance,7.8,Jaipur,Full-time,Large (1000-5000),Remote,3464395.82,"Project Management, Machine Learning",0,1,6485509.47
35,Male,PhD,Sales Manager,Education,4.7,Remote (India),Contract,Small (51-200),On-site,1407454.23,"Project Management, C++, Cloud Computing",1,1,1805326.12
21,Male,Master's,Customer Support Executive,Consulting,1.6,Chennai,Full-time,Medium (201-1000),Hybrid,378822.73,"Machine Learning, Java, Cloud Computing",0,0,517916.88
29,Male,Bachelor's,Product Manager,Education,4.4,Remote (India),Full-time,Enterprise (5000+),On-site,1628885.89,"Project Management, Leadership, Java, Data Analysis, C++",3,1,2919218.67
28,Male,Diploma,Sales Manager,Consulting,3.2,Jaipur,Full-time,Small (51-200),Hybrid,891326.03,"Excel, Java, Leadership, JavaScript",3,1,1347535.25
33,Female,Master's,Sales Executive,Finance,1.7,Jaipur,Part-time,Small (51-200),On-site,309088.33,"C++, Python, Communication",3,1,505462.27
29,Female,Bachelor's,HR Manager,Retail,9.8,Kolkata,Full-time,Startup (1-50),Remote,1152045.68,"Excel, Data Analysis, Machine Learning",1,1,1172676.78
23,Female,PhD,Sales Executive,Education,5.4,Jaipur,Full-time,Enterprise (5000+),Remote,638948.52,"Cloud Computing, Machine Learning",0,0,716432.54
27,Male,High School,Administrative Assistant,Education,8.0,Mumbai,Full-time,Medium (201-1000),Remote,262885.86,"Cloud Computing, Leadership, Project Management, Communication",1,0,308636.75
28,Male,Bachelor's,UX Designer,Education,2.5,Hyderabad,Full-time,Small (51-200),Remote,683464.97,"Machine Learning, Leadership, Excel, Python",3,0,999242.24
21,Male,Bachelor's,Sales Manager,Government,1.2,Pune,Full-time,Enterprise (5000+),Hybrid,1282971.6,"Python, Machine Learning",1,1,1849600.35
25,Female,Bachelor's,Customer Support Executive,Healthcare,2.6,Hyderabad,Full-time,Startup (1-50),Hybrid,344104.94,"Cloud Computing, Java, Project Management, SQL, Python",1,0,375931.47
21,Female,Bachelor's,Software Engineer,Information Technology,0.7,Kolkata,Full-time,Large (1000-5000),On-site,767196.44,"C++, Leadership, Excel, Communication, Project Management",3,0,1279488.09
38,Male,Bachelor's,Data Analyst,Government,14.7,Ahmedabad,Full-time,Small (51-200),On-site,411504.3,"JavaScript, Data Analysis, Java, Cloud Computing, Excel",0,0,811448.15
41,Male,Diploma,Data Scientist,Education,15.7,Remote (India),Full-time,Large (1000-5000),On-site,911110.36,"Excel, Leadership",3,0,1628491.02
26,Male,Bachelor's,HR Executive,Media,5.1,Hyderabad,Full-time,Large (1000-5000),Hybrid,467669.31,"Cloud Computing, Communication, Python, Excel",3,0,815120.96
21,Female,High School,Data Scientist,Information Technology,2.3,Hyderabad,Full-time,Medium (201-1000),Hybrid,1034568.31,"JavaScript, Excel, Java, Project Management",3,0,1527906.62
29,Male,Bachelor's,Senior Software Engineer,Education,2.8,Jaipur,Contract,Large (1000-5000),On-site,665770.29,"Java, Cloud Computing, JavaScript, Project Management, C++",1,0,1286859.73
45,Female,Bachelor's,Project Manager,Media,14.1,Hyderabad,Full-time,Medium (201-1000),Hybrid,1664152.34,"Java, SQL, Excel, Data Analysis, JavaScript",0,1,2055026.84
34,Female,Master's,Accountant,Information Technology,12.1,Hyderabad,Full-time,Medium (201-1000),Hybrid,991690.38,"Java, Python",1,0,1146384.25
47,Male,Master's,Graphic Designer,Finance,8.1,Bangalore,Full-time,Small (51-200),Hybrid,665200.71,"C++, Communication, Leadership, Data Analysis",2,0,1060150.65
31,Male,Bachelor's,HR Executive,Healthcare,3.5,Remote (India),Full-time,Large (1000-5000),Remote,497113.02,"Java, Machine Learning, Communication, Python, Excel",0,1,761739.18
32,Male,PhD,Senior Software Engineer,Government,3.1,Jaipur,Full-time,Small (51-200),Hybrid,1457478.26,"JavaScript, Leadership, Machine Learning, Excel",2,0,2068167.31
26,Male,Bachelor's,Sales Executive,Education,6.2,Kolkata,Full-time,Large (1000-5000),Remote,153189.2,"Java, Data Analysis, SQL, Communication",0,0,583111.1
29,Male,Bachelor's,Product Manager,Government,2.2,Jaipur,Contract,Medium (201-1000),Remote,983564.77,"Data Analysis, Java, Machine Learning, Project Management",0,1,1596699.02
22,Male,Bachelor's,Customer Support Executive,Retail,1.5,Delhi NCR,Full-time,Small (51-200),Remote,365721.66,"Cloud Computing, Java, C++",1,0,426148.08
30,Female,Bachelor's,Research Scientist,Information Technology,3.7,Delhi NCR,Full-time,Startup (1-50),Hybrid,1136756.39,"Excel, Project Management, C++, JavaScript, Cloud Computing",0,0,2055908.78
45,Male,Master's,Executive Director,Consulting,11.8,Mumbai,Full-time,Enterprise (5000+),On-site,8146612.92,"Cloud Computing, SQL, JavaScript, Leadership, C++",0,1,11715935.6
30,Female,Master's,Operations Manager,Retail,5.7,Kolkata,Full-time,Large (1000-5000),On-site,1248639.84,"Cloud Computing, Java, C++, Data Analysis, Python",2,1,1920369.52
41,Female,Bachelor's,Executive Director,Media,11.1,Ahmedabad,Full-time,Large (1000-5000),Hybrid,4021715.49,"Machine Learning, Python, Excel, Java",1,1,5645264.26
34,Male,Bachelor's,UX Designer,Consulting,0.9,Hyderabad,Full-time,Enterprise (5000+),Hybrid,752732.46,"C++, JavaScript, Excel, Leadership",2,0,1646229.01
26,Female,Bachelor's,Marketing Manager,Education,3.0,Jaipur,Full-time,Medium (201-1000),On-site,869410.97,"C++, Project Management, Machine Learning, Leadership",3,1,1036467.36
43,Female,Bachelor's,Administrative Assistant,Information Technology,16.4,Ahmedabad,Full-time,Startup (1-50),Remote,447251.06,"Excel, Java",2,0,494901.18
32,Female,PhD,Project Manager,Education,6.8,Delhi NCR,Full-time,Enterprise (5000+),Hybrid,1750039.1,"C++, Python",3,1,2621534.24
29,Female,Bachelor's,Content Writer,Telecommunications,6.4,Chennai,Full-time,Enterprise (5000+),Hybrid,475003.93,"Cloud Computing, Java, Machine Learning, Project Management",0,0,776320.44
25,Male,PhD,Executive Director,Healthcare,8.5,Pune,Full-time,Small (51-200),Hybrid,4679316.7,"JavaScript, Excel, Cloud Computing",3,1,8112668.61
27,Female,Bachelor's,Content Writer,Healthcare,7.0,Mumbai,Freelance,Small (51-200),On-site,387955.47,"C++, Cloud Computing",1,0,537533.03
30,Male,Bachelor's,Data Scientist,Government,3.1,Ahmedabad,Full-time,Large (1000-5000),On-site,952978.98,"Machine Learning, Java, Communication, Leadership",2,0,1410126.83
31,Male,Bachelor's,HR Manager,Retail,7.8,Remote (India),Part-time,Large (1000-5000),On-site,556106.33,"Machine Learning, Java, JavaScript, C++",1,1,736289.27
26,Female,Master's,Executive Director,Finance,1.8,Pune,Full-time,Large (1000-5000),Hybrid,5944854.12,"Cloud Computing, Communication, Excel, Java",3,1,7732953.55
28,Female,High School,Sales Manager,Retail,8.3,Ahmedabad,Part-time,Enterprise (5000+),Remote,430383.63,"Machine Learning, Excel, Java",2,1,776846.94
37,Male,PhD,DevOps Engineer,Telecommunications,8.7,Hyderabad,Full-time,Medium (201-1000),On-site,2418522.2,"Communication, Machine Learning, C++, Leadership, Project Management",0,0,3021190.87
39,Female,PhD,Customer Support Executive,Government,8.9,Hyderabad,Full-time,Startup (1-50),Remote,471819.47,"Java, Communication, C++, JavaScript, Data Analysis",3,0,604455.64
28,Male,Diploma,Project Manager,Consulting,2.5,Kolkata,Full-time,Enterprise (5000+),Remote,865240.02,"Project Management, SQL, Data Analysis, Leadership, Machine Learning",0,1,1454908.44
23,Male,Diploma,Content Writer,Media,5.5,Hyderabad,Full-time,Startup (1-50),Hybrid,284067.95,"Cloud Computing, Project Management, Machine Learning",0,0,404122.84
29,Female,Diploma,Accountant,Manufacturing,7.2,Kolkata,Full-time,Medium (201-1000),Hybrid,531881.47,"Machine Learning, Project Management, JavaScript, C++, Data Analysis",2,1,741149.81
33,Male,High School,Business Analyst,Government,2.6,Jaipur,Freelance,Large (1000-5000),On-site,272547.79,"Cloud Computing, Communication, Project Management, C++",1,0,482808.37
27,Male,Bachelor's,Administrative Assistant,Education,6.4,Bangalore,Full-time,Large (1000-5000),Remote,351199.81,"Cloud Computing, Project Management, Communication",0,0,455463.0
32,Female,High School,Software Engineer,Information Technology,7.8,Chennai,Full-time,Enterprise (5000+),Hybrid,813429.89,"Machine Learning, Communication, Data Analysis, Excel",0,0,1304055.53
33,Male,Bachelor's,Senior Software Engineer,Manufacturing,11.7,Delhi NCR,Full-time,Large (1000-5000),Hybrid,2047163.0,"Python, Communication, Excel",1,0,3040449.16
28,Male,Bachelor's,Sales Executive,Media,2.0,Pune,Full-time,Medium (201-1000),Remote,615956.78,"JavaScript, Data Analysis",2,0,622178.56
30,Male,PhD,UX Designer,Consulting,14.9,Ahmedabad,Full-time,Small (51-200),Remote,1136686.84,"JavaScript, SQL",1,0,1604083.23
31,Male,Bachelor's,Project Manager,Finance,4.8,Delhi NCR,Full-time,Startup (1-50),Hybrid,1135271.79,"Data Analysis, Cloud Computing, JavaScript, Excel, Python",2,1,2100854.27
24,Male,Diploma,QA Engineer,Information Technology,3.0,Ahmedabad,Full-time,Medium (201-1000),Remote,561519.58,"Communication, Data Analysis, Python, Excel",3,0,781374.93
28,Female,Master's,Financial Analyst,Information Technology,3.5,Kolkata,Full-time,Medium (201-1000),Remote,1124302.49,"Leadership, Machine Learning, C++, Communication, Data Analysis",1,0,1285085.86
27,Male,Master's,Data Scientist,Healthcare,1.8,Hyderabad,Part-time,Small (51-200),Hybrid,596654.78,"SQL, Data Analysis, Java, JavaScript, Machine Learning",3,0,1040939.97
24,Male,Diploma,Project Manager,Media,3.6,Kolkata,Full-time,Startup (1-50),Remote,866641.36,"Excel, Cloud Computing, Java, C++, Data Analysis",0,1,1002712.11
36,Female,Bachelor's,Product Manager,Information Technology,9.5,Delhi NCR,Full-time,Startup (1-50),Remote,3258360.83,"Project Management, Communication, SQL",3,1,3480369.33
40,Female,Bachelor's,DevOps Engineer,Telecommunications,9.2,Bangalore,Full-time,Large (1000-5000),On-site,1762027.41,"Communication, Data Analysis, Python, Excel",0,1,3137956.66
35,Male,PhD,Customer Support Executive,Information Technology,2.4,Remote (India),Full-time,Startup (1-50),Remote,452362.16,"Java, Communication",1,0,587312.12
27,Male,Bachelor's,QA Engineer,Education,9.7,Hyderabad,Full-time,Startup (1-50),Hybrid,801648.99,"Cloud Computing, SQL, Project Management",2,0,816813.08
37,Male,Bachelor's,Senior Software Engineer,Education,9.8,Mumbai,Full-time,Large (1000-5000),Remote,1518029.17,"Python, Java",3,0,2135173.92
35,Male,Bachelor's,Financial Analyst,Retail,12.7,Kolkata,Full-time,Small (51-200),Hybrid,789309.63,"Project Management, C++",2,0,930803.3
38,Male,Master's,Operations Manager,Education,8.4,Delhi NCR,Part-time,Startup (1-50),Hybrid,729361.93,"SQL, Python",1,1,882537.11
32,Male,Bachelor's,Marketing Manager,Education,4.3,Chennai,Full-time,Enterprise (5000+),Hybrid,923102.0,"Machine Learning, Excel",0,1,1391724.36
31,Male,Master's,Administrative Assistant,Education,6.8,Chennai,Full-time,Medium (201-1000),Hybrid,401498.45,"SQL, C++, Java, Cloud Computing, Data Analysis",2,1,475861.19
31,Male,Master's,Sales Manager,Information Technology,9.9,Bangalore,Full-time,Large (1000-5000),Hybrid,2614914.15,"Excel, Java, Python",3,1,3699464.6
35,Male,High School,Software Engineer,Retail,5.2,Chennai,Full-time,Large (1000-5000),Remote,596695.45,"Excel, Python, Data Analysis, SQL",2,0,948091.23
34,Male,Diploma,Customer Support Executive,Manufacturing,10.3,Kolkata,Full-time,Small (51-200),Remote,241871.41,"C++, JavaScript, Data Analysis, SQL, Machine Learning",3,0,386347.3
29,Male,Master's,Software Engineer,Government,5.2,Jaipur,Full-time,Medium (201-1000),Hybrid,671933.34,"Machine Learning, JavaScript",2,1,1308392.26
30,Male,Bachelor's,UX Designer,Consulting,4.3,Remote (India),Full-time,Large (1000-5000),On-site,670225.78,"Communication, Project Management",0,0,1395374.6
32,Male,Bachelor's,Data Scientist,Consulting,1.7,Pune,Part-time,Medium (201-1000),Remote,676919.33,"Excel, JavaScript, Machine Learning, Java",2,0,962268.82
29,Other,Bachelor's,Data Analyst,Retail,10.1,Pune,Full-time,Enterprise (5000+),On-site,544260.49,"Communication, Java, Leadership",2,0,1059010.93
37,Female,Bachelor's,QA Engineer,Consulting,13.1,Hyderabad,Freelance,Startup (1-50),Hybrid,800875.47,"JavaScript, C++, Leadership, Python",2,0,1042910.72
29,Male,Bachelor's,Accountant,Media,3.1,Hyderabad,Full-time,Small (51-200),Remote,355928.82,"Java, Machine Learning, Communication",3,0,601169.68
42,Female,Master's,Administrative Assistant,Telecommunications,8.6,Delhi NCR,Full-time,Startup (1-50),Hybrid,406593.55,"Excel, Python, Communication",1,0,522770.8
26,Female,Diploma,Graphic Designer,Manufacturing,6.1,Chennai,Full-time,Small (51-200),On-site,302935.6,"Java, Machine Learning, SQL",2,0,447738.57
33,Male,PhD,Product Manager,Retail,11.9,Bangalore,Part-time,Large (1000-5000),Hybrid,1553308.59,"Project Management, Machine Learning",2,1,3106986.53
36,Male,Master's,Software Engineer,Education,7.1,Remote (India),Full-time,Medium (201-1000),On-site,926857.13,"Java, Excel",0,0,936219.33
35,Female,Master's,Software Engineer,Government,10.2,Chennai,Full-time,Small (51-200),Remote,1058926.65,"SQL, JavaScript, Project Management, Data Analysis, Machine Learning",1,0,1332655.56
35,Female,Master's,Senior Software Engineer,Consulting,5.8,Remote (India),Contract,Startup (1-50),Hybrid,1947792.95,"JavaScript, SQL",0,0,1967467.63
36,Male,Diploma,Administrative Assistant,Consulting,7.6,Pune,Full-time,Large (1000-5000),Remote,306863.42,"Communication, Data Analysis",1,0,436302.36
34,Male,Master's,Content Writer,Media,5.0,Mumbai,Freelance,Large (1000-5000),Hybrid,517076.88,"Leadership, Data Analysis, Python, Communication, Excel",3,0,795921.51
27,Male,Diploma,Data Analyst,Healthcare,5.9,Remote (India),Full-time,Startup (1-50),Remote,545389.83,"Java, JavaScript",0,0,589983.14
29,Male,High School,DevOps Engineer,Finance,6.4,Remote (India),Full-time,Enterprise (5000+),Remote,1112750.01,"Data Analysis, Machine Learning, C++",3,0,2118590.29
32,Female,Bachelor's,UX Designer,Education,5.4,Jaipur,Full-time,Enterprise (5000+),Hybrid,426728.98,"Project Management, Python, Leadership",2,0,992061.3
22,Female,Bachelor's,DevOps Engineer,Manufacturing,2.8,Chennai,Part-time,Large (1000-5000),Remote,667320.84,"Excel, Python",0,0,1121774.7
38,Male,Bachelor's,Financial Analyst,Telecommunications,11.7,Remote (India),Full-time,Medium (201-1000),Remote,1018279.61,"SQL, C++, Excel, Machine Learning, Cloud Computing",3,0,1209106.06
33,Female,High School,Administrative Assistant,Information Technology,2.9,Jaipur,Full-time,Enterprise (5000+),On-site,306750.39,"Python, Leadership, C++, JavaScript",1,0,356059.3
34,Female,Master's,Sales Manager,Media,8.2,Delhi NCR,Full-time,Medium (201-1000),Hybrid,1259813.19,"Data Analysis, Java, SQL, Python, Project Management",1,1,2534286.6
28,Male,Master's,Senior Software Engineer,Government,4.0,Ahmedabad,Full-time,Medium (201-1000),Hybrid,1157548.89,"Leadership, C++, Python, Excel",2,0,2111195.08
24,Female,Bachelor's,Data Analyst,Information Technology,2.4,Chennai,Full-time,Medium (201-1000),On-site,827421.07,"Excel, Communication, C++, Cloud Computing",2,0,949039.78
49,Male,Master's,Marketing Manager,Government,28.4,Remote (India),Full-time,Startup (1-50),On-site,2035774.06,"C++, Project Management",3,1,2056337.43
23,Female,Master's,Executive Director,Government,5.4,Kolkata,Full-time,Startup (1-50),Hybrid,3162854.53,"Leadership, Project Management, Python, JavaScript, Cloud Computing",1,1,5615808.54
34,Male,Bachelor's,Customer Support Executive,Information Technology,9.7,Kolkata,Freelance,Large (1000-5000),Hybrid,285640.1,"Project Management, Leadership, C++",1,0,497222.94
36,Other,Bachelor's,Software Engineer,Finance,9.6,Bangalore,Contract,Enterprise (5000+),On-site,1286046.63,"Project Management, Cloud Computing, Communication",2,0,1814527.74
29,Male,Master's,Accountant,Consulting,6.9,Jaipur,Full-time,Enterprise (5000+),Remote,794737.29,"Java, C++",3,0,1010377.69
35,Female,Diploma,Operations Manager,Healthcare,8.1,Bangalore,Full-time,Medium (201-1000),Remote,1140980.17,"Cloud Computing, Java",2,1,1996022.04
34,Female,Bachelor's,HR Manager,Retail,4.6,Delhi NCR,Full-time,Large (1000-5000),Remote,1180620.8,"Communication, SQL, Cloud Computing, JavaScript",1,1,1594882.84
37,Male,Bachelor's,Data Scientist,Retail,6.4,Ahmedabad,Full-time,Large (1000-5000),On-site,1068174.49,"Java, Machine Learning",1,0,1198489.27
29,Female,Master's,Sales Executive,Manufacturing,5.8,Ahmedabad,Full-time,Small (51-200),Hybrid,727505.77,"Leadership, Java, Excel, Communication, C++",3,1,734854.31
49,Female,Bachelor's,Research Scientist,Consulting,15.3,Hyderabad,Full-time,Startup (1-50),Remote,1575314.22,"Python, Java",1,0,2216391.17
27,Male,Bachelor's,Marketing Manager,Healthcare,7.8,Pune,Freelance,Small (51-200),Remote,1123491.17,"Excel, C++",1,1,1420422.0
35,Male,Bachelor's,Project Manager,Finance,14.3,Mumbai,Full-time,Small (51-200),Hybrid,2325428.51,"Communication, JavaScript, C++",3,1,2584302.9
33,Male,Master's,Marketing Manager,Finance,11.2,Delhi NCR,Full-time,Startup (1-50),On-site,1888335.23,"JavaScript, Java, Machine Learning",3,1,2785768.97
32,Female,Bachelor's,QA Engineer,Information Technology,8.0,Jaipur,Freelance,Large (1000-5000),On-site,501822.03,"Leadership, Java, JavaScript, SQL",2,0,872985.2
28,Female,High School,UX Designer,Healthcare,3.3,Delhi NCR,Full-time,Medium (201-1000),Hybrid,883360.15,"JavaScript, Data Analysis, C++, Project Management, Cloud Computing",1,0,1174597.8
29,Female,Bachelor's,Project Manager,Information Technology,9.3,Hyderabad,Freelance,Large (1000-5000),Hybrid,1369017.62,"Excel, SQL, C++",1,1,2259173.6
24,Female,Diploma,Sales Executive,Education,1.8,Bangalore,Contract,Startup (1-50),On-site,444016.37,"Python, Data Analysis, Cloud Computing, Excel",1,1,457043.18
28,Male,Master's,Senior Software Engineer,Finance,3.0,Jaipur,Full-time,Medium (201-1000),Hybrid,1685329.68,"JavaScript, Data Analysis, Excel",3,0,2345721.74
36,Female,High School,Financial Analyst,Telecommunications,2.1,Jaipur,Full-time,Small (51-200),Hybrid,335128.64,"Project Management, C++, Cloud Computing, Communication, JavaScript",3,0,645635.57
34,Male,Bachelor's,HR Executive,Consulting,7.2,Delhi NCR,Full-time,Medium (201-1000),Remote,740152.67,"Machine Learning, Cloud Computing, Excel",1,0,747628.96
29,Male,Bachelor's,Accountant,Manufacturing,2.0,Ahmedabad,Contract,Medium (201-1000),Remote,438583.74,"JavaScript, Data Analysis, Machine Learning",2,0,486938.52
30,Female,PhD,Software Engineer,Retail,1.8,Hyderabad,Full-time,Startup (1-50),On-site,1019596.24,"JavaScript, Communication, Cloud Computing, Data Analysis",0,0,1210933.38
33,Male,PhD,Project Manager,Media,2.0,Pune,Full-time,Small (51-200),On-site,1394379.97,"JavaScript, Excel",1,1,1857753.88
32,Male,Bachelor's,Sales Manager,Government,4.6,Remote (India),Freelance,Small (51-200),On-site,1002256.29,"JavaScript, Communication, Project Management, Data Analysis",1,1,1165223.28
21,Male,Bachelor's,Business Analyst,Telecommunications,2.8,Jaipur,Full-time,Medium (201-1000),Hybrid,407816.87,"Java, Machine Learning, JavaScript, Excel",0,0,804123.41
32,Female,Bachelor's,Research Scientist,Retail,7.0,Remote (India),Full-time,Enterprise (5000+),On-site,695412.21,"Project Management, Java, C++, Cloud Computing",0,0,1993897.85
37,Female,Diploma,Operations Manager,Information Technology,12.7,Chennai,Part-time,Startup (1-50),Remote,701286.38,"Python, C++, Project Management",0,1,921157.63
31,Female,Diploma,Data Analyst,Information Technology,6.3,Chennai,Full-time,Enterprise (5000+),Remote,659820.19,"SQL, JavaScript, Leadership, Python, C++",0,0,1073832.82
21,Female,Master's,Data Analyst,Retail,5.1,Kolkata,Part-time,Small (51-200),Hybrid,339533.0,"Leadership, JavaScript, C++, Java, Python",2,0,442868.51
30,Male,Bachelor's,Administrative Assistant,Media,6.7,Bangalore,Part-time,Small (51-200),Hybrid,160593.92,"Machine Learning, JavaScript, Project Management, Data Analysis, Python",2,0,226634.41
33,Male,Diploma,HR Executive,Telecommunications,5.7,Jaipur,Full-time,Small (51-200),Hybrid,283428.88,"Project Management, Java",1,1,410767.58
33,Female,Bachelor's,Product Manager,Government,2.3,Ahmedabad,Full-time,Medium (201-1000),On-site,1471385.71,"Cloud Computing, Machine Learning",2,1,2314551.1
29,Male,Master's,HR Manager,Media,4.7,Ahmedabad,Full-time,Large (1000-5000),On-site,910780.6,"Data Analysis, Project Management, SQL",0,1,1575309.48
30,Female,Master's,Marketing Manager,Finance,4.1,Kolkata,Full-time,Medium (201-1000),On-site,1535348.84,"Java, Cloud Computing, Data Analysis",2,1,1938858.5
24,Male,Bachelor's,Research Scientist,Retail,3.6,Delhi NCR,Full-time,Small (51-200),Remote,1203432.21,"Project Management, C++",0,0,1302508.27
34,Female,Bachelor's,Accountant,Consulting,4.2,Remote (India),Contract,Medium (201-1000),Hybrid,726796.04,"Leadership, C++, Communication, Excel, JavaScript",1,1,848419.18
39,Female,Bachelor's,UX Designer,Manufacturing,16.0,Delhi NCR,Freelance,Small (51-200),Hybrid,1083168.79,"Project Management, Data Analysis",2,0,1378260.71
29,Male,Bachelor's,Administrative Assistant,Information Technology,3.2,Mumbai,Full-time,Startup (1-50),Hybrid,409796.74,"Python, C++",3,1,610483.68
28,Female,Master's,Sales Executive,Finance,5.0,Delhi NCR,Full-time,Startup (1-50),Hybrid,1000222.65,"Python, Excel, C++, SQL, Machine Learning",0,1,1010325.91
38,Female,Bachelor's,Administrative Assistant,Manufacturing,8.8,Jaipur,Full-time,Enterprise (5000+),Hybrid,183083.04,"Data Analysis, Communication, Excel, SQL",1,0,448671.73
25,Female,Bachelor's,Customer Support Executive,Government,1.6,Jaipur,Full-time,Startup (1-50),On-site,189849.3,"Leadership, Cloud Computing, C++, Data Analysis",0,0,246302.3
23,Male,Bachelor's,Executive Director,Information Technology,2.0,Ahmedabad,Full-time,Small (51-200),Remote,4620991.4,"Leadership, Project Management, SQL, JavaScript, Python",3,1,5222160.59
21,Female,Diploma,Accountant,Media,2.0,Pune,Contract,Small (51-200),Hybrid,,"Python, Excel, C++, Java, Project Management",0,0,443653.25
22,Male,Master's,Administrative Assistant,Consulting,3.3,Chennai,Full-time,Small (51-200),Remote,430060.71,"Excel, Java, Communication, C++",1,0,434404.76
29,Female,Bachelor's,Data Scientist,Government,5.5,Jaipur,Full-time,Startup (1-50),On-site,910800.13,"Data Analysis, Machine Learning, Cloud Computing, Python",2,0,1138270.19
37,Female,Bachelor's,Sales Manager,Media,11.5,Hyderabad,Contract,Medium (201-1000),Remote,1617670.3,"Java, JavaScript, Machine Learning",0,1,2057121.57
29,Female,Diploma,Customer Support Executive,Healthcare,7.7,Kolkata,Full-time,Medium (201-1000),Hybrid,296537.61,"C++, Machine Learning, Project Management, Java, JavaScript",1,0,387720.62
33,Female,Bachelor's,QA Engineer,Healthcare,3.1,Jaipur,Contract,Large (1000-5000),Hybrid,583458.47,"Excel, Leadership",1,0,716580.34
32,Female,PhD,Accountant,Media,9.1,Ahmedabad,Full-time,Large (1000-5000),Hybrid,760732.07,"Java, Excel, Cloud Computing, Communication",0,0,1079277.25
30,Male,PhD,Administrative Assistant,Information Technology,6.3,Mumbai,Full-time,Startup (1-50),Hybrid,437936.58,"Data Analysis, SQL, Project Management, Java",1,0,614291.87
27,Male,Master's,Sales Manager,Government,5.4,Remote (India),Full-time,Enterprise (5000+),Remote,1859070.26,"Project Management, Cloud Computing, Data Analysis, C++, Java",2,1,2766196.72
36,Male,Diploma,Product Manager,Consulting,11.2,Hyderabad,Full-time,Startup (1-50),Hybrid,2599891.56,"C++, Communication",0,1,2626153.09
25,Male,Bachelor's,Accountant,Manufacturing,1.9,Chennai,Freelance,Startup (1-50),Remote,359547.07,"Machine Learning, C++, Project Management",0,0,444273.52
41,Female,Diploma,Graphic Designer,Retail,21.7,Chennai,Full-time,Large (1000-5000),Hybrid,311604.16,"Data Analysis, C++",0,0,708707.84
33,Male,Diploma,DevOps Engineer,Education,7.0,Kolkata,Full-time,Medium (201-1000),On-site,907356.3,"Data Analysis, JavaScript, Python",2,1,1481132.35
29,Male,Bachelor's,Marketing Manager,Manufacturing,4.5,Delhi NCR,Part-time,Large (1000-5000),Hybrid,549878.49,"SQL, C++, Leadership, Excel",1,1,966990.38
23,Male,Bachelor's,Executive Director,Consulting,2.9,Kolkata,Full-time,Medium (201-1000),Hybrid,3879599.84,"Leadership, JavaScript",2,1,5211658.07
22,Male,Bachelor's,Sales Manager,Information Technology,3.7,Hyderabad,Full-time,Startup (1-50),On-site,1911704.07,"Data Analysis, Excel, Cloud Computing, SQL",3,1,1931014.21
30,Female,High School,UX Designer,Manufacturing,6.7,Remote (India),Part-time,Large (1000-5000),Remote,559826.59,"C++, Project Management, Machine Learning",1,1,660202.24
27,Female,Master's,Product Manager,Media,3.5,Hyderabad,Full-time,Small (51-200),Remote,2036888.83,"Cloud Computing, Java, Project Management, Machine Learning",1,1,3063556.07
29,Male,Master's,Operations Manager,Healthcare,3.2,Remote (India),Full-time,Enterprise (5000+),Remote,1450065.9,"JavaScript, Leadership, Python, Machine Learning, Excel",0,1,2424586.99
35,Female,Bachelor's,Senior Software Engineer,Retail,3.8,Bangalore,Part-time,Medium (201-1000),Hybrid,580985.23,"JavaScript, Leadership, SQL",3,0,1101105.71
31,Female,Master's,Executive Director,Manufacturing,2.3,Remote (India),Full-time,Large (1000-5000),On-site,4449045.39,"Data Analysis, JavaScript",0,1,6184263.75
37,Male,Master's,Accountant,Retail,12.3,Remote (India),Part-time,Medium (201-1000),On-site,414384.2,"Excel, Java, SQL",2,0,418569.9
32,Female,Master's,Senior Software Engineer,Information Technology,8.0,Hyderabad,Full-time,Large (1000-5000),On-site,3133644.02,"Java, Machine Learning",1,1,4515141.55
26,Male,Master's,Data Analyst,Information Technology,6.8,Remote (India),Full-time,Enterprise (5000+),On-site,885603.72,"Java, JavaScript, Excel, Python, Project Management",2,0,1757859.51
34,Male,Master's,Product Manager,Retail,7.0,Mumbai,Full-time,Large (1000-5000),Remote,2910552.58,"Leadership, Data Analysis, Python, Project Management, Cloud Computing",1,1,3988947.03
28,Male,Master's,Marketing Manager,Finance,5.1,Ahmedabad,Full-time,Small (51-200),On-site,1123605.67,"Excel, JavaScript",0,1,1802257.29
31,Female,High School,Sales Executive,Government,9.6,Bangalore,Full-time,Enterprise (5000+),On-site,464444.5,"Communication, Machine Learning, Cloud Computing",2,1,792118.46
33,Male,Master's,Project Manager,Government,11.9,Bangalore,Full-time,Small (51-200),Hybrid,1529962.26,"Python, Cloud Computing",3,1,2299083.31
47,Female,Bachelor's,Data Analyst,Government,19.2,Jaipur,Full-time,Medium (201-1000),Hybrid,840844.82,"Leadership, Cloud Computing, Communication",3,1,1068065.57
28,Male,Bachelor's,Marketing Manager,Finance,6.8,Kolkata,Full-time,Large (1000-5000),Hybrid,1377431.98,"C++, Java",2,1,1969839.4
42,Female,Master's,Sales Manager,Information Technology,14.4,Bangalore,Full-time,Enterprise (5000+),Hybrid,2055223.25,"Data Analysis, Java, Leadership, C++",2,1,4568811.65
31,Female,Bachelor's,Administrative Assistant,Education,3.4,Delhi NCR,Part-time,Large (1000-5000),Hybrid,117524.4,"Python, Data Analysis, Java",3,0,233092.58
36,Female,Master's,UX Designer,Education,6.3,Remote (India),Full-time,Medium (201-1000),Remote,1079901.61,"Machine Learning, Cloud Computing, Leadership, Java",1,0,1147099.92
30,Male,Diploma,QA Engineer,Telecommunications,4.8,Bangalore,Freelance,Medium (201-1000),Remote,537951.32,"Python, Project Management, Communication",3,0,897167.82
21,Male,PhD,Operations Manager,Retail,2.6,Kolkata,Full-time,Medium (201-1000),Hybrid,1519111.09,"Excel, Cloud Computing, JavaScript, Java, Python",1,1,1818572.17
42,Female,Bachelor's,Sales Executive,Finance,15.4,Hyderabad,Full-time,Enterprise (5000+),Remote,876365.28,"Machine Learning, Java, C++",2,0,1286586.68
39,Male,Bachelor's,Project Manager,Government,18.4,Jaipur,Full-time,Medium (201-1000),On-site,1273695.28,"SQL, JavaScript, Machine Learning",0,1,1697425.62
27,Female,Bachelor's,Data Analyst,Retail,5.4,Chennai,Full-time,Small (51-200),Hybrid,616066.41,"Machine Learning, Java",2,0,669147.5
29,Male,Bachelor's,Sales Executive,Telecommunications,4.9,Kolkata,Full-time,Startup (1-50),Remote,719376.28,"Python, Java, Leadership",2,1,726642.71
30,Male,Bachelor's,Software Engineer,Telecommunications,3.6,Mumbai,Full-time,Large (1000-5000),Remote,859761.7,"Project Management, Java, Python, Data Analysis",1,1,2095394.6
32,Female,Bachelor's,Sales Executive,Media,1.5,Chennai,Full-time,Startup (1-50),On-site,534107.45,"Machine Learning, Leadership",2,0,539502.47
30,Female,Bachelor's,Data Analyst,Manufacturing,2.7,Hyderabad,Full-time,Enterprise (5000+),Hybrid,630384.84,"Cloud Computing, Excel, SQL, Data Analysis",3,0,1015940.12
30,Male,Master's,Product Manager,Information Technology,4.0,Chennai,Full-time,Small (51-200),On-site,3119349.03,"Data Analysis, Communication, C++, Machine Learning, Project Management",0,1,3200021.92
40,Male,Bachelor's,Graphic Designer,Consulting,10.6,Delhi NCR,Full-time,Startup (1-50),On-site,547278.16,"Java, Data Analysis",2,0,778589.0
28,Male,Master's,Senior Software Engineer,Retail,4.7,Hyderabad,Full-time,Medium (201-1000),Remote,,"Leadership, SQL, Project Management",2,0,2086794.94
31,Male,Bachelor's,Sales Executive,Healthcare,6.9,Chennai,Full-time,Enterprise (5000+),Hybrid,488161.22,"JavaScript, C++, Data Analysis",2,0,913579.51
26,Female,Master's,Graphic Designer,Media,2.7,Ahmedabad,Full-time,Enterprise (5000+),On-site,407478.67,"Excel, Machine Learning, Cloud Computing, Communication",1,0,754647.14
35,Female,Bachelor's,Sales Manager,Information Technology,10.6,Kolkata,Full-time,Startup (1-50),Hybrid,1330303.92,"Excel, C++",2,1,2053747.45
30,Female,Master's,Project Manager,Media,3.5,Hyderabad,Full-time,Medium (201-1000),Hybrid,1678333.5,"Leadership, JavaScript, Excel, SQL, Communication",2,1,2009576.28
21,Male,Master's,Sales Executive,Manufacturing,1.8,Kolkata,Full-time,Small (51-200),Hybrid,461840.36,"JavaScript, Java",1,0,623270.48
30,Female,Master's,Business Analyst,Media,2.2,Kolkata,Full-time,Small (51-200),Hybrid,739186.29,"SQL, Communication, Cloud Computing",2,0,874314.15
37,Female,Bachelor's,Sales Executive,Information Technology,10.8,Bangalore,Full-time,Large (1000-5000),Remote,565188.39,"C++, Python",1,0,1251433.3
35,Male,Bachelor's,Sales Manager,Telecommunications,12.3,Ahmedabad,Full-time,Large (1000-5000),Remote,1167751.23,"Python, SQL, Leadership",2,1,2142969.4
32,Male,Diploma,QA Engineer,Education,4.7,Hyderabad,Full-time,Large (1000-5000),Hybrid,503692.16,"SQL, C++, JavaScript",1,0,770956.77
30,Female,Bachelor's,Project Manager,Manufacturing,5.4,Remote (India),Full-time,Medium (201-1000),Remote,1116361.26,"Python, Data Analysis, Cloud Computing, JavaScript",0,1,1779210.17
30,Male,High School,Data Analyst,Education,7.3,Delhi NCR,Full-time,Medium (201-1000),Remote,443794.5,"Python, JavaScript",2,0,627975.48
26,Female,High School,Software Engineer,Manufacturing,3.8,Ahmedabad,Contract,Enterprise (5000+),Remote,450677.12,"C++, SQL, Java, Python, Excel",0,0,724028.51
27,Female,Bachelor's,Senior Software Engineer,Retail,3.2,Hyderabad,Full-time,Small (51-200),On-site,1941756.65,"Excel, JavaScript, Data Analysis",1,1,1993057.51
29,Male,Bachelor's,UX Designer,Retail,5.1,Remote (India),Full-time,Medium (201-1000),On-site,759912.51,"Communication, Python, Cloud Computing, JavaScript",2,0,1137617.35
28,Male,PhD,Sales Manager,Telecommunications,3.8,Chennai,Full-time,Medium (201-1000),Remote,1849788.26,"Machine Learning, Leadership, Python, Communication, JavaScript",2,1,2632414.03
29,Female,PhD,Product Manager,Government,4.1,Hyderabad,Full-time,Small (51-200),Remote,3128795.07,"Leadership, SQL",2,1,3583900.85
25,Female,Master's,Content Writer,Education,1.9,Pune,Full-time,Large (1000-5000),Remote,310172.07,"JavaScript, Java, Cloud Computing, C++",3,0,566453.07
34,Female,PhD,Project Manager,Consulting,8.5,Kolkata,Full-time,Large (1000-5000),Hybrid,1842091.25,"SQL, Python, Java, Excel",2,1,3007198.16
23,Female,Bachelor's,Data Analyst,Government,1.1,Pune,Full-time,Enterprise (5000+),On-site,464711.46,"SQL, Project Management, C++",1,0,794626.3
30,Female,Bachelor's,Data Scientist,Finance,8.2,Pune,Part-time,Startup (1-50),Remote,960662.94,"C++, JavaScript, Cloud Computing",1,0,970366.61
30,Male,Bachelor's,Financial Analyst,Manufacturing,2.4,Bangalore,Full-time,Large (1000-5000),Hybrid,671864.83,"Leadership, Machine Learning, Data Analysis, Java, SQL",0,0,1002563.84
38,Female,Master's,Marketing Manager,Information Technology,9.4,Ahmedabad,Full-time,Medium (201-1000),On-site,,"C++, Cloud Computing, JavaScript, Project Management, SQL",1,1,2243463.57
23,Male,Bachelor's,Financial Analyst,Telecommunications,1.7,Kolkata,Full-time,Small (51-200),Remote,511918.77,"Cloud Computing, JavaScript, Python, Project Management",3,0,904348.42
37,Male,Master's,DevOps Engineer,Retail,11.4,Remote (India),Full-time,Enterprise (5000+),Hybrid,2417419.8,"SQL, Cloud Computing, Java, Machine Learning, JavaScript",0,0,2748216.75
35,Male,Bachelor's,Data Analyst,Manufacturing,7.8,Remote (India),Full-time,Large (1000-5000),On-site,546279.83,"Excel, Java, Cloud Computing, Python",1,0,903015.17
28,Male,Master's,Project Manager,Consulting,4.9,Jaipur,Full-time,Enterprise (5000+),Hybrid,1500305.49,"JavaScript, Cloud Computing, Leadership, Machine Learning",3,1,2476177.1
29,Male,Bachelor's,DevOps Engineer,Telecommunications,7.5,Jaipur,Full-time,Medium (201-1000),On-site,1360873.48,"SQL, Python, Leadership, Communication, Machine Learning",0,0,1815721.7
35,Male,Bachelor's,Software Engineer,Media,11.2,Delhi NCR,Full-time,Medium (201-1000),Remote,924520.82,"SQL, Communication, Project Management, Python, Java",1,0,1410686.64
26,Male,Diploma,Executive Director,Retail,3.6,Ahmedabad,Full-time,Enterprise (5000+),On-site,2524715.65,"Python, Excel, Communication, SQL, Project Management",1,1,4041183.75
33,Female,Bachelor's,Content Writer,Media,6.0,Ahmedabad,Full-time,Enterprise (5000+),Hybrid,402194.07,"Python, Communication, Cloud Computing, SQL, Excel",0,0,617695.13
44,Female,PhD,Data Analyst,Telecommunications,10.5,Mumbai,Full-time,Medium (201-1000),Hybrid,1513910.06,"Excel, Machine Learning, SQL, C++",2,0,1711478.98
32,Female,Bachelor's,Research Scientist,Government,5.8,Mumbai,Full-time,Startup (1-50),Remote,1417857.19,"C++, Data Analysis, Leadership",2,0,1751707.79
37,Female,Bachelor's,DevOps Engineer,Healthcare,17.8,Kolkata,Full-time,Startup (1-50),On-site,614124.34,"Leadership, Java, Machine Learning, Python",3,0,2332566.34
29,Male,Bachelor's,Business Analyst,Consulting,4.5,Bangalore,Freelance,Large (1000-5000),On-site,759009.25,"Java, SQL, Excel",3,0,1076414.24
29,Male,Bachelor's,Administrative Assistant,Finance,9.8,Mumbai,Full-time,Small (51-200),On-site,410395.75,"Java, Python",1,1,548494.82
33,Male,Bachelor's,Data Analyst,Telecommunications,1.8,Jaipur,Full-time,Large (1000-5000),Hybrid,478227.55,"Leadership, Data Analysis, Cloud Computing, C++",0,0,833402.97
24,Male,Master's,Sales Manager,Media,1.6,Kolkata,Full-time,Large (1000-5000),Hybrid,1294872.92,"JavaScript, Project Management, Python",1,1,1828150.16
51,Male,Bachelor's,Product Manager,Government,16.8,Pune,Full-time,Medium (201-1000),Remote,2612025.28,"Project Management, C++, Data Analysis, Java, Excel",1,1,3261646.61
33,Male,Bachelor's,UX Designer,Healthcare,9.6,Pune,Contract,Small (51-200),Hybrid,724304.88,"Java, C++, SQL",1,0,1303899.94
26,Female,High School,Marketing Manager,Retail,6.7,Remote (India),Full-time,Medium (201-1000),On-site,960079.95,"Leadership, Python, Communication",0,1,1080281.27
33,Male,Bachelor's,Financial Analyst,Information Technology,8.6,Hyderabad,Full-time,Small (51-200),Hybrid,1124437.85,"Data Analysis, SQL",3,0,1503777.49
31,Male,High School,UX Designer,Manufacturing,1.2,Jaipur,Full-time,Enterprise (5000+),Hybrid,398395.06,"C++, Communication, Cloud Computing, Excel",1,0,820690.65
26,Male,Bachelor's,Software Engineer,Retail,4.1,Mumbai,Full-time,Medium (201-1000),On-site,926871.79,"Cloud Computing, Communication",1,0,1049818.79
30,Male,Bachelor's,DevOps Engineer,Manufacturing,6.6,Bangalore,Full-time,Startup (1-50),Remote,1847984.79,"Cloud Computing, Data Analysis",1,0,1885136.3
29,Male,Bachelor's,UX Designer,Healthcare,3.9,Remote (India),Full-time,Small (51-200),Hybrid,821619.68,"Excel, Communication, Project Management, Python, C++",2,0,1182432.74
31,Female,High School,Product Manager,Telecommunications,4.8,Remote (India),Full-time,Startup (1-50),On-site,1360986.74,"Cloud Computing, Communication, Leadership, C++",2,1,1594873.43
32,Male,Diploma,Sales Manager,Media,2.8,Chennai,Full-time,Small (51-200),Remote,732680.04,"Communication, Excel, Machine Learning, Leadership",2,1,1327113.09
39,Male,PhD,Marketing Manager,Media,8.0,Kolkata,Full-time,Small (51-200),Remote,1624249.77,"Excel, Python, SQL, Data Analysis",3,1,1904501.86
40,Male,Bachelor's,Accountant,Manufacturing,11.3,Remote (India),Full-time,Large (1000-5000),On-site,425134.12,"Machine Learning, SQL, Excel, Data Analysis",2,0,781480.84
27,Female,PhD,Executive Director,Telecommunications,4.8,Remote (India),Contract,Large (1000-5000),Hybrid,5081274.66,"Java, SQL, JavaScript, Cloud Computing",1,1,7396356.71
38,Male,High School,Content Writer,Information Technology,9.2,Remote (India),Full-time,Large (1000-5000),Hybrid,396394.48,"Python, Cloud Computing, C++",1,0,598117.73
35,Female,Bachelor's,Data Scientist,Information Technology,6.6,Delhi NCR,Part-time,Enterprise (5000+),Remote,1029646.96,"Data Analysis, Machine Learning, JavaScript, Communication, Python",2,0,1462216.64
34,Male,Diploma,Executive Director,Finance,7.1,Bangalore,Full-time,Large (1000-5000),Remote,4274795.68,"Leadership, Project Management",1,1,6512276.18
42,Male,Bachelor's,Software Engineer,Government,16.8,Pune,Freelance,Small (51-200),Hybrid,883141.54,"Machine Learning, Communication",3,1,1202304.34
26,Female,Master's,Sales Executive,Finance,1.2,Hyderabad,Freelance,Enterprise (5000+),Remote,432923.67,"SQL, Python",2,0,964021.64
27,Female,High School,Accountant,Healthcare,1.4,Mumbai,Full-time,Small (51-200),Remote,462397.0,"C++, JavaScript, Leadership",1,0,590554.79
31,Female,Diploma,Financial Analyst,Finance,9.9,Remote (India),Full-time,Small (51-200),Hybrid,552331.8,"Data Analysis, Cloud Computing, Leadership, Java, SQL",1,0,1099710.45
28,Male,Master's,Accountant,Healthcare,7.2,Hyderabad,Full-time,Small (51-200),On-site,680257.95,"Excel, Machine Learning, C++, JavaScript",0,0,890003.05
33,Male,Bachelor's,HR Executive,Finance,11.4,Jaipur,Part-time,Startup (1-50),Remote,225839.97,"JavaScript, Communication, Leadership, Java",2,0,296235.45
31,Female,PhD,Executive Director,Manufacturing,8.1,Jaipur,Full-time,Large (1000-5000),Hybrid,4223593.73,"Cloud Computing, Communication",3,1,6530544.54
25,Male,Bachelor's,Customer Support Executive,Media,5.0,Chennai,Full-time,Medium (201-1000),Remote,363647.93,"Excel, C++, Machine Learning, Python, Cloud Computing",1,0,451473.24
27,Male,Master's,HR Executive,Media,10.7,Chennai,Full-time,Small (51-200),Remote,683779.97,"Communication, C++, Data Analysis, Java, Machine Learning",3,0,778438.55
30,Male,Diploma,HR Executive,Media,6.5,Jaipur,Full-time,Enterprise (5000+),On-site,246228.79,"Java, Project Management, Leadership, C++, Data Analysis",1,0,477513.5
30,Female,Diploma,Accountant,Government,5.6,Kolkata,Full-time,Medium (201-1000),Hybrid,328491.75,"Project Management, Excel, Communication, Machine Learning",1,0,497675.59
21,Female,High School,Data Scientist,Consulting,4.2,Mumbai,Contract,Large (1000-5000),Remote,918357.34,"Data Analysis, SQL, Project Management, C++",0,0,1567475.57
27,Female,Master's,HR Manager,Manufacturing,5.1,Ahmedabad,Contract,Enterprise (5000+),On-site,1396423.0,"Project Management, C++, Communication, SQL",0,1,1622797.3
31,Other,PhD,HR Executive,Manufacturing,3.2,Remote (India),Full-time,Enterprise (5000+),On-site,487127.74,"JavaScript, Cloud Computing, Java",0,0,820128.92
37,Female,Bachelor's,Customer Support Executive,Education,11.8,Hyderabad,Full-time,Small (51-200),Hybrid,367582.52,"SQL, Java, Project Management, Python, C++",2,0,505889.53
22,Male,Diploma,HR Manager,Information Technology,3.7,Chennai,Full-time,Medium (201-1000),On-site,1032837.09,"Leadership, SQL, Machine Learning, Project Management, Java",1,1,1437532.05
30,Female,Bachelor's,Customer Support Executive,Media,7.7,Pune,Full-time,Small (51-200),Remote,368217.37,"Excel, JavaScript, Python, Communication",2,0,376619.69
32,Male,Bachelor's,Content Writer,Finance,6.9,Chennai,Full-time,Enterprise (5000+),Hybrid,616899.84,"Cloud Computing, Project Management, C++, Leadership, Python",1,0,1014651.13
36,Male,Bachelor's,DevOps Engineer,Education,15.9,Ahmedabad,Contract,Medium (201-1000),Hybrid,1167272.91,"Machine Learning, Python, Java, JavaScript, Data Analysis",2,1,2175958.79
34,Female,Master's,Software Engineer,Consulting,8.5,Hyderabad,Full-time,Small (51-200),On-site,1092811.28,"Python, SQL, JavaScript, Project Management",3,0,1625707.05
25,Male,Bachelor's,Research Scientist,Education,2.9,Bangalore,Full-time,Small (51-200),On-site,1229475.36,"Cloud Computing, Java, Project Management, JavaScript",0,0,1318734.52
55,Male,High School,Administrative Assistant,Education,19.4,Mumbai,Full-time,Enterprise (5000+),Hybrid,222553.03,"C++, SQL, Leadership",2,0,463790.21
26,Female,High School,QA Engineer,Information Technology,4.3,Jaipur,Full-time,Small (51-200),Hybrid,423863.85,"C++, JavaScript, Python",1,0,653838.69
37,Male,Diploma,Accountant,Information Technology,12.5,Ahmedabad,Full-time,Small (51-200),On-site,521899.36,"Python, Java, Leadership, Excel, SQL",1,0,682302.31
29,Male,Bachelor's,Product Manager,Healthcare,2.5,Remote (India),Full-time,Medium (201-1000),Remote,1997006.92,"SQL, Communication, Machine Learning, Java, JavaScript",2,1,2860904.61
39,Female,Bachelor's,Data Scientist,Consulting,8.2,Remote (India),Full-time,Medium (201-1000),On-site,1050428.71,"JavaScript, Data Analysis",0,0,1989286.52
32,Female,Diploma,Operations Manager,Media,15.2,Pune,Full-time,Large (1000-5000),Hybrid,1234705.01,"Python, Cloud Computing, Project Management",1,1,1752654.61
37,Female,Master's,Graphic Designer,Education,6.9,Mumbai,Full-time,Startup (1-50),Hybrid,629272.94,"Data Analysis, Communication",3,0,643869.02
28,Female,Diploma,HR Executive,Telecommunications,0.8,Jaipur,Full-time,Startup (1-50),Hybrid,247600.14,"Communication, C++",0,0,308147.87
29,Male,Bachelor's,HR Executive,Manufacturing,6.5,Hyderabad,Full-time,Small (51-200),Remote,522669.14,"Project Management, Excel, Cloud Computing",1,0,527948.63
31,Male,High School,Software Engineer,Telecommunications,6.6,Ahmedabad,Full-time,Startup (1-50),Remote,774675.01,"Data Analysis, Project Management, Cloud Computing, Communication, SQL",2,1,832175.83
21,Male,Diploma,HR Manager,Consulting,2.3,Hyderabad,Full-time,Startup (1-50),On-site,1015058.63,"Cloud Computing, Excel, Leadership",2,1,1200058.76
29,Female,Master's,Financial Analyst,Manufacturing,4.2,Bangalore,Full-time,Enterprise (5000+),Hybrid,698229.57,"Data Analysis, C++, Cloud Computing",2,0,1555939.1
26,Male,Bachelor's,Data Analyst,Consulting,5.3,Bangalore,Full-time,Small (51-200),Hybrid,857382.81,"Excel, Data Analysis, Project Management, Python",2,1,1197485.69
31,Male,Diploma,Content Writer,Education,5.4,Remote (India),Contract,Small (51-200),On-site,334347.47,"Machine Learning, SQL",2,0,342076.48
33,Female,High School,Sales Executive,Consulting,2.7,Remote (India),Full-time,Small (51-200),On-site,574029.71,"Machine Learning, Excel, Project Management, Cloud Computing, Python",3,0,579827.99
38,Male,Bachelor's,Customer Support Executive,Education,5.3,Pune,Full-time,Enterprise (5000+),Hybrid,266599.34,"Excel, Data Analysis",0,0,458183.39
34,Male,Bachelor's,HR Executive,Media,10.4,Hyderabad,Contract,Medium (201-1000),Hybrid,371113.62,"Data Analysis, SQL",2,0,645452.03
35,Female,Bachelor's,HR Executive,Education,8.3,Delhi NCR,Full-time,Small (51-200),Hybrid,436850.84,"SQL, Machine Learning, Project Management, Java, JavaScript",0,0,457210.36
32,Female,Diploma,Sales Executive,Media,12.3,Ahmedabad,Full-time,Startup (1-50),Remote,521818.04,"JavaScript, Project Management, Cloud Computing, SQL",0,0,527088.93
29,Male,PhD,Administrative Assistant,Media,1.2,Mumbai,Full-time,Large (1000-5000),Remote,278620.17,"Leadership, Python, Java, Machine Learning",2,0,624510.25
21,Female,Bachelor's,Product Manager,Manufacturing,3.1,Mumbai,Contract,Small (51-200),Hybrid,1891994.91,"Cloud Computing, Data Analysis",1,1,2512456.36
33,Female,Bachelor's,Customer Support Executive,Healthcare,5.1,Chennai,Full-time,Large (1000-5000),Remote,442779.79,"Leadership, Data Analysis, C++, Cloud Computing, SQL",2,1,715156.16
40,Male,Bachelor's,UX Designer,Manufacturing,9.9,Mumbai,Full-time,Medium (201-1000),Remote,1455763.06,"Communication, C++, Data Analysis, Cloud Computing, JavaScript",0,1,1744128.78
36,Female,Master's,Executive Director,Healthcare,11.8,Pune,Contract,Small (51-200),Remote,3727741.45,"Data Analysis, Excel, Communication, Python",1,1,7290759.27
24,Female,Master's,Senior Software Engineer,Telecommunications,2.3,Ahmedabad,Full-time,Enterprise (5000+),Hybrid,1996022.09,"Python, Project Management, C++, Machine Learning",3,0,2906078.52
27,Male,Bachelor's,UX Designer,Retail,4.2,Kolkata,Full-time,Startup (1-50),Remote,901737.14,"Data Analysis, Communication, Project Management",0,1,1025003.88
25,Male,Bachelor's,Administrative Assistant,Manufacturing,3.0,Mumbai,Full-time,Small (51-200),Hybrid,310593.37,"Excel, Machine Learning, Cloud Computing, Data Analysis",0,1,443403.24
34,Female,Master's,Data Scientist,Education,6.6,Kolkata,Full-time,Medium (201-1000),Hybrid,1186949.9,"Data Analysis, Leadership, Machine Learning, Communication, Python",2,0,1873792.9
34,Male,Master's,Data Analyst,Media,11.1,Remote (India),Full-time,Startup (1-50),On-site,731355.69,"Communication, Cloud Computing",2,1,1110643.55
47,Male,Bachelor's,Financial Analyst,Telecommunications,,Pune,Full-time,Large (1000-5000),On-site,1115284.33,"JavaScript, Cloud Computing",3,0,1640810.04
30,Female,Bachelor's,Financial Analyst,Retail,8.8,Pune,Full-time,Small (51-200),On-site,652743.83,"Project Management, SQL",1,0,799887.12
28,Male,Master's,Product Manager,Healthcare,6.2,Pune,Full-time,Large (1000-5000),On-site,3161150.9,"Data Analysis, Leadership, Communication",1,1,3724451.02
34,Female,Diploma,Graphic Designer,Media,6.8,Remote (India),Freelance,Small (51-200),On-site,283066.09,"Communication, Machine Learning, Leadership, Data Analysis, C++",3,0,436349.49
30,Female,Bachelor's,Sales Manager,Education,0.3,Hyderabad,Full-time,Startup (1-50),Hybrid,877180.94,"Project Management, Java, SQL",3,1,1249532.48
32,Male,Bachelor's,Product Manager,Government,2.7,Kolkata,Full-time,Enterprise (5000+),Remote,1811080.96,"Python, Communication, Project Management, C++",2,1,2642709.21
23,Male,Bachelor's,Project Manager,Healthcare,1.4,Hyderabad,Full-time,Small (51-200),Hybrid,1452723.36,"Python, Project Management",2,1,1687333.91
33,Female,Bachelor's,Data Scientist,Retail,4.8,Hyderabad,Full-time,Large (1000-5000),Remote,1079560.19,"Java, JavaScript, Python, C++",1,0,1788265.51
29,Female,Diploma,Graphic Designer,Education,5.5,Hyderabad,Full-time,Medium (201-1000),Hybrid,460874.73,"Machine Learning, SQL, Data Analysis, Python",3,0,543517.36
40,Female,Bachelor's,DevOps Engineer,Telecommunications,7.0,Remote (India),Full-time,Enterprise (5000+),On-site,1651207.2,"Cloud Computing, Communication, Data Analysis, Leadership, Project Management",2,0,2387346.23
28,Male,Bachelor's,Sales Manager,Healthcare,5.0,Chennai,Full-time,Medium (201-1000),Remote,1566610.75,"SQL, Cloud Computing, C++, Leadership",2,1,2008834.46
28,Female,Bachelor's,Data Scientist,Retail,3.8,Kolkata,Full-time,Small (51-200),Hybrid,,"C++, Excel, Project Management, Leadership, Python",1,0,1164825.01
25,Female,Master's,Product Manager,Manufacturing,1.1,Kolkata,Full-time,Startup (1-50),On-site,1505428.87,"Data Analysis, Communication",3,1,2144970.5
25,Female,Bachelor's,Research Scientist,Telecommunications,6.8,Remote (India),Full-time,Small (51-200),Hybrid,1219607.35,"Cloud Computing, Excel, JavaScript, Machine Learning",2,0,1875951.62
41,Female,Master's,Customer Support Executive,Information Technology,12.8,Remote (India),Full-time,Medium (201-1000),Remote,491776.92,"Excel, Python, Java, Data Analysis, SQL",1,0,751452.84
26,Female,Bachelor's,Sales Manager,Education,3.2,Chennai,Full-time,Large (1000-5000),Hybrid,1353317.56,"Communication, Python, Machine Learning",1,1,1512287.01
30,Other,Bachelor's,Research Scientist,Media,9.7,Kolkata,Full-time,Large (1000-5000),On-site,990878.99,"SQL, Cloud Computing, JavaScript",1,0,1744841.9
28,Male,Master's,HR Manager,Information Technology,3.8,Delhi NCR,Full-time,Small (51-200),On-site,,"Cloud Computing, JavaScript, Project Management, Leadership",2,1,2137468.24
36,Male,Diploma,Executive Director,Media,4.6,Remote (India),Full-time,Medium (201-1000),Hybrid,3627255.56,"Data Analysis, Communication, Python, Excel, C++",2,1,3715042.15
36,Female,Bachelor's,HR Executive,Information Technology,9.4,Hyderabad,Full-time,Large (1000-5000),On-site,626667.13,"Excel, Cloud Computing, JavaScript, SQL",3,0,952975.62
30,Male,Master's,HR Manager,Consulting,7.9,Remote (India),Full-time,Enterprise (5000+),Hybrid,1442856.74,"Machine Learning, Java, Python, Excel",2,1,2359563.9
30,Male,Bachelor's,Graphic Designer,Retail,4.3,Remote (India),Full-time,Large (1000-5000),Hybrid,502173.72,"Data Analysis, C++, SQL, Communication, JavaScript",0,0,609149.57
31,Male,Diploma,Content Writer,Information Technology,6.7,Jaipur,Full-time,Medium (201-1000),Hybrid,486539.73,"Project Management, Communication, C++, Excel",0,1,538581.24
27,Male,Bachelor's,HR Executive,Retail,5.4,Kolkata,Full-time,Enterprise (5000+),Remote,449925.81,"Python, Communication, Data Analysis, Cloud Computing, Machine Learning",1,0,559087.03
34,Male,Bachelor's,Sales Manager,Education,7.2,Kolkata,Full-time,Medium (201-1000),Hybrid,1284254.47,"Project Management, SQL",2,1,1471280.41
25,Male,Bachelor's,Operations Manager,Government,3.5,Kolkata,Full-time,Medium (201-1000),On-site,1087019.41,"Java, Project Management, Machine Learning, Python",0,1,1177700.76
31,Male,Bachelor's,Senior Software Engineer,Telecommunications,8.2,Mumbai,Full-time,Medium (201-1000),On-site,1668138.74,"Machine Learning, Cloud Computing, Java",1,0,2782536.75
40,Male,Diploma,Business Analyst,Education,15.8,Bangalore,Part-time,Enterprise (5000+),Remote,555386.51,"SQL, Cloud Computing, Data Analysis, Communication",1,0,674816.74
39,Female,PhD,Product Manager,Healthcare,13.0,Remote (India),Full-time,Large (1000-5000),Remote,3275855.28,"Project Management, C++, Cloud Computing",2,1,5275705.48
26,Male,Diploma,Business Analyst,Education,4.2,Hyderabad,Contract,Small (51-200),Hybrid,400577.68,"Project Management, Communication, JavaScript",0,0,659488.53
25,Female,Bachelor's,HR Executive,Government,0.8,Jaipur,Full-time,Small (51-200),Remote,294888.73,"Machine Learning, Java, Data Analysis, C++, Excel",3,0,413810.0
28,Male,Bachelor's,Software Engineer,Telecommunications,6.6,Bangalore,Full-time,Enterprise (5000+),On-site,790736.73,"Leadership, C++, Project Management, Data Analysis, Java",2,0,1702761.48
34,Male,High School,Graphic Designer,Finance,3.6,Pune,Full-time,Large (1000-5000),Remote,454678.97,"Excel, Leadership, JavaScript",2,0,588601.95
26,Male,Master's,Data Scientist,Media,6.5,Chennai,Full-time,Small (51-200),Hybrid,995125.43,"Python, Machine Learning, Java, JavaScript, C++",1,0,1919395.12
41,Female,Bachelor's,Data Analyst,Education,14.2,Mumbai,Full-time,Startup (1-50),Hybrid,910594.85,"Leadership, C++, Excel",1,1,919792.78
23,Male,Master's,UX Designer,Government,0.4,Pune,Full-time,Large (1000-5000),On-site,937250.2,"C++, Cloud Computing, Python, Project Management, Java",3,0,1397673.98
24,Female,Master's,Data Analyst,Government,1.8,Kolkata,Full-time,Small (51-200),On-site,688423.98,"Machine Learning, JavaScript, SQL, Java",3,0,695377.76
48,Male,PhD,Data Scientist,Information Technology,17.5,Chennai,Full-time,Medium (201-1000),On-site,3210182.97,"Communication, Data Analysis, Project Management, Java, JavaScript",1,0,3646511.14
24,Male,PhD,QA Engineer,Healthcare,2.9,Kolkata,Full-time,Enterprise (5000+),Hybrid,910270.91,"Data Analysis, C++, Communication, Python",3,0,1660468.01
27,Female,High School,Business Analyst,Media,2.6,Chennai,Full-time,Small (51-200),On-site,614751.88,"Leadership, Communication",3,0,621848.61
25,Female,Diploma,Business Analyst,Finance,4.3,Delhi NCR,Full-time,Enterprise (5000+),On-site,592807.27,"Project Management, Java",0,0,1123015.73
32,Female,PhD,Customer Support Executive,Information Technology,,Jaipur,Full-time,Large (1000-5000),On-site,583358.31,"Data Analysis, C++, SQL",1,0,670918.09
22,Male,Bachelor's,Operations Manager,Education,2.4,Mumbai,Full-time,Enterprise (5000+),Hybrid,843560.14,"Java, Leadership",1,1,1994656.43
35,Male,Master's,Product Manager,Healthcare,15.3,Delhi NCR,Full-time,Startup (1-50),On-site,3164111.93,"Cloud Computing, SQL, Python, Communication",0,1,4340983.41
22,Male,Diploma,HR Manager,Manufacturing,2.0,Remote (India),Full-time,Medium (201-1000),Hybrid,789983.89,"JavaScript, Machine Learning",0,1,1102531.32
29,Male,Bachelor's,Sales Executive,Finance,5.1,Remote (India),Full-time,Small (51-200),On-site,530671.5,"Excel, Project Management, Leadership",3,0,624641.47
23,Male,Bachelor's,Graphic Designer,Retail,2.1,Remote (India),Contract,Enterprise (5000+),On-site,403090.97,"Leadership, C++",1,0,574382.4
28,Female,Master's,Executive Director,Consulting,0.8,Ahmedabad,Full-time,Startup (1-50),Hybrid,4046995.07,"SQL, Cloud Computing, Data Analysis",0,1,5221912.99
29,Female,Master's,Content Writer,Consulting,5.0,Delhi NCR,Freelance,Large (1000-5000),Hybrid,572031.45,"SQL, Data Analysis, Python, Communication",1,1,924755.65
43,Female,High School,Operations Manager,Healthcare,18.8,Mumbai,Full-time,Enterprise (5000+),Remote,1792492.05,"Leadership, Cloud Computing, Data Analysis, Excel, JavaScript",2,1,3063547.11
25,Male,Master's,DevOps Engineer,Education,2.6,Delhi NCR,Full-time,Small (51-200),On-site,1024776.8,"Machine Learning, Cloud Computing, Java, Python, JavaScript",2,0,1867033.32
28,Female,Bachelor's,Content Writer,Information Technology,4.7,Chennai,Full-time,Medium (201-1000),Remote,498002.9,"JavaScript, Cloud Computing",3,1,832327.02
28,Female,Master's,Project Manager,Finance,7.2,Mumbai,Full-time,Large (1000-5000),Remote,1686324.64,"JavaScript, Python",3,1,3258631.96
31,Male,Master's,Data Analyst,Manufacturing,6.6,Pune,Freelance,Enterprise (5000+),Remote,615643.48,"Leadership, Project Management, Java, Excel",2,0,1115333.81
29,Male,Diploma,HR Executive,Government,4.7,Remote (India),Full-time,Medium (201-1000),Hybrid,301310.48,"SQL, Leadership, Communication, C++",3,0,472605.98
31,Male,Bachelor's,Software Engineer,Media,7.2,Hyderabad,Full-time,Startup (1-50),On-site,869798.95,"Excel, Project Management",0,0,1026528.05
29,Male,Bachelor's,Content Writer,Telecommunications,4.5,Kolkata,Freelance,Small (51-200),On-site,339700.21,"JavaScript, Java",2,0,363290.36
28,Female,PhD,Graphic Designer,Retail,8.4,Hyderabad,Part-time,Large (1000-5000),Remote,320212.07,"Communication, Java, Data Analysis, Cloud Computing, Excel",3,0,589697.86
42,Male,Master's,Executive Director,Manufacturing,9.8,Chennai,Full-time,Large (1000-5000),Hybrid,4189441.13,"Cloud Computing, Project Management, Java",1,1,6891326.48
36,Female,Bachelor's,Data Analyst,Media,9.5,Delhi NCR,Full-time,Large (1000-5000),Remote,726446.27,"Excel, JavaScript",1,0,1095020.5
55,Male,Bachelor's,Sales Executive,Retail,20.4,Delhi NCR,Full-time,Startup (1-50),On-site,512811.95,"C++, JavaScript",2,0,724387.15
26,Female,Master's,HR Manager,Telecommunications,2.0,Kolkata,Full-time,Small (51-200),Remote,1016857.48,"JavaScript, Leadership, Communication",3,1,1626818.54
41,Female,Bachelor's,UX Designer,Government,,Chennai,Part-time,Enterprise (5000+),Remote,381369.28,"C++, Python",2,0,817676.86
27,Male,Master's,Project Manager,Consulting,3.6,Mumbai,Full-time,Small (51-200),Hybrid,1465052.19,"Project Management, Data Analysis",1,1,2507556.69
28,Male,Diploma,Senior Software Engineer,Media,1.8,Chennai,Full-time,Small (51-200),Remote,908423.09,"Excel, Data Analysis, Cloud Computing, Machine Learning",2,0,1513249.04
34,Male,Master's,Financial Analyst,Government,6.8,Mumbai,Full-time,Enterprise (5000+),Hybrid,634442.56,"Project Management, JavaScript, C++",0,0,1832479.99
30,Female,Master's,Marketing Manager,Finance,1.8,Chennai,Full-time,Enterprise (5000+),Hybrid,1704956.35,"Leadership, Python, Communication, Excel",2,1,2446787.84
40,Male,PhD,Marketing Manager,Retail,18.9,Remote (India),Part-time,Small (51-200),Hybrid,1125608.18,"SQL, Cloud Computing",3,1,1268326.24
24,Male,High School,Financial Analyst,Education,1.9,Pune,Full-time,Large (1000-5000),Remote,223087.88,"Cloud Computing, Excel, Project Management, JavaScript, SQL",2,0,762454.68
35,Female,PhD,Data Analyst,Education,17.6,Ahmedabad,Full-time,Medium (201-1000),Hybrid,715752.19,"Excel, Leadership, Java, Data Analysis",1,0,1200658.08
27,Male,Master's,Project Manager,Healthcare,5.4,Delhi NCR,Contract,Startup (1-50),On-site,1849608.74,"Communication, C++, Machine Learning, Leadership, Cloud Computing",2,1,2011299.26
41,Male,PhD,Product Manager,Education,16.0,Remote (India),Contract,Enterprise (5000+),On-site,2851549.73,"Communication, SQL, Cloud Computing, Java",2,1,3712148.82
36,Male,PhD,Marketing Manager,Media,7.3,Bangalore,Part-time,Enterprise (5000+),Remote,625453.67,"Machine Learning, Leadership, Excel",0,1,1614864.81
32,Male,Master's,Financial Analyst,Media,4.4,Remote (India),Part-time,Medium (201-1000),Remote,503999.91,"Excel, SQL, Leadership, JavaScript",0,0,663092.79
45,Male,Bachelor's,HR Manager,Telecommunications,14.5,Delhi NCR,Full-time,Startup (1-50),Remote,1497935.42,"Cloud Computing, Java, Leadership",3,1,1869439.21
38,Male,Bachelor's,Executive Director,Consulting,13.4,Bangalore,Full-time,Small (51-200),On-site,5611992.95,"Java, Excel, C++, Cloud Computing",3,1,6299158.73
32,Female,Diploma,Senior Software Engineer,Finance,4.5,Jaipur,Full-time,Large (1000-5000),Remote,893520.61,"SQL, Java, Python",0,0,1899846.75
38,Female,Bachelor's,Operations Manager,Manufacturing,16.3,Delhi NCR,Full-time,Large (1000-5000),Hybrid,1653781.29,"Communication, Excel, Data Analysis",1,1,2517554.63
29,Female,High School,QA Engineer,Finance,5.6,Jaipur,Full-time,Large (1000-5000),On-site,578462.51,"Data Analysis, Communication, Java",1,0,751507.09
24,Male,Master's,Data Scientist,Consulting,4.4,Delhi NCR,Full-time,Enterprise (5000+),Hybrid,1605468.8,"Excel, SQL",0,0,2772902.06
37,Female,Master's,Data Analyst,Manufacturing,10.2,Pune,Part-time,Enterprise (5000+),Remote,430534.06,"Communication, Excel",3,0,716553.29
21,Female,Bachelor's,Business Analyst,Manufacturing,1.3,Jaipur,Full-time,Startup (1-50),Hybrid,435538.75,"Machine Learning, Python, SQL, JavaScript",2,0,597698.13
28,Male,Master's,HR Executive,Finance,3.3,Ahmedabad,Full-time,Enterprise (5000+),Remote,439846.13,"JavaScript, Project Management, Data Analysis",3,0,931972.47
31,Female,Diploma,Customer Support Executive,Finance,4.0,Chennai,Full-time,Enterprise (5000+),Remote,419807.86,"Communication, Machine Learning, SQL",1,1,605767.46
34,Female,PhD,Executive Director,Media,4.8,Pune,Full-time,Large (1000-5000),Hybrid,5507636.53,"Java, JavaScript, C++",3,1,8185473.82
31,Male,Bachelor's,Research Scientist,Education,3.1,Pune,Full-time,Enterprise (5000+),Remote,1176871.86,"Communication, Excel",2,0,1892701.32
30,Male,Master's,HR Executive,Media,4.5,Mumbai,Full-time,Medium (201-1000),On-site,733875.54,"Leadership, SQL",3,0,763041.78
39,Female,PhD,HR Executive,Government,15.4,Chennai,Contract,Startup (1-50),On-site,731603.37,"Cloud Computing, JavaScript, Data Analysis, Python, Communication",3,0,825305.24
25,Male,Diploma,UX Designer,Consulting,2.6,Delhi NCR,Full-time,Large (1000-5000),On-site,1172482.9,"Python, JavaScript, Machine Learning, Communication",3,0,1235901.84
33,Male,Master's,Project Manager,Education,3.9,Mumbai,Full-time,Enterprise (5000+),Hybrid,1235783.48,"Leadership, Machine Learning, Java, Python, JavaScript",0,1,2379147.97
31,Male,Master's,Sales Manager,Finance,10.0,Bangalore,Full-time,Large (1000-5000),Hybrid,2846803.74,"Python, Leadership, Java, Machine Learning",3,1,3730126.13
27,Female,Bachelor's,Data Scientist,Government,3.9,Hyderabad,Full-time,Enterprise (5000+),Hybrid,816560.68,"Leadership, Cloud Computing",3,0,1936126.3
23,Male,Bachelor's,Software Engineer,Healthcare,2.0,Delhi NCR,Full-time,Startup (1-50),On-site,937585.09,"Machine Learning, JavaScript, Excel, Leadership, Communication",3,1,1264616.0
39,Male,Bachelor's,Software Engineer,Manufacturing,14.4,Bangalore,Full-time,Startup (1-50),Remote,1298714.14,"Project Management, Java, Data Analysis, Excel",3,0,1443916.7
30,Male,Bachelor's,HR Manager,Healthcare,8.8,Delhi NCR,Contract,Startup (1-50),Hybrid,1168665.06,"Cloud Computing, Leadership, Communication, C++, Python",1,1,1510848.16
31,Female,Bachelor's,HR Executive,Healthcare,3.9,Mumbai,Full-time,Small (51-200),Hybrid,539014.47,"Java, Data Analysis, JavaScript, Excel, Communication",1,0,724663.86
38,Male,Bachelor's,Data Scientist,Telecommunications,5.4,Chennai,Contract,Startup (1-50),Remote,989401.27,"Communication, Java, Machine Learning, Leadership, C++",2,0,1509182.28
30,Female,Bachelor's,Research Scientist,Finance,9.5,Kolkata,Full-time,Enterprise (5000+),Remote,1407579.18,"Leadership, Communication",1,0,2379602.99
31,Female,PhD,Graphic Designer,Government,7.8,Pune,Full-time,Startup (1-50),Hybrid,678274.47,"C++, Communication, JavaScript, Python, Java",0,1,843690.95
27,Female,Bachelor's,Sales Executive,Retail,3.1,Delhi NCR,Full-time,Large (1000-5000),Remote,396701.62,"Excel, Machine Learning, Leadership, Java, C++",1,0,775274.8
34,Male,Bachelor's,Sales Executive,Consulting,7.7,Bangalore,Contract,Startup (1-50),Remote,527040.71,"C++, Project Management, Excel",1,0,694417.11
30,Male,Master's,Sales Executive,Healthcare,,Pune,Full-time,Large (1000-5000),On-site,580253.45,"Leadership, Python, Machine Learning, Communication",1,0,991285.37
32,Female,Bachelor's,Graphic Designer,Healthcare,8.1,Hyderabad,Full-time,Large (1000-5000),On-site,652699.38,"Communication, Python, C++",3,0,813876.24
42,Male,Bachelor's,Product Manager,Education,15.3,Bangalore,Full-time,Medium (201-1000),On-site,2539322.35,"JavaScript, Communication, Machine Learning, SQL",1,1,2942661.33
31,Male,Master's,Product Manager,Information Technology,7.9,Jaipur,Full-time,Small (51-200),On-site,3119352.51,"Cloud Computing, Data Analysis, Project Management, Leadership",3,1,3475710.26
31,Male,Bachelor's,Sales Executive,Retail,2.7,Mumbai,Contract,Small (51-200),Hybrid,600442.32,"Excel, Machine Learning",1,0,616379.05
24,Female,Bachelor's,HR Executive,Education,3.3,Bangalore,Full-time,Large (1000-5000),Remote,296648.4,"JavaScript, Data Analysis, Project Management, Cloud Computing, Excel",1,0,570540.55
38,Female,Diploma,Software Engineer,Media,11.6,Bangalore,Full-time,Startup (1-50),Remote,,"Java, Project Management",3,0,1084433.68
38,Female,Bachelor's,Software Engineer,Healthcare,8.5,Ahmedabad,Full-time,Medium (201-1000),Hybrid,858805.41,"Excel, Communication, Machine Learning, Java, Leadership",3,0,1195347.17
35,Male,Master's,Administrative Assistant,Telecommunications,4.5,Remote (India),Full-time,Enterprise (5000+),Remote,293835.47,"JavaScript, Communication, Python, Excel",1,0,571054.7
33,Male,Master's,Content Writer,Consulting,9.1,Mumbai,Contract,Medium (201-1000),Hybrid,387062.04,"SQL, JavaScript, Excel, Project Management, Data Analysis",2,0,1021997.29
31,Male,Master's,Executive Director,Healthcare,10.6,Remote (India),Contract,Enterprise (5000+),Hybrid,5554513.65,"C++, Data Analysis, Leadership, Python, Communication",2,1,9062415.66
27,Female,Master's,Customer Support Executive,Finance,6.1,Remote (India),Full-time,Small (51-200),On-site,566479.63,"Cloud Computing, C++, Leadership, Java",3,1,759290.35
29,Male,Bachelor's,HR Manager,Finance,6.0,Hyderabad,Full-time,Startup (1-50),Hybrid,1232635.25,"Project Management, SQL, Machine Learning",3,1,1806139.8
41,Male,Diploma,Graphic Designer,Finance,12.3,Delhi NCR,Full-time,Large (1000-5000),On-site,716578.27,"SQL, Data Analysis, C++",2,0,881183.74
35,Female,Master's,Research Scientist,Government,10.3,Hyderabad,Full-time,Startup (1-50),Hybrid,1124974.04,"Cloud Computing, C++, Java, JavaScript, Communication",1,0,1933566.01
33,Male,PhD,Product Manager,Telecommunications,14.2,Remote (India),Full-time,Medium (201-1000),On-site,2868515.68,"Machine Learning, C++, Communication, Project Management, Python",0,1,4369262.11
49,Male,Bachelor's,HR Executive,Retail,24.4,Delhi NCR,Full-time,Startup (1-50),On-site,624822.33,"Excel, C++, SQL, JavaScript",1,0,631133.67
30,Male,Bachelor's,Accountant,Telecommunications,8.2,Pune,Full-time,Medium (201-1000),Remote,537220.47,"Machine Learning, Leadership",1,0,787991.45
44,Male,Master's,Content Writer,Retail,19.6,Hyderabad,Contract,Small (51-200),On-site,815828.34,"Cloud Computing, SQL, Communication",0,1,824069.03
26,Female,Bachelor's,UX Designer,Telecommunications,4.1,Mumbai,Part-time,Small (51-200),Remote,619331.52,"Leadership, C++",1,0,727252.98
30,Male,Master's,HR Manager,Telecommunications,4.3,Ahmedabad,Contract,Medium (201-1000),Remote,1082351.08,"SQL, Java, Leadership, Machine Learning, Cloud Computing",3,1,1660038.3
25,Male,High School,Operations Manager,Media,9.6,Chennai,Full-time,Startup (1-50),On-site,962090.51,"Leadership, C++",1,1,1118524.01
39,Male,Bachelor's,Sales Manager,Manufacturing,13.7,Hyderabad,Full-time,Large (1000-5000),On-site,1823361.81,"Machine Learning, Data Analysis, Leadership",0,1,2404697.55
24,Male,Bachelor's,Executive Director,Consulting,4.3,Hyderabad,Contract,Small (51-200),On-site,5125565.89,"Data Analysis, Python, C++, Java, Leadership",1,1,5177339.29
30,Male,Diploma,HR Executive,Manufacturing,2.4,Jaipur,Full-time,Large (1000-5000),On-site,167154.6,"Cloud Computing, C++, Communication",2,0,352669.13
45,Male,Diploma,Data Analyst,Media,10.0,Hyderabad,Full-time,Large (1000-5000),Remote,563162.28,"Excel, Data Analysis, Cloud Computing, JavaScript, Machine Learning",2,0,1037389.97
44,Male,Master's,Data Scientist,Government,20.0,Mumbai,Full-time,Medium (201-1000),Remote,2100861.52,"SQL, Data Analysis",3,0,2857599.95
31,Male,Bachelor's,Business Analyst,Finance,8.3,Chennai,Full-time,Enterprise (5000+),Remote,832723.36,"JavaScript, Communication",2,0,1457933.82
32,Male,Bachelor's,Financial Analyst,Consulting,3.1,Mumbai,Freelance,Large (1000-5000),On-site,1203541.45,"SQL, C++, Leadership, Java",2,1,1389415.21
34,Female,Bachelor's,Accountant,Education,9.7,Remote (India),Freelance,Startup (1-50),On-site,422746.55,"Excel, Leadership, Python, Project Management",3,0,469370.25
32,Male,Master's,Financial Analyst,Consulting,10.0,Chennai,Full-time,Small (51-200),Remote,1272456.32,"SQL, JavaScript, Leadership, Data Analysis, Machine Learning",0,1,1807936.81
33,Female,Bachelor's,UX Designer,Retail,5.4,Remote (India),Full-time,Small (51-200),Hybrid,792701.73,"Leadership, Machine Learning, Cloud Computing, Communication",2,0,1017855.96
22,Male,Bachelor's,Sales Manager,Healthcare,2.1,Ahmedabad,Freelance,Large (1000-5000),Remote,1209581.12,"C++, Project Management, JavaScript",2,1,1422010.13
33,Male,Bachelor's,UX Designer,Education,5.9,Delhi NCR,Contract,Medium (201-1000),Hybrid,708604.45,"Cloud Computing, Communication, Project Management",0,0,1175835.35
40,Female,Diploma,Senior Software Engineer,Media,7.8,Chennai,Full-time,Enterprise (5000+),Hybrid,1406287.07,"Leadership, Excel, SQL, Communication, Machine Learning",2,0,2550397.26
21,Male,PhD,Senior Software Engineer,Government,4.2,Chennai,Full-time,Startup (1-50),Hybrid,1632629.2,"Data Analysis, Python, Machine Learning, Communication, Cloud Computing",1,0,2284093.29
21,Male,Master's,Executive Director,Finance,2.3,Bangalore,Full-time,Large (1000-5000),On-site,4089810.7,"SQL, Communication",0,1,7674809.32
33,Male,Master's,UX Designer,Manufacturing,8.9,Pune,Full-time,Startup (1-50),Remote,1436536.27,"C++, JavaScript, Data Analysis, SQL, Excel",3,1,1762659.0
26,Female,Bachelor's,Administrative Assistant,Retail,2.7,Bangalore,Full-time,Small (51-200),On-site,230920.29,"Cloud Computing, JavaScript",1,0,346712.44
24,Female,Bachelor's,HR Executive,Retail,6.0,Bangalore,Full-time,Medium (201-1000),On-site,589355.07,"Leadership, JavaScript, Python, SQL, Data Analysis",0,1,755625.93
29,Male,Master's,Operations Manager,Media,5.9,Chennai,Full-time,Small (51-200),Hybrid,1169038.25,"Data Analysis, Java",3,1,1591398.41
29,Other,Bachelor's,Data Analyst,Consulting,3.9,Bangalore,Full-time,Small (51-200),On-site,422041.14,"Machine Learning, SQL, Data Analysis, Java, Communication",3,0,1180791.38
49,Male,PhD,Senior Software Engineer,Manufacturing,19.5,Bangalore,Part-time,Small (51-200),Remote,1622385.91,"JavaScript, Python, Cloud Computing, SQL",2,0,2456946.88
31,Male,Bachelor's,Content Writer,Finance,5.2,Mumbai,Freelance,Enterprise (5000+),Remote,606130.67,"Machine Learning, JavaScript, Python, Excel, SQL",3,0,967251.17
38,Male,PhD,Operations Manager,Media,5.6,Kolkata,Full-time,Large (1000-5000),On-site,1490600.05,"Data Analysis, Machine Learning",3,1,2253631.98
26,Male,Diploma,DevOps Engineer,Education,9.3,Jaipur,Contract,Large (1000-5000),On-site,1217064.73,"Java, JavaScript, Leadership, SQL, Python",2,0,1386635.13
27,Female,Master's,Data Analyst,Information Technology,2.9,Bangalore,Full-time,Startup (1-50),Hybrid,970597.58,"Leadership, SQL, Java, JavaScript, Communication",0,1,1525549.57
45,Male,Bachelor's,Content Writer,Retail,21.1,Delhi NCR,Full-time,Startup (1-50),Hybrid,670068.87,"Machine Learning, SQL",1,1,748340.57
35,Male,Bachelor's,QA Engineer,Retail,18.0,Kolkata,Full-time,Large (1000-5000),On-site,688213.5,"Machine Learning, C++, Project Management, Communication, Leadership",3,0,1063738.82
25,Female,Bachelor's,HR Manager,Retail,11.3,Mumbai,Full-time,Enterprise (5000+),Hybrid,1205745.09,"Leadership, Cloud Computing, C++, Communication, Excel",3,1,2321300.24
36,Male,Master's,Project Manager,Finance,14.6,Chennai,Part-time,Startup (1-50),Hybrid,1183722.39,"Python, SQL, Excel, Communication",1,1,1499025.27
33,Male,Master's,Senior Software Engineer,Telecommunications,3.1,Jaipur,Full-time,Small (51-200),Remote,1510235.04,"Machine Learning, Communication, SQL, Java, JavaScript",2,0,2086353.1
25,Male,Master's,HR Manager,Media,5.4,Mumbai,Full-time,Large (1000-5000),Remote,1453176.76,"Machine Learning, JavaScript",3,1,2304584.05
24,Female,Bachelor's,HR Executive,Retail,7.8,Hyderabad,Full-time,Enterprise (5000+),On-site,374566.48,"Data Analysis, Excel",2,0,701812.24
31,Female,Bachelor's,Executive Director,Government,1.9,Mumbai,Contract,Medium (201-1000),Remote,4678436.91,"Project Management, JavaScript, Communication",1,1,4725693.85
36,Male,Bachelor's,Customer Support Executive,Government,7.9,Delhi NCR,Full-time,Medium (201-1000),Remote,317252.67,"Java, Communication, Leadership",3,1,613793.38
33,Male,Master's,Research Scientist,Manufacturing,5.5,Jaipur,Full-time,Enterprise (5000+),On-site,1516747.36,"Python, Project Management",0,1,2547781.72
30,Male,Master's,Customer Support Executive,Manufacturing,2.2,Chennai,Contract,Enterprise (5000+),Remote,236627.21,"Cloud Computing, Python, Excel",3,0,598861.91
38,Female,Diploma,Financial Analyst,Government,13.8,Bangalore,Contract,Startup (1-50),Remote,663930.86,"Communication, Java",2,0,670637.24
24,Male,Bachelor's,Data Analyst,Manufacturing,3.1,Jaipur,Full-time,Enterprise (5000+),Hybrid,532774.44,"Java, Cloud Computing",3,0,771162.21
26,Female,PhD,QA Engineer,Media,5.3,Pune,Part-time,Medium (201-1000),Hybrid,603640.83,"Python, Project Management, Leadership",2,0,682768.1
27,Male,Diploma,Accountant,Government,3.3,Delhi NCR,Full-time,Enterprise (5000+),Hybrid,457186.93,"Data Analysis, Cloud Computing",1,0,640606.45
46,Male,Bachelor's,UX Designer,Information Technology,17.7,Kolkata,Full-time,Enterprise (5000+),Hybrid,1202493.34,"Java, Machine Learning, Excel",2,0,2186153.4
33,Male,Bachelor's,HR Executive,Telecommunications,6.1,Ahmedabad,Full-time,Startup (1-50),On-site,443247.98,"SQL, Cloud Computing, Data Analysis, Project Management",3,1,584428.24
27,Female,Bachelor's,Financial Analyst,Finance,1.3,Remote (India),Full-time,Medium (201-1000),Remote,999775.48,"C++, Excel, Python, Data Analysis",1,0,1260830.41
23,Female,Master's,Product Manager,Retail,3.9,Hyderabad,Full-time,Large (1000-5000),Remote,1537813.68,"Data Analysis, Communication, Python, Cloud Computing, Machine Learning",3,1,3966271.66
30,Male,PhD,Software Engineer,Government,5.5,Jaipur,Full-time,Enterprise (5000+),On-site,972597.0,"Data Analysis, Project Management, Python, Cloud Computing",0,0,1447981.99
35,Female,Master's,HR Manager,Information Technology,8.5,Chennai,Full-time,Startup (1-50),On-site,1707809.3,"SQL, Python",3,1,1760200.56
24,Male,Bachelor's,Data Scientist,Education,2.1,Ahmedabad,Full-time,Small (51-200),Remote,902590.02,"JavaScript, Cloud Computing, SQL, Python",0,0,930407.17
29,Male,Bachelor's,Senior Software Engineer,Telecommunications,5.4,Remote (India),Full-time,Small (51-200),On-site,1367889.33,"Java, Data Analysis, Project Management, C++, Cloud Computing",3,0,2156481.25
33,Female,Bachelor's,Data Analyst,Consulting,2.2,Delhi NCR,Full-time,Small (51-200),Remote,712182.55,"Python, Project Management, C++, Leadership",0,0,937699.12
31,Male,Master's,Senior Software Engineer,Consulting,3.2,Jaipur,Contract,Medium (201-1000),Remote,1426628.83,"JavaScript, Data Analysis, C++",0,0,2137919.82
28,Male,Diploma,HR Executive,Information Technology,3.5,Pune,Full-time,Medium (201-1000),Remote,386305.34,"Leadership, Excel, Communication",0,1,660742.46
27,Female,Diploma,Operations Manager,Manufacturing,6.7,Mumbai,Part-time,Startup (1-50),On-site,502464.76,"C++, Java",3,1,762099.83
27,Female,PhD,HR Manager,Finance,2.0,Hyderabad,Full-time,Medium (201-1000),Remote,1573770.93,"Data Analysis, JavaScript, Project Management, Excel, Leadership",2,1,2633678.01
34,Female,Diploma,Operations Manager,Manufacturing,1.8,Bangalore,Full-time,Startup (1-50),On-site,1177670.54,"Java, Communication, Machine Learning, Cloud Computing",2,1,1189566.2
34,Male,Bachelor's,Customer Support Executive,Telecommunications,10.4,Remote (India),Full-time,Startup (1-50),On-site,400327.13,"Java, Excel",3,0,404370.84
29,Male,Master's,Sales Manager,Media,3.8,Bangalore,Full-time,Large (1000-5000),Remote,,"Project Management, C++, Excel, Java, SQL",1,1,2572523.76
25,Female,Bachelor's,Software Engineer,Information Technology,,Delhi NCR,Full-time,Large (1000-5000),On-site,1084826.31,"Java, Data Analysis, Leadership",2,0,1702559.8
27,Female,Bachelor's,Executive Director,Information Technology,2.4,Ahmedabad,Full-time,Medium (201-1000),On-site,3320714.96,"Leadership, C++, Python, Communication, Data Analysis",1,1,5838975.12
28,Male,Bachelor's,Software Engineer,Telecommunications,1.4,Hyderabad,Full-time,Enterprise (5000+),Remote,978638.92,"SQL, Cloud Computing, Communication, Excel, Data Analysis",1,0,1224828.18
37,Female,Bachelor's,Product Manager,Healthcare,15.4,Pune,Full-time,Startup (1-50),Remote,2277392.09,"C++, Excel, Leadership, Communication",0,1,3120089.51
51,Male,Bachelor's,Sales Executive,Retail,20.7,Kolkata,Full-time,Small (51-200),On-site,695112.17,"C++, Machine Learning, Java, Communication",3,0,726305.35
43,Male,Master's,UX Designer,Media,13.6,Hyderabad,Full-time,Startup (1-50),Remote,1182447.2,"Excel, SQL, Communication",2,0,1473705.69
24,Male,Master's,Product Manager,Healthcare,3.8,Delhi NCR,Full-time,Startup (1-50),On-site,2330545.16,"Machine Learning, Excel, Project Management",0,1,2893977.41
35,Male,Bachelor's,Marketing Manager,Consulting,3.9,Ahmedabad,Full-time,Enterprise (5000+),Remote,920996.08,"Leadership, Cloud Computing",3,1,1759308.24
37,Female,Bachelor's,Research Scientist,Finance,15.1,Bangalore,Full-time,Large (1000-5000),On-site,1779615.2,"Machine Learning, Cloud Computing, Project Management",2,0,2918733.46
29,Female,PhD,Senior Software Engineer,Media,1.1,Delhi NCR,Full-time,Medium (201-1000),Hybrid,1937123.63,"Cloud Computing, Leadership, Machine Learning, Java",2,0,2700666.47
33,Male,Master's,Research Scientist,Information Technology,8.1,Chennai,Full-time,Large (1000-5000),On-site,2305084.52,"Excel, C++, Leadership",0,0,2808773.19
36,Female,High School,Senior Software Engineer,Information Technology,8.1,Ahmedabad,Full-time,Enterprise (5000+),Hybrid,1241517.43,"Leadership, SQL, Excel",1,0,1855438.53
31,Female,Bachelor's,Financial Analyst,Government,4.7,Pune,Full-time,Enterprise (5000+),On-site,495569.57,"SQL, Project Management, C++, Cloud Computing, Excel",0,0,1256450.55
39,Female,High School,Content Writer,Retail,15.6,Delhi NCR,Full-time,Large (1000-5000),Hybrid,493538.4,"Python, Cloud Computing, Communication",3,0,656979.09
35,Male,Master's,Project Manager,Media,7.4,Delhi NCR,Full-time,Medium (201-1000),On-site,,"Machine Learning, Data Analysis, Excel, Project Management, C++",2,1,2555303.67
33,Female,Master's,Data Analyst,Education,3.7,Ahmedabad,Contract,Small (51-200),Hybrid,452414.98,"Data Analysis, Excel, JavaScript, Leadership, Communication",2,0,683475.36
40,Female,Master's,Sales Manager,Retail,9.1,Chennai,Full-time,Large (1000-5000),On-site,1822619.91,"Cloud Computing, SQL, Leadership, Python",1,1,2595155.64
34,Male,Bachelor's,Sales Executive,Telecommunications,9.9,Chennai,Full-time,Startup (1-50),Hybrid,754419.56,"SQL, Communication, Java, Cloud Computing, Leadership",2,0,762039.96
24,Other,Bachelor's,HR Executive,Manufacturing,3.2,Ahmedabad,Part-time,Startup (1-50),Hybrid,164783.43,"Cloud Computing, Communication, SQL, C++, Project Management",3,0,229366.03
21,Female,Bachelor's,DevOps Engineer,Media,4.1,Kolkata,Full-time,Enterprise (5000+),On-site,1435983.88,"C++, Machine Learning, Project Management, Python, Cloud Computing",1,1,2345046.84
35,Male,Master's,DevOps Engineer,Media,12.0,Ahmedabad,Full-time,Large (1000-5000),On-site,1868510.73,"Excel, SQL, Project Management, Communication, Java",3,0,2447403.24
37,Male,Master's,Business Analyst,Telecommunications,15.9,Hyderabad,Full-time,Large (1000-5000),Hybrid,950709.19,"Machine Learning, C++, Java, SQL, Excel",0,0,1730750.96
32,Male,Bachelor's,QA Engineer,Manufacturing,9.6,Bangalore,Full-time,Large (1000-5000),Hybrid,,"JavaScript, Java",3,0,1130591.36
31,Female,Master's,Graphic Designer,Telecommunications,5.1,Chennai,Full-time,Small (51-200),Remote,444729.96,"Project Management, Python, Java, Leadership, JavaScript",3,0,854982.15
44,Other,Diploma,HR Manager,Media,13.0,Delhi NCR,Full-time,Startup (1-50),On-site,916766.61,"Leadership, Project Management",1,1,1269781.55
37,Female,Diploma,HR Manager,Healthcare,7.3,Hyderabad,Full-time,Medium (201-1000),Remote,1072910.77,"SQL, Excel, C++, Java",1,1,1375770.1
38,Male,Bachelor's,Operations Manager,Government,6.4,Pune,Full-time,Medium (201-1000),Hybrid,1176352.8,"SQL, Excel, JavaScript, Python, Leadership",1,1,1733969.58
33,Male,Master's,HR Executive,Consulting,6.9,Remote (India),Full-time,Enterprise (5000+),Remote,498261.13,"C++, Leadership, JavaScript, SQL",1,0,964065.25
27,Female,PhD,Administrative Assistant,Manufacturing,5.5,Remote (India),Full-time,Enterprise (5000+),Hybrid,406790.18,"Communication, SQL, Leadership",2,0,676822.12
35,Male,Bachelor's,Data Analyst,Consulting,9.4,Mumbai,Full-time,Large (1000-5000),On-site,792744.74,"JavaScript, Communication, Project Management, C++",3,1,1694502.7
34,Male,Bachelor's,Content Writer,Government,12.2,Jaipur,Full-time,Startup (1-50),Hybrid,281792.75,"Project Management, JavaScript",3,1,571560.85
49,Female,High School,Data Scientist,Education,25.0,Hyderabad,Full-time,Large (1000-5000),On-site,1359648.95,"Machine Learning, Leadership, Java, Project Management, Excel",0,0,1824318.53
36,Female,Bachelor's,Research Scientist,Finance,8.0,Kolkata,Full-time,Small (51-200),Remote,1651381.98,"JavaScript, Java, SQL",0,0,1668062.6
27,Female,Bachelor's,Data Analyst,Telecommunications,5.3,Kolkata,Full-time,Medium (201-1000),Hybrid,636643.26,"Data Analysis, Project Management, Communication",2,0,869606.47
21,Male,High School,DevOps Engineer,Manufacturing,1.9,Ahmedabad,Full-time,Startup (1-50),Hybrid,968818.34,"C++, Communication, Leadership, Machine Learning",3,0,978604.39
29,Male,Diploma,UX Designer,Healthcare,8.9,Remote (India),Full-time,Medium (201-1000),Remote,803077.73,"Cloud Computing, Machine Learning, Excel, Python",3,1,1554051.81
39,Male,High School,Customer Support Executive,Healthcare,18.3,Hyderabad,Full-time,Medium (201-1000),Hybrid,516708.45,"SQL, Java, Cloud Computing",0,1,521927.72
32,Male,PhD,Executive Director,Information Technology,4.7,Delhi NCR,Full-time,Startup (1-50),On-site,6902845.41,"JavaScript, Project Management, SQL, Cloud Computing",1,1,7784721.58
27,Female,Master's,Data Analyst,Telecommunications,5.4,Delhi NCR,Full-time,Small (51-200),Hybrid,855556.67,"Leadership, SQL, Project Management, Excel",1,0,950475.95
34,Male,Bachelor's,Senior Software Engineer,Government,11.6,Ahmedabad,Full-time,Large (1000-5000),On-site,1407736.02,"Cloud Computing, Python, Data Analysis, Excel, JavaScript",0,0,2194927.25
47,Female,Bachelor's,Product Manager,Retail,20.7,Chennai,Full-time,Medium (201-1000),Remote,2002529.55,"Excel, Project Management",3,1,3025209.09
37,Male,High School,Product Manager,Finance,12.5,Ahmedabad,Full-time,Small (51-200),On-site,2073815.57,"Excel, Communication, Leadership",0,1,2246648.52
44,Male,Bachelor's,Accountant,Consulting,6.8,Chennai,Full-time,Enterprise (5000+),Hybrid,689785.05,"Excel, C++",3,1,1182184.77
25,Male,Bachelor's,Operations Manager,Telecommunications,1.2,Kolkata,Full-time,Startup (1-50),Hybrid,1142014.92,"Cloud Computing, Machine Learning",1,1,1153550.42
39,Male,Master's,Administrative Assistant,Finance,19.8,Chennai,Full-time,Enterprise (5000+),On-site,423691.18,"C++, Data Analysis, Project Management, Machine Learning, Java",0,0,949447.9
33,Female,Bachelor's,Product Manager,Media,8.3,Bangalore,Full-time,Medium (201-1000),On-site,1847978.61,"Cloud Computing, C++, Machine Learning, Project Management",0,1,3585452.84
21,Male,Master's,Operations Manager,Finance,2.7,Jaipur,Full-time,Small (51-200),On-site,1535535.35,"C++, SQL, Data Analysis, Excel",2,1,1551045.81
28,Male,High School,QA Engineer,Government,5.2,Ahmedabad,Full-time,Small (51-200),Hybrid,558411.59,"JavaScript, Project Management, Communication, Data Analysis, Leadership",0,1,579230.94
54,Female,Bachelor's,Operations Manager,Telecommunications,35.0,Jaipur,Part-time,Enterprise (5000+),Hybrid,1109406.54,"Communication, Leadership, Python, Machine Learning",2,1,1610471.96
33,Female,Master's,Accountant,Telecommunications,6.7,Mumbai,Full-time,Small (51-200),Hybrid,736074.17,"Excel, Data Analysis",1,0,994216.62
38,Male,Bachelor's,QA Engineer,Manufacturing,10.2,Remote (India),Full-time,Large (1000-5000),On-site,789328.45,"Communication, Machine Learning, Data Analysis, Project Management",0,0,1064120.17
31,Female,Bachelor's,UX Designer,Education,6.9,Delhi NCR,Part-time,Small (51-200),Remote,585741.57,"Java, Leadership, JavaScript, SQL",1,0,591658.15
38,Male,Bachelor's,HR Manager,Information Technology,3.8,Pune,Contract,Small (51-200),Hybrid,1106048.49,"Excel, Cloud Computing, JavaScript, Java",1,1,1474995.01
34,Male,Master's,DevOps Engineer,Information Technology,9.6,Hyderabad,Freelance,Enterprise (5000+),Hybrid,2439399.89,"Machine Learning, SQL, Leadership, Java, Project Management",2,0,3714782.96
35,Female,Bachelor's,Administrative Assistant,Finance,7.9,Chennai,Full-time,Enterprise (5000+),On-site,303620.79,"Machine Learning, Java, SQL",1,0,554218.62
27,Male,Master's,Sales Executive,Healthcare,1.5,Delhi NCR,Full-time,Startup (1-50),On-site,685044.2,"Project Management, Machine Learning, Leadership, SQL",0,0,822516.15
29,Female,PhD,Sales Manager,Government,6.3,Mumbai,Contract,Small (51-200),Remote,2361691.26,"JavaScript, Python",2,1,2385546.73
34,Male,Bachelor's,DevOps Engineer,Healthcare,9.0,Kolkata,Full-time,Enterprise (5000+),Hybrid,1960470.38,"Project Management, Machine Learning, C++",2,0,2431551.84
35,Female,Bachelor's,Marketing Manager,Telecommunications,7.3,Jaipur,Contract,Medium (201-1000),Hybrid,1094769.09,"C++, Communication",2,1,1204866.78
41,Male,High School,Product Manager,Consulting,10.0,Ahmedabad,Full-time,Enterprise (5000+),Remote,2147851.85,"SQL, Leadership",3,1,2875674.45
30,Female,Diploma,Project Manager,Finance,3.0,Mumbai,Full-time,Enterprise (5000+),Remote,775698.71,"Project Management, Machine Learning, Data Analysis",0,1,2278460.51
32,Male,PhD,Marketing Manager,Government,4.4,Ahmedabad,Full-time,Small (51-200),On-site,895528.65,"Python, JavaScript, Project Management, Leadership",3,1,1556939.18
34,Female,Master's,Business Analyst,Telecommunications,12.4,Delhi NCR,Full-time,Medium (201-1000),Remote,1123322.5,"Communication, Data Analysis",2,1,1602222.18
30,Male,Bachelor's,Accountant,Education,9.3,Delhi NCR,Full-time,Large (1000-5000),Remote,602588.61,"Communication, Project Management",0,1,763400.39
27,Male,Master's,Operations Manager,Finance,4.6,Pune,Contract,Medium (201-1000),Remote,1844067.17,"C++, SQL, Leadership, Project Management",0,1,2073591.89
35,Male,Master's,Accountant,Retail,13.9,Hyderabad,Full-time,Startup (1-50),On-site,630781.35,"Python, Leadership, Communication",1,0,811434.14
21,Male,Bachelor's,Customer Support Executive,Manufacturing,4.4,Mumbai,Full-time,Startup (1-50),On-site,313540.08,"Leadership, JavaScript, Python, Data Analysis",1,0,426899.81
41,Male,Bachelor's,Research Scientist,Government,17.1,Mumbai,Full-time,Medium (201-1000),On-site,2282393.94,"Communication, Project Management, Leadership, Machine Learning",0,1,3015026.51
31,Female,Bachelor's,QA Engineer,Healthcare,4.4,Remote (India),Freelance,Small (51-200),Remote,737785.11,"Data Analysis, Communication",0,1,853484.1
32,Male,Bachelor's,Accountant,Government,7.7,Kolkata,Full-time,Startup (1-50),Hybrid,298345.12,"Python, Communication, C++, Data Analysis, Java",1,0,556286.06
27,Male,PhD,Administrative Assistant,Healthcare,3.4,Mumbai,Full-time,Startup (1-50),Hybrid,393807.76,"Python, Cloud Computing, Communication, Data Analysis, JavaScript",0,0,586475.17
36,Female,Master's,UX Designer,Consulting,5.1,Remote (India),Full-time,Medium (201-1000),Hybrid,1488598.29,"JavaScript, Data Analysis, Machine Learning, SQL",2,0,1503634.63
32,Male,Bachelor's,Graphic Designer,Manufacturing,1.0,Kolkata,Full-time,Small (51-200),Hybrid,416616.99,"JavaScript, Java",3,0,505177.84
30,Male,Bachelor's,Graphic Designer,Telecommunications,1.0,Pune,Full-time,Large (1000-5000),Hybrid,507386.78,"Excel, Data Analysis, Python, Leadership, JavaScript",2,1,869261.52
36,Female,Bachelor's,Graphic Designer,Information Technology,10.7,Jaipur,Full-time,Large (1000-5000),Hybrid,458926.3,"Python, C++, Project Management, Machine Learning, JavaScript",3,1,1209673.02
40,Female,Bachelor's,Sales Manager,Government,15.3,Kolkata,Full-time,Small (51-200),Remote,1718998.34,"Leadership, Excel, Machine Learning",2,1,2035344.02
31,Male,Bachelor's,Graphic Designer,Consulting,10.2,Kolkata,Full-time,Medium (201-1000),Remote,601209.46,"Python, Project Management",2,0,775319.31
37,Male,PhD,HR Manager,Government,10.1,Bangalore,Full-time,Medium (201-1000),Hybrid,1950376.23,"Machine Learning, JavaScript, Excel, Project Management, C++",2,1,3012650.86
44,Other,Bachelor's,Graphic Designer,Healthcare,21.8,Bangalore,Full-time,Small (51-200),Remote,899325.55,"Communication, Data Analysis, Project Management, Python, SQL",2,0,942453.88
21,Male,High School,Data Scientist,Telecommunications,2.1,Jaipur,Contract,Enterprise (5000+),Hybrid,584685.37,"Leadership, C++, Data Analysis",3,0,1201410.2
28,Female,Bachelor's,Executive Director,Information Technology,6.9,Pune,Full-time,Medium (201-1000),Hybrid,4954474.35,"Cloud Computing, Data Analysis",3,1,7369706.57
36,Male,Master's,Data Analyst,Telecommunications,9.2,Chennai,Full-time,Large (1000-5000),Remote,992845.88,"Machine Learning, C++, Java",1,1,1510116.44
43,Female,Bachelor's,Administrative Assistant,Healthcare,19.2,Delhi NCR,Full-time,Medium (201-1000),On-site,635418.28,"Python, Leadership, Excel",2,0,715275.23
36,Male,Diploma,Marketing Manager,Government,6.1,Remote (India),Full-time,Medium (201-1000),Hybrid,844536.01,"Python, JavaScript",2,1,1208874.52
35,Male,Master's,HR Manager,Education,1.7,Ahmedabad,Full-time,Startup (1-50),Remote,971727.76,"SQL, Excel, Project Management, Leadership",2,1,1046836.1
35,Female,Bachelor's,Content Writer,Consulting,8.2,Kolkata,Full-time,Large (1000-5000),Remote,671143.43,"Python, Cloud Computing, Machine Learning, JavaScript, Communication",1,0,677922.65
28,Male,PhD,Data Analyst,Information Technology,5.6,Remote (India),Freelance,Enterprise (5000+),On-site,922229.45,"Java, SQL, Python",0,0,1222181.99
34,Male,PhD,Senior Software Engineer,Finance,11.2,Kolkata,Full-time,Startup (1-50),Hybrid,2765964.91,"Leadership, Data Analysis",2,0,2941875.92
36,Male,Bachelor's,Customer Support Executive,Retail,12.8,Ahmedabad,Full-time,Small (51-200),Remote,262867.04,"Leadership, Python, Machine Learning, Java",2,0,417387.01
27,Female,Bachelor's,Software Engineer,Finance,3.1,Kolkata,Full-time,Medium (201-1000),Hybrid,814157.23,"Machine Learning, Excel, C++",1,0,1220721.94
31,Other,Bachelor's,Marketing Manager,Manufacturing,4.9,Pune,Full-time,Enterprise (5000+),Hybrid,1361524.49,"Machine Learning, Leadership, Project Management",1,1,1840817.05
27,Male,Bachelor's,Content Writer,Government,3.4,Delhi NCR,Full-time,Large (1000-5000),Hybrid,433592.49,"Python, SQL, Leadership, JavaScript",0,0,542772.7
25,Female,Bachelor's,Financial Analyst,Telecommunications,2.5,Hyderabad,Contract,Startup (1-50),On-site,683211.14,"Leadership, SQL",2,0,719669.51
30,Male,Master's,Executive Director,Telecommunications,4.1,Pune,Freelance,Small (51-200),Remote,4708368.4,"Communication, Cloud Computing, JavaScript, SQL, Data Analysis",1,1,4959550.13
35,Male,Bachelor's,DevOps Engineer,Government,3.4,Hyderabad,Full-time,Small (51-200),On-site,1556225.5,"Project Management, Leadership, Java",2,0,1571944.95
27,Male,Master's,Sales Executive,Government,5.0,Kolkata,Part-time,Startup (1-50),Hybrid,,"C++, Cloud Computing, Java, Python",3,0,327288.17
36,Male,Bachelor's,Executive Director,Education,5.8,Pune,Full-time,Enterprise (5000+),Hybrid,3050548.35,"Project Management, Python, Excel",1,1,5687653.63
29,Male,High School,Business Analyst,Telecommunications,2.5,Jaipur,Full-time,Small (51-200),Remote,500181.19,"Java, Communication, Python",0,1,602363.52
36,Male,Master's,Product Manager,Consulting,7.8,Ahmedabad,Full-time,Medium (201-1000),Hybrid,2357905.97,"Machine Learning, SQL, Communication, Python",3,1,4000289.96
24,Male,PhD,Data Analyst,Education,5.8,Kolkata,Full-time,Small (51-200),Remote,621921.9,"Machine Learning, Communication",1,0,733780.19
21,Male,Bachelor's,UX Designer,Manufacturing,0.3,Kolkata,Contract,Startup (1-50),On-site,709158.01,"Machine Learning, C++",3,1,966105.16
30,Female,Bachelor's,HR Executive,Information Technology,3.8,Remote (India),Full-time,Large (1000-5000),Remote,502985.52,"Data Analysis, JavaScript, C++, Leadership",3,0,722896.12
37,Male,Master's,HR Manager,Telecommunications,8.4,Ahmedabad,Full-time,Enterprise (5000+),Hybrid,1255308.89,"Data Analysis, C++, Leadership, Project Management, SQL",2,1,2044923.76
28,Male,Master's,Product Manager,Education,1.8,Mumbai,Full-time,Startup (1-50),On-site,2141353.92,"Project Management, Communication",2,1,2656386.96
30,Male,Bachelor's,Executive Director,Education,1.3,Pune,Full-time,Small (51-200),Remote,3561662.7,"Cloud Computing, Data Analysis, Python, C++",3,1,4217920.32
32,Male,Diploma,HR Manager,Media,6.8,Bangalore,Contract,Medium (201-1000),Remote,923363.86,"SQL, Excel, Machine Learning, Data Analysis",3,1,1365227.13
42,Male,High School,Sales Manager,Consulting,16.6,Delhi NCR,Full-time,Small (51-200),Hybrid,1849962.74,"Communication, Excel, Project Management, JavaScript",0,1,1868649.23
35,Male,High School,Customer Support Executive,Media,13.2,Delhi NCR,Contract,Small (51-200),Hybrid,279612.04,"SQL, JavaScript, Leadership, Data Analysis, C++",1,0,368623.78
31,Female,Bachelor's,Operations Manager,Government,6.6,Mumbai,Full-time,Large (1000-5000),Remote,1222266.94,"Data Analysis, JavaScript, Excel, Project Management, SQL",2,1,1994672.99
28,Female,PhD,HR Manager,Telecommunications,5.1,Hyderabad,Full-time,Large (1000-5000),Hybrid,1318344.87,"Data Analysis, Cloud Computing, JavaScript, C++",2,1,3100467.02
38,Male,High School,Accountant,Manufacturing,8.8,Hyderabad,Full-time,Startup (1-50),Remote,,"Excel, C++",2,0,515584.2
30,Male,Bachelor's,Data Analyst,Education,4.1,Jaipur,Full-time,Large (1000-5000),Hybrid,491737.83,"C++, Cloud Computing, Python, Java",3,0,629510.01
26,Male,Bachelor's,Executive Director,Consulting,1.3,Pune,Full-time,Startup (1-50),Hybrid,4041975.49,"Cloud Computing, Project Management, Data Analysis, Machine Learning",0,1,5329374.46
21,Male,Bachelor's,Marketing Manager,Education,1.1,Jaipur,Full-time,Enterprise (5000+),Remote,637615.47,"JavaScript, SQL, Data Analysis, Project Management, Java",1,1,1267251.26
33,Female,Bachelor's,HR Executive,Consulting,4.4,Bangalore,Full-time,Small (51-200),Remote,500248.78,"Project Management, Machine Learning, Java, Leadership, Excel",0,0,707630.64
24,Female,Bachelor's,Software Engineer,Finance,2.7,Chennai,Full-time,Small (51-200),On-site,1284675.97,"Data Analysis, Leadership",2,1,1386674.0
28,Female,Bachelor's,UX Designer,Education,4.8,Remote (India),Full-time,Medium (201-1000),Remote,711885.79,"Communication, C++, Cloud Computing, Excel, Leadership",2,0,1049790.55
21,Female,Master's,Marketing Manager,Finance,4.5,Pune,Contract,Small (51-200),On-site,1651277.44,"Cloud Computing, Communication, SQL",2,1,1686124.22
32,Male,Diploma,Administrative Assistant,Media,7.4,Chennai,Full-time,Startup (1-50),Hybrid,232707.82,"C++, Excel, SQL, Machine Learning, Python",0,0,309273.19
21,Male,Bachelor's,Customer Support Executive,Government,2.9,Jaipur,Full-time,Large (1000-5000),On-site,217913.47,"Data Analysis, JavaScript",0,0,326575.35
23,Male,PhD,QA Engineer,Retail,3.9,Bangalore,Full-time,Medium (201-1000),Remote,868355.45,"Python, C++",3,0,1188222.75
27,Male,Master's,Project Manager,Telecommunications,1.9,Pune,Full-time,Medium (201-1000),On-site,1634309.23,"Data Analysis, Java, Python, Cloud Computing, Machine Learning",2,1,1999289.27
24,Male,Master's,Operations Manager,Media,5.4,Pune,Full-time,Enterprise (5000+),On-site,1465181.1,"SQL, Communication, C++",2,1,2397447.44
24,Male,Bachelor's,Graphic Designer,Telecommunications,2.5,Ahmedabad,Full-time,Small (51-200),On-site,279414.7,"Machine Learning, Excel, C++",3,0,450222.86
43,Male,Master's,Marketing Manager,Finance,15.0,Jaipur,Full-time,Large (1000-5000),Hybrid,1919911.16,"Data Analysis, Cloud Computing, Project Management",2,1,2516117.12
32,Male,Bachelor's,Customer Support Executive,Healthcare,7.5,Remote (India),Full-time,Enterprise (5000+),Hybrid,353149.81,"SQL, Data Analysis, Machine Learning, C++",2,0,665969.54
35,Male,Bachelor's,Software Engineer,Consulting,6.5,Delhi NCR,Full-time,Enterprise (5000+),On-site,1009239.18,"C++, Project Management, Cloud Computing, Python",1,0,1676079.14
36,Male,Bachelor's,Financial Analyst,Manufacturing,9.7,Bangalore,Full-time,Startup (1-50),On-site,948237.0,"C++, Communication, Leadership",1,0,957815.15
35,Male,Bachelor's,Operations Manager,Telecommunications,4.7,Ahmedabad,Full-time,Small (51-200),Remote,1270283.6,"Excel, Communication, C++, Python",3,1,1511784.21
30,Female,Bachelor's,Financial Analyst,Information Technology,1.6,Mumbai,Full-time,Startup (1-50),On-site,783097.38,"Leadership, Machine Learning, JavaScript, Cloud Computing, Project Management",3,0,1153364.86
32,Female,Master's,Project Manager,Education,3.9,Mumbai,Full-time,Startup (1-50),Remote,1026358.52,"C++, Project Management, Data Analysis, Leadership, Machine Learning",1,1,1819733.22
32,Female,PhD,Product Manager,Government,7.4,Chennai,Full-time,Startup (1-50),On-site,3215273.37,"Communication, Cloud Computing, Java, Leadership",1,1,3247750.88
25,Female,Master's,Business Analyst,Consulting,2.0,Kolkata,Full-time,Large (1000-5000),Hybrid,864454.93,"Cloud Computing, C++",0,0,1020496.93
28,Male,Master's,Sales Manager,Retail,5.0,Ahmedabad,Full-time,Small (51-200),Hybrid,857229.36,"Excel, C++",1,1,1381210.8
32,Female,PhD,Data Scientist,Retail,6.2,Pune,Full-time,Medium (201-1000),On-site,1966170.77,"Machine Learning, Data Analysis",0,1,2275831.9
27,Male,High School,Research Scientist,Retail,8.2,Remote (India),Full-time,Startup (1-50),Hybrid,1008811.84,"Excel, SQL",2,0,1019001.86
30,Female,Bachelor's,Senior Software Engineer,Information Technology,0.8,Ahmedabad,Full-time,Medium (201-1000),On-site,982529.18,"Cloud Computing, Excel",3,0,1961326.84
32,Male,Bachelor's,QA Engineer,Finance,12.2,Ahmedabad,Full-time,Small (51-200),On-site,599017.49,"Java, Python, Project Management, Excel, Machine Learning",3,0,1124183.9
33,Male,Bachelor's,Accountant,Education,5.8,Remote (India),Full-time,Startup (1-50),Remote,552103.44,"Java, Cloud Computing, Machine Learning, Data Analysis, Communication",3,0,586414.99
37,Female,Bachelor's,Data Scientist,Healthcare,8.7,Pune,Full-time,Small (51-200),Remote,1249827.37,"Machine Learning, Excel",2,1,2119866.76
27,Female,Bachelor's,Senior Software Engineer,Retail,2.6,Delhi NCR,Contract,Small (51-200),Remote,1497048.37,"Communication, Project Management, Java, JavaScript",2,0,1690983.41
30,Male,PhD,Data Scientist,Government,4.8,Kolkata,Full-time,Large (1000-5000),Remote,1447225.81,"Python, Communication",2,0,2064101.09
29,Male,High School,Sales Manager,Government,4.8,Kolkata,Contract,Medium (201-1000),Hybrid,870182.53,"C++, Communication, Project Management",3,1,1305394.33
21,Male,Master's,UX Designer,Retail,1.9,Pune,Full-time,Small (51-200),On-site,675646.52,"Excel, Python",2,0,853759.14
42,Female,Bachelor's,Product Manager,Education,14.2,Jaipur,Full-time,Enterprise (5000+),On-site,1645040.54,"JavaScript, C++, Machine Learning, SQL",3,1,2782573.7
25,Male,Diploma,HR Manager,Telecommunications,4.3,Pune,Full-time,Startup (1-50),Remote,814253.91,"Communication, Java, Cloud Computing, Leadership, Excel",0,1,992211.87
34,Male,Bachelor's,HR Executive,Consulting,8.3,Ahmedabad,Full-time,Large (1000-5000),On-site,351876.52,"Python, Data Analysis, Excel, JavaScript, Machine Learning",0,0,652564.15
38,Female,Diploma,QA Engineer,Consulting,11.1,Remote (India),Full-time,Enterprise (5000+),On-site,431341.67,"Machine Learning, SQL, Excel, Leadership",1,0,1086912.66
34,Male,PhD,HR Manager,Government,11.7,Pune,Full-time,Small (51-200),Hybrid,1820873.92,"Leadership, Excel, Communication",2,1,2207497.47
30,Male,Diploma,DevOps Engineer,Healthcare,8.3,Kolkata,Full-time,Large (1000-5000),Remote,1250298.19,"Machine Learning, Excel, JavaScript, Project Management",3,0,1879078.47
44,Other,Diploma,Software Engineer,Telecommunications,9.2,Delhi NCR,Full-time,Medium (201-1000),Hybrid,881449.05,"JavaScript, Communication, Excel, Data Analysis, Project Management",1,0,1321570.28
30,Male,Bachelor's,Administrative Assistant,Education,4.0,Chennai,Full-time,Small (51-200),On-site,251257.4,"Data Analysis, JavaScript, SQL, Java",3,0,300613.17
33,Male,PhD,Sales Executive,Consulting,8.3,Bangalore,Full-time,Medium (201-1000),Hybrid,1329138.8,"Excel, Communication, Leadership, SQL",3,1,1682988.08
27,Female,Bachelor's,Administrative Assistant,Manufacturing,2.1,Remote (India),Full-time,Startup (1-50),Remote,249841.18,"Cloud Computing, Project Management, JavaScript, Excel",1,0,353310.12
25,Female,Bachelor's,Data Scientist,Consulting,1.5,Delhi NCR,Freelance,Startup (1-50),Remote,1127337.38,"C++, Machine Learning",3,1,1621371.97
27,Male,Master's,Customer Support Executive,Media,3.2,Pune,Full-time,Small (51-200),Hybrid,322180.95,"Project Management, Communication, Java",0,0,453173.53
37,Other,High School,Executive Director,Information Technology,8.0,Ahmedabad,Full-time,Medium (201-1000),On-site,2917286.34,"Machine Learning, C++, Java, Excel",3,1,4732006.0
27,Male,Bachelor's,Research Scientist,Finance,4.0,Hyderabad,Full-time,Large (1000-5000),Hybrid,1621150.43,"Data Analysis, SQL, Communication, Python",1,0,2477706.88
43,Male,Master's,Financial Analyst,Government,11.1,Delhi NCR,Full-time,Enterprise (5000+),Hybrid,1162856.9,"JavaScript, C++, Java, Leadership",2,0,1775189.99
34,Male,Bachelor's,Executive Director,Information Technology,14.7,Kolkata,Full-time,Large (1000-5000),Hybrid,5454086.84,"Python, Java, Cloud Computing, C++",1,1,8875764.32
38,Female,Master's,Software Engineer,Information Technology,11.2,Jaipur,Full-time,Large (1000-5000),Remote,1640313.5,"Data Analysis, JavaScript, Excel, Leadership",1,1,2178744.82
32,Male,Bachelor's,Data Analyst,Finance,10.1,Hyderabad,Full-time,Startup (1-50),Remote,1060633.89,"JavaScript, Machine Learning, Python, SQL",0,0,1080508.64
27,Female,Bachelor's,Software Engineer,Telecommunications,10.5,Delhi NCR,Full-time,Medium (201-1000),Remote,997098.27,"Cloud Computing, Python, JavaScript, Project Management, Java",3,0,1678544.58
23,Male,Master's,Data Scientist,Finance,6.5,Jaipur,Full-time,Enterprise (5000+),On-site,1570101.93,"Python, Communication",3,0,2299287.73
28,Female,Bachelor's,Financial Analyst,Information Technology,7.9,Jaipur,Full-time,Enterprise (5000+),Remote,938709.32,"Python, Excel, Leadership",2,0,1404745.84
37,Male,Bachelor's,Research Scientist,Government,6.2,Hyderabad,Full-time,Small (51-200),Remote,1204225.98,"Project Management, Leadership, Python, C++, Cloud Computing",1,0,1752422.59
28,Female,Bachelor's,Project Manager,Media,2.9,Ahmedabad,Full-time,Startup (1-50),Remote,1113721.35,"C++, Cloud Computing",3,1,1124971.06
27,Female,Master's,Content Writer,Information Technology,2.2,Jaipur,Full-time,Medium (201-1000),Hybrid,450342.73,"Data Analysis, Project Management, C++, Python",2,0,689478.65
29,Male,Diploma,Business Analyst,Finance,5.5,Chennai,Full-time,Large (1000-5000),Hybrid,557633.92,"SQL, Machine Learning, Java",1,0,1102469.09
35,Female,Bachelor's,Senior Software Engineer,Healthcare,8.1,Ahmedabad,Contract,Small (51-200),Hybrid,1688113.66,"Leadership, JavaScript, SQL, Cloud Computing, Excel",0,0,1898561.41
33,Male,Bachelor's,Data Scientist,Finance,5.1,Ahmedabad,Full-time,Medium (201-1000),Remote,1395291.95,"SQL, Leadership, Communication",0,0,1745865.82
25,Male,Bachelor's,QA Engineer,Consulting,1.6,Pune,Contract,Enterprise (5000+),Hybrid,430736.83,"C++, Communication, JavaScript",3,0,1046341.72
36,Male,Master's,Research Scientist,Information Technology,6.4,Bangalore,Full-time,Large (1000-5000),Remote,1853758.93,"Data Analysis, Project Management, Excel",3,0,3389870.67
30,Male,Master's,QA Engineer,Retail,7.1,Hyderabad,Full-time,Startup (1-50),Remote,851287.7,"Cloud Computing, Excel",2,0,859886.56
34,Female,Master's,Graphic Designer,Manufacturing,8.9,Chennai,Contract,Startup (1-50),On-site,450925.92,"Cloud Computing, Project Management",2,0,614431.92
39,Female,Bachelor's,Sales Executive,Healthcare,10.2,Delhi NCR,Freelance,Large (1000-5000),Hybrid,494758.17,"SQL, Project Management, Data Analysis",2,0,874627.42
28,Male,Bachelor's,HR Manager,Retail,2.1,Kolkata,Full-time,Medium (201-1000),Hybrid,695826.65,"Java, C++, Excel",3,1,1031090.24
42,Male,Master's,QA Engineer,Manufacturing,13.5,Bangalore,Contract,Startup (1-50),On-site,1029411.92,"Excel, Data Analysis, SQL, Python, Project Management",0,0,1039810.02
27,Other,Diploma,Product Manager,Retail,4.6,Ahmedabad,Part-time,Startup (1-50),Hybrid,638907.6,"Leadership, Python",1,1,911312.67
25,Male,PhD,Software Engineer,Retail,3.3,Delhi NCR,Full-time,Large (1000-5000),On-site,1057150.79,"Python, SQL, Java, Data Analysis, Project Management",3,0,1597080.34
32,Male,Master's,Sales Manager,Retail,4.0,Delhi NCR,Full-time,Large (1000-5000),Remote,1333944.57,"Project Management, Leadership, SQL, Cloud Computing",2,1,2392620.63
33,Female,Bachelor's,Data Scientist,Healthcare,5.0,Delhi NCR,Full-time,Enterprise (5000+),Hybrid,1527387.36,"Java, JavaScript, Python, Machine Learning",0,0,2591194.53
38,Female,Master's,Sales Manager,Manufacturing,9.5,Bangalore,Full-time,Enterprise (5000+),Hybrid,2027873.01,"Excel, SQL, Machine Learning, Java",1,1,3499241.39
33,Male,Bachelor's,Administrative Assistant,Information Technology,3.2,Remote (India),Full-time,Enterprise (5000+),On-site,317055.28,"Project Management, Cloud Computing, Java, C++",1,0,576210.9
37,Male,Bachelor's,Financial Analyst,Information Technology,15.7,Chennai,Full-time,Large (1000-5000),Hybrid,1123497.92,"C++, Cloud Computing, Excel, SQL, Communication",2,0,1765268.62
32,Male,Bachelor's,Data Scientist,Healthcare,2.1,Bangalore,Full-time,Medium (201-1000),Remote,1693397.89,"Python, SQL, JavaScript, C++",0,0,1934249.59
23,Female,Master's,UX Designer,Healthcare,3.2,Kolkata,Full-time,Startup (1-50),Hybrid,866391.93,"C++, Python, Leadership, JavaScript, Machine Learning",2,0,1347305.25
28,Male,Diploma,Sales Manager,Telecommunications,1.0,Hyderabad,Full-time,Enterprise (5000+),On-site,739488.51,"Communication, Data Analysis, SQL, Project Management, Excel",1,1,2060455.9
37,Female,Master's,Research Scientist,Information Technology,3.5,Chennai,Full-time,Small (51-200),On-site,1446141.24,"Communication, Cloud Computing, Python",3,0,2502221.13
23,Female,Bachelor's,Software Engineer,Retail,3.6,Kolkata,Full-time,Enterprise (5000+),On-site,738904.55,"Python, JavaScript, Project Management, Communication, SQL",2,0,1131408.63
36,Female,Master's,Marketing Manager,Media,7.6,Jaipur,Part-time,Medium (201-1000),Hybrid,528578.91,"Python, Excel, Communication, Java",2,1,974429.08
25,Male,Bachelor's,Sales Executive,Consulting,2.0,Delhi NCR,Full-time,Small (51-200),On-site,634758.92,"C++, Machine Learning, SQL",3,0,664345.53
24,Male,Bachelor's,Project Manager,Information Technology,1.5,Jaipur,Full-time,Large (1000-5000),On-site,1454979.95,"Leadership, Data Analysis, Project Management",3,1,1769863.47
35,Male,Bachelor's,Research Scientist,Retail,6.7,Remote (India),Part-time,Startup (1-50),Hybrid,622239.47,"Leadership, JavaScript",1,0,762882.84
36,Male,Master's,QA Engineer,Information Technology,9.0,Chennai,Full-time,Large (1000-5000),Remote,809339.45,"JavaScript, SQL, C++, Java",2,0,1660303.24
27,Female,Diploma,HR Executive,Finance,5.4,Mumbai,Full-time,Large (1000-5000),Hybrid,629750.38,"JavaScript, Leadership, Cloud Computing, C++",3,1,1144329.31
32,Female,High School,Project Manager,Retail,5.0,Bangalore,Full-time,Small (51-200),On-site,815396.91,"Cloud Computing, Project Management",1,1,1062714.21
30,Male,Bachelor's,UX Designer,Media,3.6,Mumbai,Full-time,Large (1000-5000),Hybrid,984637.0,"C++, JavaScript",1,0,1297466.57
36,Male,High School,Software Engineer,Healthcare,12.7,Jaipur,Contract,Small (51-200),Hybrid,751028.97,"Python, Machine Learning, Java, Project Management, Communication",3,0,915733.96
22,Female,Bachelor's,Customer Support Executive,Telecommunications,5.9,Bangalore,Full-time,Large (1000-5000),Hybrid,427370.6,"SQL, Communication, Project Management, C++, Java",2,0,653723.37
30,Female,Diploma,Product Manager,Media,11.2,Kolkata,Full-time,Startup (1-50),Hybrid,1891172.0,"Java, Leadership",0,1,1910274.75
32,Female,Master's,UX Designer,Finance,11.4,Jaipur,Full-time,Small (51-200),Hybrid,1132083.83,"C++, Leadership",2,0,1581934.94
33,Male,Diploma,Project Manager,Government,11.7,Jaipur,Full-time,Startup (1-50),Hybrid,793542.98,"C++, Python, Cloud Computing, Project Management, Java",2,1,1139563.39
60,Male,Master's,Marketing Manager,Consulting,30.8,Bangalore,Full-time,Enterprise (5000+),Remote,3064789.46,"Project Management, Excel",1,1,4728932.03
40,Male,Bachelor's,Content Writer,Manufacturing,5.6,Mumbai,Full-time,Enterprise (5000+),On-site,361638.78,"SQL, Leadership, Data Analysis",0,0,686121.46
26,Male,Bachelor's,HR Manager,Healthcare,1.4,Delhi NCR,Full-time,Startup (1-50),Hybrid,1172354.55,"Python, Project Management, JavaScript, Communication",0,1,1404208.83
27,Female,Bachelor's,DevOps Engineer,Consulting,7.3,Remote (India),Full-time,Small (51-200),Hybrid,1332040.28,"Python, Cloud Computing, Project Management",2,0,2091189.95
27,Female,Bachelor's,Product Manager,Education,,Bangalore,Full-time,Medium (201-1000),Hybrid,1931250.05,"SQL, Leadership, Java, Python, Excel",1,1,2962058.87
31,Male,Master's,Administrative Assistant,Education,3.9,Mumbai,Full-time,Small (51-200),Hybrid,348103.04,"Project Management, Communication",2,0,441712.8
38,Male,Master's,Operations Manager,Telecommunications,9.5,Mumbai,Full-time,Medium (201-1000),Hybrid,1206235.41,"Machine Learning, Leadership, Project Management, Data Analysis",1,1,2838300.56
33,Male,Bachelor's,Administrative Assistant,Information Technology,9.3,Pune,Full-time,Large (1000-5000),On-site,320031.27,"C++, Communication",2,0,631115.89
30,Male,Bachelor's,Financial Analyst,Education,2.5,Kolkata,Part-time,Medium (201-1000),On-site,351789.99,"JavaScript, Java, Machine Learning",2,0,423631.02
24,Male,Bachelor's,Project Manager,Telecommunications,3.8,Pune,Full-time,Startup (1-50),Remote,996798.86,"C++, Cloud Computing, Communication, Excel",0,1,1401101.74
27,Male,Master's,Customer Support Executive,Retail,4.9,Delhi NCR,Full-time,Startup (1-50),On-site,389655.83,"Machine Learning, Data Analysis",0,0,470938.34
29,Female,PhD,Business Analyst,Education,5.8,Mumbai,Full-time,Enterprise (5000+),Remote,1138817.76,"Data Analysis, Communication, JavaScript, Excel",2,0,1472550.58
21,Female,Diploma,Marketing Manager,Information Technology,1.5,Mumbai,Part-time,Medium (201-1000),Hybrid,622463.58,"Data Analysis, JavaScript, SQL, Excel, Python",3,1,842351.99
45,Male,Bachelor's,Product Manager,Manufacturing,16.2,Remote (India),Full-time,Startup (1-50),Remote,1749084.23,"Java, Project Management, Python",2,1,2702689.12
26,Male,Diploma,Executive Director,Information Technology,3.6,Hyderabad,Full-time,Enterprise (5000+),Remote,4082965.47,"SQL, Machine Learning, Java, Project Management",1,1,6146208.01
32,Male,High School,Research Scientist,Education,7.5,Bangalore,Full-time,Small (51-200),Remote,610579.06,"Leadership, Python",0,0,1220393.39
24,Male,Master's,HR Manager,Telecommunications,2.4,Hyderabad,Full-time,Large (1000-5000),On-site,1057404.25,"Python, Machine Learning, Data Analysis, C++, SQL",2,1,2560554.93
31,Male,Master's,HR Manager,Healthcare,8.2,Remote (India),Full-time,Enterprise (5000+),On-site,1465097.81,"Data Analysis, Cloud Computing, SQL, Communication",3,1,2449801.67
32,Male,Diploma,Executive Director,Retail,8.7,Chennai,Full-time,Startup (1-50),Remote,3525345.72,"Cloud Computing, Python",0,1,3740861.15
29,Female,Diploma,Research Scientist,Information Technology,5.4,Bangalore,Full-time,Large (1000-5000),Hybrid,2039005.56,"Python, Communication, Machine Learning, JavaScript",0,0,2378917.34
33,Male,Bachelor's,Content Writer,Government,6.3,Jaipur,Freelance,Large (1000-5000),Hybrid,345778.75,"Machine Learning, Java, Excel",0,1,490795.64
33,Female,Bachelor's,Senior Software Engineer,Information Technology,7.7,Bangalore,Full-time,Startup (1-50),Remote,2314753.17,"Machine Learning, JavaScript, Data Analysis",0,0,2438373.45
31,Male,High School,Project Manager,Telecommunications,4.9,Mumbai,Full-time,Startup (1-50),Hybrid,1061478.45,"Python, JavaScript",0,1,1269509.63
28,Male,High School,Project Manager,Education,3.3,Remote (India),Full-time,Large (1000-5000),Hybrid,568207.25,"Machine Learning, Java, SQL, Leadership, C++",3,1,1278195.78
37,Female,Bachelor's,Customer Support Executive,Media,8.8,Delhi NCR,Full-time,Large (1000-5000),Remote,346685.52,"Excel, Leadership, Cloud Computing, Machine Learning, C++",1,0,520935.16
37,Male,Diploma,Senior Software Engineer,Media,6.7,Pune,Contract,Small (51-200),On-site,1188315.23,"Leadership, Excel, Machine Learning, Python, Java",3,0,1498134.34
33,Male,Bachelor's,Data Analyst,Finance,7.7,Pune,Full-time,Small (51-200),Remote,908948.29,"C++, Project Management, Java",3,0,1055157.92
42,Male,Diploma,Sales Executive,Government,14.0,Mumbai,Freelance,Enterprise (5000+),Hybrid,501566.15,"Python, Data Analysis, SQL, Excel",0,0,767790.02
23,Male,Bachelor's,Project Manager,Education,2.8,Remote (India),Full-time,Startup (1-50),Hybrid,646143.96,"Excel, SQL, Python, Java, Data Analysis",2,1,1175122.24
35,Male,PhD,Financial Analyst,Information Technology,7.7,Chennai,Contract,Medium (201-1000),Remote,1008437.44,"Leadership, Java, C++, JavaScript, Communication",2,0,1691913.3
27,Male,PhD,Financial Analyst,Telecommunications,5.8,Remote (India),Full-time,Enterprise (5000+),On-site,1148541.01,"Leadership, Communication, Java",2,0,1593225.19
34,Female,Bachelor's,Content Writer,Consulting,2.9,Mumbai,Full-time,Large (1000-5000),On-site,651675.56,"Project Management, SQL, Excel, Data Analysis",1,0,831136.13
26,Male,Master's,HR Manager,Manufacturing,7.9,Chennai,Full-time,Large (1000-5000),Hybrid,1263937.59,"Project Management, Python, C++, Data Analysis, Java",3,1,2266192.35
37,Male,Bachelor's,Senior Software Engineer,Retail,13.9,Chennai,Full-time,Large (1000-5000),Hybrid,1759313.61,"SQL, Java, Communication, Excel, Data Analysis",2,0,3006964.52
34,Male,Bachelor's,Data Analyst,Finance,3.3,Mumbai,Full-time,Large (1000-5000),On-site,816122.64,"Project Management, JavaScript, Python, Data Analysis",1,0,1140608.87
37,Male,Master's,Research Scientist,Healthcare,7.3,Delhi NCR,Full-time,Enterprise (5000+),Hybrid,,"Java, JavaScript, Project Management, Excel",0,0,3012183.56
36,Male,Master's,Graphic Designer,Education,9.1,Bangalore,Full-time,Large (1000-5000),Hybrid,709223.47,"JavaScript, Project Management, Data Analysis",3,0,918103.62
30,Female,PhD,HR Executive,Information Technology,10.4,Ahmedabad,Part-time,Small (51-200),Remote,318342.88,"Python, Leadership, SQL, Java",3,0,492924.23
21,Male,Master's,UX Designer,Telecommunications,2.8,Mumbai,Full-time,Large (1000-5000),On-site,1236319.31,"Leadership, Machine Learning, Python",3,0,2079552.75
26,Female,Bachelor's,Financial Analyst,Education,3.9,Chennai,Full-time,Enterprise (5000+),Hybrid,426263.76,"Excel, Communication",3,0,1027667.96
23,Female,Bachelor's,UX Designer,Manufacturing,0.5,Hyderabad,Part-time,Medium (201-1000),Remote,563328.7,"Machine Learning, Cloud Computing, C++",0,0,569018.89
39,Female,Master's,Marketing Manager,Manufacturing,9.8,Kolkata,Full-time,Enterprise (5000+),On-site,1645672.75,"Communication, Python, Cloud Computing",0,1,2300171.24
29,Female,High School,Research Scientist,Education,2.4,Bangalore,Contract,Small (51-200),Remote,841985.34,"Python, Project Management, Communication, Machine Learning",0,0,956104.6
33,Male,Diploma,Project Manager,Manufacturing,6.9,Delhi NCR,Full-time,Large (1000-5000),Remote,943726.17,"Project Management, SQL, C++, JavaScript",0,1,1793387.55
24,Male,Diploma,Data Scientist,Finance,2.9,Chennai,Full-time,Large (1000-5000),Hybrid,1172791.77,"SQL, JavaScript, Machine Learning, Cloud Computing, C++",3,0,2117654.82
26,Male,High School,DevOps Engineer,Government,4.2,Hyderabad,Full-time,Small (51-200),Remote,1290491.63,"Communication, Leadership, Java, C++",2,0,1343493.71
39,Female,Master's,HR Manager,Consulting,14.4,Remote (India),Full-time,Large (1000-5000),On-site,2009478.72,"SQL, Communication, Machine Learning, Java, Project Management",1,1,2394518.48
25,Male,High School,Research Scientist,Government,2.7,Mumbai,Full-time,Large (1000-5000),On-site,989894.74,"Python, Communication, Excel, Leadership, JavaScript",0,1,1475556.24
28,Male,Diploma,Product Manager,Consulting,2.8,Bangalore,Full-time,Startup (1-50),Hybrid,1579191.07,"SQL, Machine Learning, C++",2,1,2590469.57
21,Male,Bachelor's,QA Engineer,Education,0.5,Delhi NCR,Part-time,Startup (1-50),On-site,295025.12,"SQL, Communication",3,0,298005.17
30,Female,Bachelor's,HR Executive,Education,1.8,Chennai,Full-time,Enterprise (5000+),On-site,277662.76,"JavaScript, Communication",2,1,607322.66
36,Male,Diploma,Sales Executive,Telecommunications,9.7,Kolkata,Full-time,Medium (201-1000),Hybrid,478519.49,"JavaScript, Cloud Computing, Python, Machine Learning",3,0,688630.82
29,Female,PhD,Administrative Assistant,Government,1.4,Pune,Full-time,Startup (1-50),Remote,401776.83,"C++, Java",1,0,405835.18
25,Male,Diploma,HR Manager,Telecommunications,0.5,Delhi NCR,Full-time,Enterprise (5000+),Remote,1254852.88,"Leadership, Excel",3,1,1688224.34
34,Female,Master's,Executive Director,Finance,3.9,Ahmedabad,Freelance,Large (1000-5000),Remote,4019567.15,"Data Analysis, Python, Cloud Computing, C++",1,1,6908915.13
27,Female,High School,Graphic Designer,Media,6.3,Hyderabad,Full-time,Enterprise (5000+),On-site,407233.14,"Data Analysis, Java",1,1,659086.25
43,Female,Bachelor's,DevOps Engineer,Media,13.5,Remote (India),Full-time,Enterprise (5000+),On-site,1023526.9,"SQL, Communication, C++",0,0,2198546.31
24,Female,Diploma,DevOps Engineer,Finance,3.0,Bangalore,Full-time,Large (1000-5000),Hybrid,1815755.25,"Excel, Cloud Computing, SQL, Project Management, Data Analysis",3,0,2164446.48
37,Male,Bachelor's,UX Designer,Media,5.8,Bangalore,Full-time,Startup (1-50),On-site,1327466.08,"Machine Learning, Cloud Computing",0,1,1340874.83
33,Male,Diploma,Marketing Manager,Media,4.2,Kolkata,Full-time,Medium (201-1000),Hybrid,728315.71,"Python, Data Analysis",2,1,1302584.84
39,Female,Master's,Business Analyst,Education,5.2,Mumbai,Part-time,Small (51-200),On-site,572639.83,"SQL, Data Analysis",2,0,578424.07
30,Male,Master's,QA Engineer,Government,2.9,Mumbai,Contract,Enterprise (5000+),Remote,514045.75,"Excel, Java, Data Analysis, SQL, Cloud Computing",3,0,1294145.18
31,Female,Master's,Senior Software Engineer,Manufacturing,12.5,Chennai,Full-time,Medium (201-1000),Remote,3141509.01,"Cloud Computing, Python",3,1,3507542.44
29,Male,Master's,Graphic Designer,Finance,6.9,Ahmedabad,Contract,Large (1000-5000),Remote,508450.5,"Data Analysis, Leadership, Machine Learning, Python",0,0,858543.67
34,Male,Master's,Business Analyst,Finance,4.2,Remote (India),Freelance,Medium (201-1000),Hybrid,673883.76,"Cloud Computing, Communication, Excel, Java, SQL",0,0,1148277.0
32,Female,Diploma,Administrative Assistant,Retail,1.9,Delhi NCR,Full-time,Enterprise (5000+),Hybrid,207648.42,"Project Management, Python, Machine Learning, Leadership, Cloud Computing",2,0,410615.89
28,Male,Bachelor's,Content Writer,Healthcare,5.7,Pune,Full-time,Medium (201-1000),On-site,339345.57,"Machine Learning, Python, Java",2,0,699584.9
29,Female,Bachelor's,Software Engineer,Education,2.6,Jaipur,Full-time,Enterprise (5000+),Hybrid,630338.28,"SQL, C++",0,0,891493.35
28,Female,Master's,Data Scientist,Telecommunications,3.4,Jaipur,Full-time,Small (51-200),Remote,1161809.99,"Data Analysis, JavaScript, Leadership, Project Management, Excel",3,0,1658305.42
35,Female,Master's,Operations Manager,Telecommunications,8.6,Remote (India),Part-time,Enterprise (5000+),Hybrid,690926.58,"Cloud Computing, Machine Learning",1,1,1325230.19
28,Male,Diploma,Marketing Manager,Education,5.6,Chennai,Full-time,Small (51-200),Remote,766023.88,"Machine Learning, Cloud Computing, Communication, JavaScript, C++",3,1,1206436.63
26,Female,Bachelor's,UX Designer,Government,7.0,Remote (India),Full-time,Medium (201-1000),On-site,883883.25,"Cloud Computing, Data Analysis",2,0,1100557.59
27,Male,High School,HR Manager,Telecommunications,5.1,Kolkata,Full-time,Large (1000-5000),Remote,897833.33,"Data Analysis, Python, Leadership, Excel",3,1,1249887.13
28,Female,Bachelor's,HR Manager,Telecommunications,5.6,Ahmedabad,Full-time,Medium (201-1000),Hybrid,1107835.2,"Communication, Python",2,1,1146469.39
28,Female,Master's,Accountant,Consulting,2.8,Kolkata,Full-time,Small (51-200),Hybrid,432634.8,"JavaScript, Java",1,0,745724.82
34,Male,Master's,HR Executive,Telecommunications,5.6,Hyderabad,Full-time,Large (1000-5000),Remote,594027.16,"Leadership, Communication, Excel, Cloud Computing",0,0,951004.68
43,Male,Diploma,Graphic Designer,Telecommunications,14.5,Kolkata,Full-time,Startup (1-50),Hybrid,430580.41,"Excel, Communication, SQL, JavaScript",0,0,502782.66
33,Female,Bachelor's,Financial Analyst,Manufacturing,7.7,Mumbai,Full-time,Enterprise (5000+),Remote,876979.18,"JavaScript, Project Management",2,0,1470032.01
26,Female,Bachelor's,Sales Executive,Telecommunications,3.2,Pune,Full-time,Enterprise (5000+),On-site,449958.17,"Excel, Project Management, Python, Java, Communication",3,0,750944.92
34,Male,Bachelor's,Project Manager,Finance,8.8,Chennai,Part-time,Medium (201-1000),On-site,851841.65,"Java, Excel",0,1,1112802.37
33,Male,Master's,Accountant,Media,7.1,Bangalore,Full-time,Medium (201-1000),On-site,621506.48,"Excel, Communication",3,0,920065.93
39,Female,Master's,QA Engineer,Media,8.0,Chennai,Full-time,Startup (1-50),On-site,916894.36,"Java, SQL, Communication, Cloud Computing",0,0,926155.92
30,Female,PhD,Content Writer,Manufacturing,4.8,Ahmedabad,Full-time,Startup (1-50),Remote,397749.88,"C++, Leadership, Java, Excel",2,0,616116.04
30,Male,Master's,Graphic Designer,Retail,4.2,Delhi NCR,Full-time,Small (51-200),Hybrid,636511.99,"C++, Java, Communication, Leadership",2,0,718077.21
26,Female,PhD,Data Scientist,Retail,4.3,Ahmedabad,Full-time,Large (1000-5000),Hybrid,1012902.71,"Cloud Computing, Data Analysis, Machine Learning",1,0,2034354.91
37,Female,Diploma,Data Analyst,Finance,8.8,Jaipur,Full-time,Medium (201-1000),On-site,499316.86,"Communication, Cloud Computing, Leadership, C++, Excel",2,0,863295.72
27,Other,Bachelor's,Software Engineer,Healthcare,10.0,Delhi NCR,Full-time,Startup (1-50),Remote,767810.87,"Data Analysis, Machine Learning",2,0,1408308.53
33,Female,Master's,Operations Manager,Information Technology,5.8,Chennai,Full-time,Large (1000-5000),Remote,1178599.66,"Project Management, Excel, Machine Learning, Communication",2,1,2667973.31
35,Male,Master's,Research Scientist,Education,4.5,Pune,Full-time,Enterprise (5000+),Hybrid,1290950.07,"Python, Machine Learning, Project Management, Java, C++",0,1,2651426.23
43,Female,Bachelor's,Executive Director,Media,5.2,Jaipur,Full-time,Large (1000-5000),On-site,3567543.26,"Java, Cloud Computing, Machine Learning, Data Analysis, SQL",3,1,4895471.92
27,Male,High School,Financial Analyst,Manufacturing,4.3,Remote (India),Full-time,Small (51-200),Remote,564897.76,"Project Management, Machine Learning, JavaScript, Leadership, Java",0,0,651826.86
21,Female,Master's,DevOps Engineer,Healthcare,6.4,Jaipur,Full-time,Large (1000-5000),Remote,1345395.57,"Python, Machine Learning",0,0,2406310.08
31,Male,High School,Financial Analyst,Finance,4.4,Kolkata,Full-time,Large (1000-5000),On-site,560426.87,"Python, Machine Learning",3,0,823149.16
33,Female,Master's,Administrative Assistant,Retail,13.4,Mumbai,Full-time,Enterprise (5000+),Hybrid,508069.43,"Excel, C++",3,0,736595.16
28,Male,Master's,DevOps Engineer,Healthcare,4.1,Kolkata,Full-time,Startup (1-50),Hybrid,1631569.6,"SQL, Machine Learning, C++, Cloud Computing, Leadership",0,1,2323771.07
29,Male,Master's,Data Scientist,Finance,4.8,Hyderabad,Part-time,Medium (201-1000),On-site,1437531.38,"C++, Java, Communication, Data Analysis",2,1,1452051.89
28,Female,Bachelor's,HR Manager,Telecommunications,3.9,Mumbai,Full-time,Medium (201-1000),On-site,1015271.28,"Project Management, Communication, Data Analysis",2,1,1814306.88
27,Male,Bachelor's,Marketing Manager,Government,3.0,Mumbai,Full-time,Startup (1-50),On-site,1309495.69,"Python, SQL",3,1,1322722.92
34,Male,Bachelor's,Accountant,Retail,9.0,Jaipur,Full-time,Medium (201-1000),Hybrid,488048.83,"Java, Excel, Data Analysis, Python",3,0,690936.2
34,Male,Bachelor's,Project Manager,Education,9.3,Remote (India),Full-time,Startup (1-50),Remote,949766.5,"Python, Cloud Computing",0,1,1132557.19
38,Male,Master's,Senior Software Engineer,Education,17.3,Chennai,Full-time,Large (1000-5000),On-site,1580597.65,"Machine Learning, Cloud Computing, Project Management, Excel",1,0,3185879.8
27,Female,Bachelor's,UX Designer,Healthcare,8.0,Remote (India),Full-time,Enterprise (5000+),Remote,802990.01,"Machine Learning, Cloud Computing, Leadership, Java",1,0,1786596.91
38,Female,PhD,Operations Manager,Education,12.6,Jaipur,Part-time,Small (51-200),Remote,754974.82,"JavaScript, Java",3,1,889768.2
25,Female,Diploma,Executive Director,Healthcare,5.9,Delhi NCR,Contract,Large (1000-5000),Remote,4169232.63,"Machine Learning, Leadership, Java, Data Analysis",0,1,5708148.93
33,Male,Master's,UX Designer,Consulting,7.0,Ahmedabad,Full-time,Startup (1-50),On-site,1044493.03,"Machine Learning, SQL, Python, Project Management",0,0,1274006.64
30,Male,PhD,Sales Executive,Education,7.3,Bangalore,Full-time,Small (51-200),On-site,743779.97,"Excel, Java, Cloud Computing, Leadership",0,0,947127.95
38,Male,PhD,Financial Analyst,Consulting,9.3,Pune,Full-time,Medium (201-1000),Remote,1571417.91,"JavaScript, Machine Learning",3,0,1817746.34
40,Male,PhD,Sales Executive,Finance,13.7,Ahmedabad,Full-time,Medium (201-1000),Hybrid,876776.38,"Project Management, Leadership, Excel",1,0,1192104.53
32,Female,Bachelor's,HR Executive,Finance,2.5,Delhi NCR,Full-time,Large (1000-5000),On-site,425258.47,"C++, Java, Excel, Communication, SQL",2,0,775956.68
22,Female,Bachelor's,QA Engineer,Manufacturing,2.4,Pune,Contract,Small (51-200),On-site,521983.03,"Project Management, Excel, Machine Learning, Communication",1,0,653039.76
27,Female,Bachelor's,Project Manager,Retail,3.0,Bangalore,Full-time,Small (51-200),Hybrid,935988.67,"Project Management, Cloud Computing, Machine Learning",2,1,1688193.64
30,Female,High School,Product Manager,Education,0.4,Mumbai,Full-time,Startup (1-50),On-site,1414090.89,"Cloud Computing, Project Management",1,1,1428374.64
31,Female,PhD,Product Manager,Retail,3.4,Pune,Full-time,Startup (1-50),On-site,2283143.38,"Communication, Leadership, Project Management, Data Analysis",1,1,2873499.29
44,Female,PhD,UX Designer,Consulting,14.5,Kolkata,Full-time,Small (51-200),Remote,1723999.02,"JavaScript, Cloud Computing",1,0,1744072.26
32,Female,Bachelor's,Financial Analyst,Media,3.0,Delhi NCR,Full-time,Large (1000-5000),Remote,1213013.87,"JavaScript, Python, SQL",0,1,1299802.46
25,Male,High School,Administrative Assistant,Consulting,1.7,Bangalore,Full-time,Enterprise (5000+),On-site,259493.86,"Python, Java, Data Analysis, JavaScript, SQL",1,0,434386.11
39,Male,Master's,UX Designer,Healthcare,8.8,Pune,Full-time,Medium (201-1000),On-site,1368600.94,"Data Analysis, JavaScript",3,0,1641151.09
31,Male,Bachelor's,HR Manager,Media,10.4,Delhi NCR,Full-time,Startup (1-50),On-site,736423.82,"SQL, Leadership, C++, Project Management",0,1,1578453.49
23,Other,Master's,Senior Software Engineer,Healthcare,2.7,Jaipur,Contract,Medium (201-1000),Remote,1335304.11,"JavaScript, Java, SQL",3,1,2427160.13
48,Male,Master's,Project Manager,Government,20.5,Ahmedabad,Full-time,Enterprise (5000+),On-site,1166811.55,"Project Management, Leadership",0,1,2495767.5
35,Other,Bachelor's,Administrative Assistant,Telecommunications,10.7,Hyderabad,Full-time,Medium (201-1000),Hybrid,137101.69,"SQL, Leadership",3,0,613386.52
25,Male,Bachelor's,Research Scientist,Retail,4.9,Remote (India),Full-time,Large (1000-5000),Hybrid,1413271.09,"Excel, Leadership",1,0,1586904.76
48,Male,Bachelor's,Graphic Designer,Finance,22.2,Hyderabad,Full-time,Startup (1-50),On-site,872914.74,"Project Management, Machine Learning",2,0,981551.85
32,Female,Diploma,Data Analyst,Information Technology,5.1,Pune,Full-time,Large (1000-5000),Remote,821662.9,"C++, Java",3,0,1074567.8
47,Female,Master's,Senior Software Engineer,Government,15.2,Ahmedabad,Full-time,Medium (201-1000),Hybrid,2061332.6,"C++, Project Management, Excel, Java, Python",2,1,3051778.08
47,Male,Bachelor's,Content Writer,Telecommunications,15.1,Hyderabad,Full-time,Large (1000-5000),Hybrid,651097.8,"Excel, JavaScript",3,0,797189.54
28,Male,Diploma,Project Manager,Finance,4.3,Delhi NCR,Full-time,Small (51-200),Hybrid,1344154.01,"Excel, Java, JavaScript, C++, Python",1,1,1567140.76
32,Male,Bachelor's,Project Manager,Media,4.9,Kolkata,Full-time,Startup (1-50),Hybrid,1128843.75,"Excel, Python, Data Analysis",0,1,1140246.21
31,Female,PhD,Business Analyst,Information Technology,5.7,Mumbai,Full-time,Large (1000-5000),On-site,1574866.12,"Java, C++, Communication, Excel",0,0,1904389.2
21,Male,Bachelor's,UX Designer,Retail,3.9,Hyderabad,Full-time,Large (1000-5000),Remote,720075.13,"Communication, Python, JavaScript",1,0,1345304.09
33,Male,Bachelor's,Product Manager,Finance,5.6,Mumbai,Full-time,Startup (1-50),On-site,2255188.75,"JavaScript, Project Management, Machine Learning, Python",0,1,3184773.93
33,Male,High School,Marketing Manager,Education,4.4,Chennai,Full-time,Enterprise (5000+),On-site,748098.85,"Python, JavaScript, Project Management",2,1,1098722.24
21,Male,Bachelor's,Accountant,Healthcare,1.0,Mumbai,Full-time,Large (1000-5000),Hybrid,639796.88,"SQL, JavaScript, Machine Learning, Cloud Computing, Communication",3,0,978259.78
34,Male,Bachelor's,Marketing Manager,Consulting,9.7,Remote (India),Full-time,Medium (201-1000),Hybrid,1346410.1,"Communication, Java, C++, Data Analysis",3,1,1854795.9
50,Male,Master's,Executive Director,Retail,20.6,Remote (India),Full-time,Enterprise (5000+),On-site,4058701.6,"Cloud Computing, Leadership",0,1,8877658.97
42,Male,Master's,Project Manager,Finance,20.9,Ahmedabad,Contract,Startup (1-50),Remote,1334591.1,"Communication, Python, Project Management, Data Analysis, Java",3,1,2532105.02
34,Male,Bachelor's,Research Scientist,Information Technology,10.2,Ahmedabad,Full-time,Small (51-200),Remote,1377300.1,"Communication, Data Analysis",2,0,1914582.48
39,Female,Bachelor's,Product Manager,Education,14.8,Remote (India),Full-time,Medium (201-1000),Remote,2362743.59,"SQL, Cloud Computing, Machine Learning, C++, Python",0,1,2905431.86
24,Male,High School,Data Scientist,Education,3.5,Hyderabad,Full-time,Enterprise (5000+),On-site,634642.3,"C++, Cloud Computing, Machine Learning",3,0,1279576.63
26,Female,Master's,Content Writer,Healthcare,6.0,Hyderabad,Full-time,Startup (1-50),Remote,548561.03,"Cloud Computing, Machine Learning, SQL, Leadership, JavaScript",2,0,794820.81
36,Male,High School,DevOps Engineer,Telecommunications,11.0,Ahmedabad,Full-time,Enterprise (5000+),On-site,1156277.32,"Leadership, Data Analysis, Excel, Python, Project Management",2,1,1920706.0
23,Male,Diploma,HR Executive,Government,4.8,Delhi NCR,Full-time,Startup (1-50),On-site,389868.48,"Java, Project Management, Cloud Computing, SQL",0,0,393806.54
30,Female,Master's,HR Executive,Finance,6.7,Remote (India),Full-time,Medium (201-1000),Remote,604437.67,"Leadership, Excel, Machine Learning",2,0,782002.77
30,Female,Bachelor's,Marketing Manager,Consulting,2.8,Pune,Full-time,Medium (201-1000),Hybrid,1463105.32,"Leadership, SQL, Python, Machine Learning",0,1,1768291.5
41,Male,Bachelor's,HR Manager,Retail,22.0,Mumbai,Full-time,Medium (201-1000),Hybrid,1967212.95,"Data Analysis, Java, Python",2,1,2345752.97
27,Female,Master's,Sales Executive,Retail,4.0,Hyderabad,Full-time,Startup (1-50),Remote,709014.29,"Cloud Computing, Communication, Java, Data Analysis",1,0,716176.05
38,Male,Bachelor's,Business Analyst,Retail,11.2,Hyderabad,Full-time,Small (51-200),Hybrid,770559.9,"Python, C++",3,0,1032350.76
24,Female,Diploma,Sales Manager,Consulting,1.9,Chennai,Full-time,Enterprise (5000+),Hybrid,1364882.25,"C++, Communication, SQL, Cloud Computing, JavaScript",3,1,2285313.86
28,Female,Master's,QA Engineer,Retail,9.1,Hyderabad,Full-time,Enterprise (5000+),On-site,1227136.99,"JavaScript, Python, Machine Learning, Java, Leadership",2,1,1722087.26
30,Female,Master's,Operations Manager,Government,6.0,Hyderabad,Full-time,Small (51-200),On-site,1066830.0,"Communication, JavaScript, Java",0,1,1819965.78
30,Female,Bachelor's,Operations Manager,Manufacturing,4.3,Delhi NCR,Full-time,Enterprise (5000+),Remote,988367.79,"JavaScript, Python, Communication, Project Management",0,1,2059962.62
27,Female,Bachelor's,Accountant,Manufacturing,4.1,Mumbai,Full-time,Startup (1-50),On-site,626008.66,"JavaScript, SQL",2,1,749469.5
40,Male,Diploma,Financial Analyst,Telecommunications,8.7,Ahmedabad,Contract,Medium (201-1000),On-site,535765.04,"Communication, Java",2,0,796105.02
26,Female,Master's,Data Analyst,Manufacturing,5.7,Bangalore,Full-time,Startup (1-50),Remote,894200.96,"Project Management, Data Analysis, C++, Excel",3,1,1146133.97
27,Male,Bachelor's,Product Manager,Retail,4.6,Pune,Full-time,Small (51-200),Hybrid,1645332.73,"C++, Python, JavaScript",3,1,2318695.75
38,Female,Master's,Software Engineer,Finance,12.5,Bangalore,Full-time,Medium (201-1000),On-site,1856735.55,"C++, Leadership",3,0,1976805.48
33,Female,Bachelor's,Sales Executive,Manufacturing,8.4,Bangalore,Full-time,Startup (1-50),On-site,599978.07,"Project Management, SQL, Excel, JavaScript",2,0,717932.83
24,Male,Master's,DevOps Engineer,Healthcare,6.7,Kolkata,Full-time,Enterprise (5000+),Remote,2621658.91,"Machine Learning, C++, Cloud Computing",0,0,3009216.26
34,Male,Bachelor's,Software Engineer,Consulting,2.2,Jaipur,Full-time,Large (1000-5000),On-site,987192.54,"JavaScript, Excel, C++",0,1,997164.18
30,Female,High School,Business Analyst,Government,9.8,Bangalore,Full-time,Large (1000-5000),On-site,683686.76,"SQL, Communication, Java",3,0,955355.46
26,Female,Bachelor's,Product Manager,Information Technology,5.0,Delhi NCR,Full-time,Medium (201-1000),On-site,2875054.11,"Python, Leadership, Excel",2,1,3760941.7
37,Male,Bachelor's,QA Engineer,Government,13.8,Pune,Full-time,Enterprise (5000+),Remote,957054.01,"Python, JavaScript, Communication, Machine Learning, Data Analysis",1,1,1710808.02
37,Male,Bachelor's,Sales Manager,Consulting,5.2,Mumbai,Full-time,Startup (1-50),Hybrid,1659414.95,"Cloud Computing, Excel, Machine Learning",0,1,1917650.14
41,Male,Master's,Software Engineer,Healthcare,16.3,Chennai,Full-time,Enterprise (5000+),Remote,1368111.25,"Communication, JavaScript",1,0,2159657.08
35,Female,Bachelor's,Executive Director,Education,5.9,Bangalore,Full-time,Medium (201-1000),Remote,3682576.14,"Excel, Project Management, Data Analysis",0,1,4573097.84
27,Female,PhD,Operations Manager,Media,1.8,Pune,Full-time,Enterprise (5000+),Remote,1108703.73,"Machine Learning, Leadership, Java, Data Analysis, Python",2,1,2638564.65
33,Female,Bachelor's,Customer Support Executive,Consulting,5.5,Mumbai,Full-time,Small (51-200),Remote,359388.09,"Project Management, Java",3,0,551599.29
21,Male,Bachelor's,DevOps Engineer,Government,2.1,Hyderabad,Full-time,Startup (1-50),On-site,1301798.2,"Communication, Excel, Cloud Computing, Project Management, Data Analysis",2,0,1769169.73
34,Male,Bachelor's,HR Executive,Telecommunications,11.0,Bangalore,Full-time,Medium (201-1000),Hybrid,748663.58,"C++, SQL",1,1,887491.63
38,Male,Master's,Graphic Designer,Healthcare,11.8,Remote (India),Full-time,Small (51-200),Hybrid,610996.25,"Data Analysis, Leadership, Communication",3,0,849103.14
34,Male,Bachelor's,Executive Director,Information Technology,11.9,Bangalore,Full-time,Medium (201-1000),Hybrid,6035029.94,"Data Analysis, JavaScript, Project Management, Machine Learning, Python",2,1,9479214.57
33,Male,Bachelor's,Research Scientist,Telecommunications,5.1,Remote (India),Full-time,Large (1000-5000),Remote,1046400.54,"Project Management, Python",2,0,2212362.19
35,Male,Master's,Financial Analyst,Retail,7.3,Hyderabad,Full-time,Small (51-200),Remote,,"JavaScript, Leadership, Cloud Computing, Java, SQL",3,0,1192484.75
23,Male,High School,Content Writer,Education,2.1,Ahmedabad,Full-time,Medium (201-1000),On-site,228611.29,"Cloud Computing, Communication, Java, C++",3,0,255907.13
23,Male,High School,UX Designer,Healthcare,4.0,Remote (India),Full-time,Enterprise (5000+),Hybrid,960570.99,"Leadership, Java, SQL",2,1,1305733.84
28,Male,Master's,DevOps Engineer,Information Technology,5.0,Ahmedabad,Full-time,Medium (201-1000),Remote,1728377.95,"Project Management, JavaScript, SQL, Excel, Communication",3,0,2615914.13
29,Male,Bachelor's,HR Manager,Education,7.5,Jaipur,Full-time,Enterprise (5000+),On-site,786958.17,"Machine Learning, Python, C++",3,1,1450130.43
40,Female,Bachelor's,QA Engineer,Consulting,10.5,Chennai,Full-time,Small (51-200),Hybrid,854549.04,"C++, Java, Leadership",1,0,1107092.25
26,Male,Diploma,Data Scientist,Information Technology,6.4,Chennai,Full-time,Startup (1-50),On-site,1227080.26,"JavaScript, Cloud Computing, Machine Learning, Project Management, Leadership",1,0,1530677.3
21,Male,Master's,UX Designer,Healthcare,1.8,Mumbai,Freelance,Small (51-200),On-site,1051396.42,"SQL, Machine Learning, Cloud Computing, Communication",1,0,1476765.74
27,Female,Bachelor's,Business Analyst,Government,8.4,Jaipur,Full-time,Medium (201-1000),On-site,496172.41,"C++, Data Analysis, Cloud Computing, Excel",1,0,815882.23
26,Female,Bachelor's,Senior Software Engineer,Manufacturing,4.2,Ahmedabad,Full-time,Startup (1-50),Remote,1113720.58,"Excel, SQL, Python, Machine Learning",1,0,1518266.2
34,Male,Master's,Data Analyst,Government,7.2,Bangalore,Full-time,Startup (1-50),Hybrid,950826.39,"Cloud Computing, Communication, JavaScript, Leadership",0,0,1022591.71
26,Male,High School,HR Executive,Education,4.8,Ahmedabad,Contract,Startup (1-50),Hybrid,223385.95,"Cloud Computing, C++, Data Analysis, Communication, Excel",0,0,235516.54
31,Male,Bachelor's,Research Scientist,Finance,4.7,Jaipur,Full-time,Large (1000-5000),Remote,1338769.53,"Data Analysis, Java, Excel, C++",1,1,2273340.02
26,Male,Bachelor's,Senior Software Engineer,Manufacturing,2.0,Chennai,Part-time,Large (1000-5000),On-site,949289.89,"C++, Java, SQL, Project Management, Python",1,0,1123400.16
30,Male,Bachelor's,Customer Support Executive,Finance,1.8,Delhi NCR,Full-time,Medium (201-1000),On-site,421045.47,"Java, Machine Learning, Communication",3,0,565713.79
32,Male,Master's,UX Designer,Retail,4.2,Delhi NCR,Full-time,Startup (1-50),Remote,965724.61,"Communication, Excel, C++, Leadership, Data Analysis",2,0,1119658.32
27,Female,Master's,Software Engineer,Government,2.8,Bangalore,Full-time,Enterprise (5000+),On-site,878148.43,"Excel, Project Management",1,0,1494040.82
32,Male,Bachelor's,Financial Analyst,Consulting,3.6,Bangalore,Freelance,Small (51-200),Hybrid,715451.02,"Machine Learning, Communication, Excel, Python, Java",1,0,945750.89
37,Female,High School,Graphic Designer,Retail,10.3,Pune,Full-time,Startup (1-50),Hybrid,255411.52,"Leadership, Cloud Computing, JavaScript",3,0,447724.83
33,Female,Bachelor's,Content Writer,Telecommunications,4.5,Bangalore,Full-time,Medium (201-1000),On-site,442121.19,"Machine Learning, C++, Communication, Cloud Computing, JavaScript",1,0,703801.26
36,Male,Bachelor's,Senior Software Engineer,Retail,3.8,Ahmedabad,Full-time,Small (51-200),Remote,962722.54,"SQL, Python, JavaScript, Communication",2,0,1376363.39
24,Male,Bachelor's,Graphic Designer,Information Technology,5.0,Kolkata,Full-time,Startup (1-50),Hybrid,483163.31,"JavaScript, Communication, Excel, SQL",1,0,582572.54
34,Male,Bachelor's,Research Scientist,Government,10.9,Delhi NCR,Full-time,Medium (201-1000),Hybrid,1649247.49,"Java, JavaScript, Leadership, Excel, Communication",0,0,1958669.63
29,Male,Bachelor's,Business Analyst,Retail,8.0,Pune,Full-time,Startup (1-50),Hybrid,768492.65,"C++, Machine Learning, Leadership",3,0,776255.2
33,Male,Bachelor's,Senior Software Engineer,Consulting,6.5,Remote (India),Full-time,Medium (201-1000),Hybrid,919415.47,"C++, Machine Learning",2,0,2318704.35
25,Male,Bachelor's,Accountant,Healthcare,8.8,Chennai,Full-time,Enterprise (5000+),On-site,523792.79,"Java, C++, Communication",3,0,843058.64
37,Male,Bachelor's,Executive Director,Government,7.9,Chennai,Full-time,Small (51-200),Remote,3773279.09,"JavaScript, Machine Learning, Excel, Cloud Computing",1,1,4379275.33
32,Male,Master's,HR Executive,Information Technology,3.5,Delhi NCR,Full-time,Medium (201-1000),Remote,452131.67,"JavaScript, Machine Learning, Project Management, SQL, Communication",0,0,867675.71
31,Female,Bachelor's,Business Analyst,Media,5.8,Chennai,Full-time,Medium (201-1000),Remote,881926.98,"SQL, Excel, Python, Cloud Computing",3,1,1087243.66
27,Female,Bachelor's,Product Manager,Government,9.4,Ahmedabad,Contract,Large (1000-5000),Remote,1230009.49,"Data Analysis, Machine Learning, Project Management, SQL",1,1,2468707.05
26,Male,Master's,Financial Analyst,Education,2.1,Mumbai,Full-time,Large (1000-5000),On-site,1010769.52,"Machine Learning, Cloud Computing",0,0,1153041.35
32,Female,Bachelor's,Executive Director,Government,3.1,Remote (India),Contract,Small (51-200),Remote,2649547.81,"Data Analysis, Communication",1,1,3202952.46
28,Male,Bachelor's,Project Manager,Information Technology,1.3,Remote (India),Full-time,Startup (1-50),On-site,1280028.15,"Leadership, Java",3,1,1531295.02
39,Female,PhD,QA Engineer,Manufacturing,10.8,Mumbai,Full-time,Medium (201-1000),Remote,1280873.34,"Cloud Computing, Python",0,0,1700688.06
29,Male,Master's,UX Designer,Media,3.8,Pune,Freelance,Small (51-200),On-site,917728.52,"Python, Project Management",2,0,1076752.49
32,Male,Master's,Software Engineer,Retail,5.2,Remote (India),Contract,Small (51-200),Remote,668726.07,"JavaScript, Cloud Computing, Machine Learning, SQL",3,1,1349380.69
27,Male,Bachelor's,Business Analyst,Information Technology,4.9,Ahmedabad,Full-time,Large (1000-5000),Hybrid,575165.62,"Python, Project Management, Communication",3,0,1234277.17
28,Female,Master's,HR Manager,Education,4.0,Remote (India),Full-time,Enterprise (5000+),On-site,1107933.01,"Cloud Computing, Communication, C++",1,1,1627450.89
35,Female,Master's,Sales Manager,Finance,15.5,Chennai,Full-time,Startup (1-50),Hybrid,2096684.25,"JavaScript, C++, Data Analysis, Cloud Computing, Machine Learning",3,1,2929171.12
27,Male,Bachelor's,HR Manager,Education,3.1,Jaipur,Contract,Medium (201-1000),Remote,590442.01,"Leadership, Excel, Python",0,1,835334.46
30,Female,Bachelor's,HR Executive,Retail,10.1,Chennai,Full-time,Medium (201-1000),Hybrid,330800.31,"Python, Project Management, Cloud Computing, Data Analysis",2,0,594857.76
36,Male,Master's,Data Analyst,Retail,7.3,Jaipur,Contract,Startup (1-50),Remote,630864.58,"Cloud Computing, Project Management, C++",3,0,660863.25
30,Male,High School,Accountant,Information Technology,2.6,Delhi NCR,Full-time,Large (1000-5000),Remote,450729.27,"Leadership, C++, Python, Communication",0,0,769211.72
33,Female,Bachelor's,Content Writer,Finance,6.6,Remote (India),Freelance,Medium (201-1000),Remote,413320.69,"Excel, Java",2,0,594514.22
21,Male,Bachelor's,Project Manager,Government,1.0,Jaipur,Full-time,Small (51-200),Remote,940866.38,"JavaScript, SQL, Machine Learning",0,1,1059882.96
31,Male,Bachelor's,HR Executive,Healthcare,7.5,Jaipur,Full-time,Medium (201-1000),Hybrid,497035.43,"Communication, C++, Cloud Computing, SQL, Excel",1,0,597449.61
21,Female,Bachelor's,Accountant,Finance,0.9,Jaipur,Full-time,Small (51-200),Hybrid,453429.12,"Data Analysis, Excel, Python, Java, Communication",0,0,551136.65
32,Female,Master's,Customer Support Executive,Government,9.0,Remote (India),Full-time,Startup (1-50),On-site,305190.25,"Leadership, Cloud Computing, JavaScript, Excel, Python",3,0,475049.84
28,Female,Master's,HR Executive,Media,2.6,Pune,Full-time,Small (51-200),Remote,427809.73,"Data Analysis, C++, Communication, Excel, Machine Learning",3,0,651236.6
35,Male,PhD,Sales Executive,Media,10.6,Delhi NCR,Full-time,Enterprise (5000+),Remote,861078.53,"Data Analysis, SQL, JavaScript, C++, Project Management",3,0,1434286.13
29,Male,Diploma,Business Analyst,Telecommunications,1.4,Hyderabad,Full-time,Small (51-200),Hybrid,766126.55,"SQL, Project Management",1,0,875682.17
27,Male,Bachelor's,HR Manager,Media,2.6,Chennai,Full-time,Startup (1-50),Hybrid,1203255.38,"Machine Learning, Python",2,1,1220716.49
29,Female,Bachelor's,Financial Analyst,Government,3.8,Mumbai,Full-time,Startup (1-50),Remote,777929.87,"Communication, Data Analysis",0,0,785787.75
26,Female,High School,Accountant,Government,8.0,Bangalore,Contract,Medium (201-1000),Hybrid,433818.72,"Data Analysis, Machine Learning, JavaScript",3,0,581197.21
25,Male,High School,Sales Executive,Telecommunications,3.1,Mumbai,Full-time,Enterprise (5000+),Remote,514341.48,"Leadership, C++",0,1,853244.78
36,Male,PhD,Senior Software Engineer,Manufacturing,4.0,Pune,Freelance,Medium (201-1000),On-site,2258571.02,"SQL, Java, Python, Cloud Computing",3,0,2664639.59
31,Male,Diploma,Sales Manager,Education,3.8,Kolkata,Contract,Small (51-200),On-site,696599.19,"Java, Excel, Machine Learning, Communication",0,1,897414.58
29,Male,Bachelor's,Content Writer,Retail,6.7,Pune,Full-time,Startup (1-50),Hybrid,286485.08,"Leadership, Excel, JavaScript, Data Analysis, Java",1,0,492061.69
21,Male,Bachelor's,Customer Support Executive,Retail,2.8,Mumbai,Full-time,Enterprise (5000+),Remote,320950.27,"Project Management, Communication, Java, Data Analysis",2,0,554367.11
43,Female,Bachelor's,Project Manager,Government,13.1,Mumbai,Full-time,Small (51-200),Remote,1806669.03,"Python, Machine Learning, SQL, Project Management",1,1,2140510.45
28,Male,Diploma,Graphic Designer,Manufacturing,6.8,Hyderabad,Full-time,Startup (1-50),Remote,456095.39,"Machine Learning, JavaScript, Excel, Cloud Computing",1,0,555727.36
27,Male,Master's,HR Executive,Information Technology,1.3,Bangalore,Full-time,Startup (1-50),Remote,669417.98,"Python, JavaScript, Excel, Communication",2,0,676179.77
28,Male,Diploma,UX Designer,Education,4.0,Remote (India),Full-time,Large (1000-5000),Hybrid,488628.28,"C++, Machine Learning",2,0,984195.41
28,Female,Master's,Senior Software Engineer,Telecommunications,4.1,Delhi NCR,Full-time,Small (51-200),On-site,1922192.88,"Java, Python, Project Management, Data Analysis",0,0,2622271.34
27,Female,Bachelor's,Financial Analyst,Media,1.6,Chennai,Full-time,Medium (201-1000),On-site,471698.11,"C++, Excel, Java",3,0,862572.52
44,Male,Master's,Business Analyst,Manufacturing,18.4,Chennai,Full-time,Large (1000-5000),Hybrid,1017826.19,"Excel, Java, Python, Cloud Computing, Machine Learning",1,0,1738486.38
31,Male,Master's,Accountant,Telecommunications,5.4,Chennai,Full-time,Medium (201-1000),On-site,586288.0,"JavaScript, Excel, Data Analysis, Communication",1,0,858856.76
32,Male,Bachelor's,Financial Analyst,Telecommunications,7.5,Hyderabad,Full-time,Large (1000-5000),Hybrid,958311.01,"Data Analysis, Machine Learning, Python, JavaScript, Leadership",3,1,1635715.34
30,Male,Bachelor's,HR Executive,Healthcare,7.6,Chennai,Full-time,Large (1000-5000),Hybrid,388723.62,"Leadership, SQL, Project Management, Python, Excel",3,0,799690.57
29,Female,Bachelor's,Customer Support Executive,Media,5.8,Jaipur,Full-time,Startup (1-50),Hybrid,278330.14,"JavaScript, Project Management, SQL",3,0,310242.35
36,Male,Bachelor's,UX Designer,Finance,18.6,Kolkata,Full-time,Medium (201-1000),Hybrid,1024679.61,"Python, Project Management, Cloud Computing, JavaScript, Excel",0,0,1599718.26
32,Male,Master's,HR Executive,Information Technology,6.6,Hyderabad,Full-time,Medium (201-1000),Hybrid,559103.63,"JavaScript, Leadership, Java",0,0,873060.96
22,Female,Bachelor's,Financial Analyst,Manufacturing,1.5,Pune,Contract,Large (1000-5000),Remote,492196.03,"C++, JavaScript, SQL, Project Management, Java",3,0,951125.6
23,Male,PhD,Research Scientist,Consulting,3.1,Jaipur,Full-time,Startup (1-50),Hybrid,2055719.64,"SQL, Data Analysis, Machine Learning, Leadership",2,1,2535915.92
23,Male,Bachelor's,Research Scientist,Finance,0.9,Kolkata,Full-time,Small (51-200),On-site,1559707.91,"Cloud Computing, JavaScript, Python, C++, Data Analysis",3,0,1767145.88
34,Other,Bachelor's,UX Designer,Telecommunications,16.4,Delhi NCR,Full-time,Startup (1-50),On-site,1363334.82,"JavaScript, Machine Learning, Python",1,0,1597284.14
32,Female,Diploma,Administrative Assistant,Manufacturing,5.2,Remote (India),Full-time,Medium (201-1000),On-site,304118.52,"C++, Project Management, Communication, Machine Learning, Java",1,0,346391.22
44,Male,High School,Project Manager,Retail,13.2,Remote (India),Full-time,Medium (201-1000),Remote,1103468.1,"Excel, Java",1,1,1114614.24
31,Male,PhD,Marketing Manager,Healthcare,5.7,Remote (India),Full-time,Enterprise (5000+),Hybrid,,"Cloud Computing, Machine Learning",2,1,2878491.82
35,Male,Master's,UX Designer,Consulting,1.6,Kolkata,Full-time,Large (1000-5000),Hybrid,826598.06,"Java, Data Analysis",0,0,1381551.3
33,Male,Master's,Operations Manager,Government,10.6,Mumbai,Full-time,Large (1000-5000),Remote,1706205.61,"Java, Python, SQL, Communication, Cloud Computing",0,1,2648994.54
39,Female,Diploma,Research Scientist,Finance,9.7,Hyderabad,Contract,Startup (1-50),On-site,1546757.63,"Cloud Computing, Python, Leadership, JavaScript",2,0,1608485.95
32,Female,PhD,UX Designer,Consulting,6.3,Mumbai,Contract,Large (1000-5000),Remote,1558515.15,"Excel, Cloud Computing",3,0,2366766.42
29,Male,Bachelor's,Graphic Designer,Information Technology,5.4,Delhi NCR,Part-time,Small (51-200),Remote,380711.97,"Communication, Leadership",0,0,391120.25
31,Male,Bachelor's,Administrative Assistant,Government,5.0,Kolkata,Full-time,Small (51-200),On-site,232483.31,"SQL, JavaScript",3,0,294820.97
36,Female,Diploma,Operations Manager,Manufacturing,12.8,Hyderabad,Part-time,Enterprise (5000+),On-site,708711.2,"Communication, JavaScript, Java, Cloud Computing, Excel",1,1,1297160.43
39,Female,Master's,Data Analyst,Retail,13.6,Hyderabad,Full-time,Enterprise (5000+),Hybrid,1028383.38,"Leadership, JavaScript, Excel",2,0,1372390.63
32,Male,Bachelor's,QA Engineer,Manufacturing,5.3,Pune,Full-time,Small (51-200),Remote,628801.23,"Python, Leadership, Java, C++",3,0,939356.34
33,Male,High School,Senior Software Engineer,Government,12.2,Chennai,Full-time,Startup (1-50),On-site,1119285.37,"Data Analysis, Python, Cloud Computing, Machine Learning",3,1,1595829.53
28,Male,High School,Sales Manager,Media,4.2,Bangalore,Part-time,Medium (201-1000),Hybrid,446500.61,"Project Management, SQL",0,1,748731.56
30,Female,Master's,Sales Manager,Manufacturing,7.3,Pune,Full-time,Startup (1-50),On-site,1364998.82,"Communication, Excel",3,1,1891182.83
37,Male,Master's,HR Executive,Consulting,10.7,Pune,Full-time,Medium (201-1000),On-site,700961.66,"Project Management, Communication",3,0,857365.24
34,Female,Bachelor's,HR Manager,Finance,4.7,Bangalore,Part-time,Medium (201-1000),Hybrid,920645.99,"JavaScript, Cloud Computing",1,1,1070181.31
33,Male,Bachelor's,Sales Manager,Finance,14.2,Hyderabad,Full-time,Small (51-200),Remote,2565992.27,"Project Management, Cloud Computing, Python",3,1,2591911.38
26,Female,Diploma,Sales Manager,Government,6.4,Chennai,Full-time,Enterprise (5000+),Remote,1244433.94,"Cloud Computing, Data Analysis, Machine Learning, Excel",0,1,1711820.03
41,Male,Bachelor's,Sales Executive,Retail,15.2,Hyderabad,Full-time,Startup (1-50),On-site,420139.49,"Cloud Computing, SQL",1,0,654012.12
32,Male,Bachelor's,HR Manager,Finance,6.3,Pune,Full-time,Enterprise (5000+),Remote,1971777.03,"C++, Java, Cloud Computing, Project Management, Python",3,1,2271496.64
26,Female,Bachelor's,Product Manager,Media,4.7,Mumbai,Full-time,Medium (201-1000),On-site,1776414.16,"Data Analysis, Leadership",2,1,3094344.34
46,Male,Bachelor's,Research Scientist,Retail,13.7,Bangalore,Full-time,Enterprise (5000+),Remote,1800260.52,"Python, Machine Learning, Cloud Computing, Communication, SQL",1,1,3400837.0
33,Male,Bachelor's,Research Scientist,Consulting,13.5,Ahmedabad,Full-time,Startup (1-50),On-site,1396926.27,"SQL, Data Analysis, Machine Learning, Leadership",1,0,2106894.69
29,Male,Master's,Accountant,Consulting,3.3,Pune,Full-time,Startup (1-50),Remote,778854.31,"Data Analysis, Cloud Computing, Project Management",1,0,855059.08
21,Female,Bachelor's,Graphic Designer,Telecommunications,2.6,Pune,Freelance,Large (1000-5000),Hybrid,561778.0,"JavaScript, Leadership",2,1,756507.43
23,Female,Bachelor's,HR Manager,Retail,1.9,Delhi NCR,Full-time,Enterprise (5000+),Remote,1098553.57,"SQL, Leadership",2,1,1749299.3
41,Male,Master's,QA Engineer,Manufacturing,12.7,Pune,Full-time,Medium (201-1000),Remote,1117925.68,"Communication, Leadership, JavaScript, SQL",3,0,1350678.95
34,Female,PhD,Project Manager,Telecommunications,8.0,Pune,Full-time,Startup (1-50),Remote,2127164.11,"Java, Python, Data Analysis, JavaScript",1,1,2148650.62
35,Male,Master's,Sales Executive,Education,9.4,Chennai,Full-time,Medium (201-1000),Hybrid,560275.78,"Communication, JavaScript, Leadership",3,0,807790.23
30,Male,Bachelor's,QA Engineer,Media,7.6,Kolkata,Full-time,Enterprise (5000+),Hybrid,791569.63,"Excel, C++, SQL, Cloud Computing, Leadership",0,0,1094380.33
30,Male,Bachelor's,Business Analyst,Retail,4.6,Kolkata,Full-time,Small (51-200),On-site,732970.85,"Excel, SQL, Java, Project Management, Leadership",1,1,817289.0
32,Female,Bachelor's,Research Scientist,Media,11.1,Ahmedabad,Full-time,Small (51-200),On-site,1280022.34,"Machine Learning, JavaScript, Python, Excel, Data Analysis",2,0,1530979.16
36,Male,Master's,HR Executive,Education,5.1,Ahmedabad,Full-time,Startup (1-50),On-site,,"Data Analysis, JavaScript, C++, Communication, Python",0,1,519845.92
22,Male,High School,Marketing Manager,Information Technology,1.4,Delhi NCR,Full-time,Startup (1-50),On-site,1232979.25,"Excel, Project Management, Data Analysis, Python, Java",3,1,1363458.47
30,Male,Master's,Customer Support Executive,Healthcare,4.0,Mumbai,Full-time,Startup (1-50),Remote,402153.31,"Communication, Cloud Computing, Python",2,0,627294.16
34,Male,Bachelor's,Senior Software Engineer,Manufacturing,5.2,Delhi NCR,Full-time,Small (51-200),Hybrid,1536938.05,"Java, Project Management, JavaScript, Cloud Computing, Python",1,0,2121552.96
30,Male,Bachelor's,Financial Analyst,Government,3.7,Delhi NCR,Full-time,Large (1000-5000),Hybrid,811249.45,"SQL, Machine Learning, Data Analysis, C++, Project Management",3,0,1306991.99
28,Male,Master's,Research Scientist,Telecommunications,1.9,Hyderabad,Full-time,Small (51-200),Remote,1720083.89,"Java, Leadership, SQL, Machine Learning, JavaScript",0,0,2086018.88
31,Male,Bachelor's,Accountant,Finance,5.2,Delhi NCR,Full-time,Small (51-200),On-site,1031678.85,"Machine Learning, SQL, Java, Excel",1,1,1074185.54
23,Female,Diploma,Executive Director,Telecommunications,3.9,Chennai,Freelance,Enterprise (5000+),Remote,3353328.4,"Data Analysis, Cloud Computing, SQL, JavaScript, Java",0,1,4642054.44
38,Male,Bachelor's,UX Designer,Consulting,13.8,Ahmedabad,Part-time,Startup (1-50),Hybrid,513121.01,"JavaScript, Communication",2,0,695179.29
26,Male,Bachelor's,Project Manager,Education,3.7,Jaipur,Full-time,Large (1000-5000),Remote,771220.26,"Data Analysis, Communication, Cloud Computing, Project Management",1,1,1361721.73
27,Male,Master's,QA Engineer,Telecommunications,9.0,Mumbai,Full-time,Small (51-200),On-site,832606.56,"Data Analysis, Python, Communication, Leadership",0,0,1313416.76
34,Male,Bachelor's,Executive Director,Government,8.6,Bangalore,Full-time,Small (51-200),Hybrid,4996215.01,"Excel, C++, Python, Java, Project Management",3,1,6240767.82
24,Male,Bachelor's,Administrative Assistant,Information Technology,2.5,Jaipur,Full-time,Small (51-200),Remote,307572.42,"Python, Project Management",2,0,366745.96
28,Female,Bachelor's,Customer Support Executive,Information Technology,4.2,Remote (India),Full-time,Large (1000-5000),On-site,341847.35,"JavaScript, Communication, Leadership, Java",2,0,521216.9
30,Female,Diploma,UX Designer,Telecommunications,5.7,Ahmedabad,Full-time,Startup (1-50),Remote,546931.48,"Leadership, Java",2,0,704507.59
36,Male,Bachelor's,Product Manager,Government,9.3,Bangalore,Full-time,Small (51-200),Hybrid,2736817.6,"Machine Learning, C++, Cloud Computing, JavaScript",2,1,2928274.24
25,Female,High School,Sales Executive,Manufacturing,6.3,Chennai,Full-time,Startup (1-50),On-site,294859.29,"Python, Cloud Computing, Project Management",1,0,489562.18
35,Male,Master's,Marketing Manager,Retail,6.8,Jaipur,Contract,Small (51-200),On-site,1314532.44,"Data Analysis, Communication, Cloud Computing, Machine Learning",2,1,1327810.55
27,Male,Master's,Business Analyst,Manufacturing,3.0,Bangalore,Full-time,Large (1000-5000),Hybrid,992545.79,"Leadership, Communication, Java, C++, SQL",3,0,1580571.78
26,Female,PhD,Financial Analyst,Consulting,1.6,Jaipur,Full-time,Large (1000-5000),On-site,922060.67,"C++, Java, Excel, Python",3,0,1500293.8
43,Male,Bachelor's,DevOps Engineer,Retail,10.5,Kolkata,Full-time,Startup (1-50),Remote,1342354.98,"Python, Data Analysis",0,0,1397983.99
21,Female,Master's,Data Analyst,Retail,2.4,Hyderabad,Full-time,Medium (201-1000),Remote,674113.27,"C++, JavaScript, Java, Project Management",1,0,874221.45
43,Male,Master's,Software Engineer,Finance,14.9,Jaipur,Full-time,Medium (201-1000),Hybrid,1566622.81,"Project Management, Data Analysis, JavaScript, Java, Cloud Computing",0,1,2053431.46
29,Male,Bachelor's,Operations Manager,Consulting,8.9,Delhi NCR,Full-time,Medium (201-1000),Hybrid,1961495.09,"Data Analysis, Communication, Machine Learning, JavaScript",3,1,2830988.6
24,Male,Bachelor's,QA Engineer,Media,2.8,Pune,Full-time,Medium (201-1000),Hybrid,558727.96,"Communication, Excel, Project Management, Leadership",0,0,860984.33
31,Female,Bachelor's,HR Manager,Information Technology,8.1,Jaipur,Full-time,Small (51-200),Hybrid,1342950.67,"JavaScript, C++",3,1,1481997.89
31,Female,Bachelor's,Project Manager,Healthcare,7.0,Jaipur,Full-time,Medium (201-1000),On-site,1345115.54,"Java, Cloud Computing, Communication, Machine Learning, Leadership",3,1,1836553.4
52,Male,Bachelor's,Sales Manager,Information Technology,29.9,Bangalore,Full-time,Small (51-200),On-site,3424700.92,"SQL, Data Analysis, Cloud Computing, Python",2,1,3534004.29
35,Female,Bachelor's,Marketing Manager,Government,4.6,Remote (India),Full-time,Large (1000-5000),On-site,870183.74,"Excel, Python",0,1,1351966.62
26,Male,Master's,Content Writer,Information Technology,3.5,Jaipur,Full-time,Medium (201-1000),On-site,477383.23,"Java, Python, Data Analysis",2,0,644349.37
33,Male,Bachelor's,HR Manager,Information Technology,3.4,Chennai,Full-time,Enterprise (5000+),Hybrid,1184660.47,"Machine Learning, Communication, C++",3,1,1968544.19
28,Male,Master's,Customer Support Executive,Telecommunications,5.7,Bangalore,Full-time,Large (1000-5000),On-site,306937.17,"Machine Learning, Communication, Project Management",2,0,737902.18
29,Male,Bachelor's,Executive Director,Telecommunications,2.3,Mumbai,Full-time,Small (51-200),Hybrid,4946841.62,"Data Analysis, C++, Cloud Computing, Excel, SQL",2,1,6289647.59
35,Female,High School,Business Analyst,Manufacturing,9.9,Remote (India),Full-time,Startup (1-50),Hybrid,670155.28,"Leadership, Excel, Python",1,0,676924.52
40,Male,Bachelor's,Operations Manager,Government,5.5,Chennai,Full-time,Enterprise (5000+),On-site,958847.05,"Machine Learning, C++, Data Analysis",1,1,2017240.3
45,Male,Bachelor's,Sales Executive,Information Technology,15.6,Ahmedabad,Full-time,Large (1000-5000),On-site,491397.48,"Data Analysis, Excel",0,0,1015105.98
27,Male,Bachelor's,Product Manager,Information Technology,3.4,Pune,Full-time,Large (1000-5000),Hybrid,2327482.39,"Data Analysis, Excel",3,1,3567022.62
28,Female,Bachelor's,Operations Manager,Manufacturing,3.5,Delhi NCR,Part-time,Enterprise (5000+),Remote,800514.9,"Project Management, Communication, Java, Cloud Computing",3,1,1254304.35
35,Male,Bachelor's,Content Writer,Information Technology,5.4,Bangalore,Contract,Startup (1-50),On-site,663181.82,"Excel, Cloud Computing, Machine Learning, Project Management, Communication",2,1,669880.63
33,Female,Master's,Executive Director,Manufacturing,6.9,Mumbai,Full-time,Large (1000-5000),Hybrid,5010189.53,"Project Management, Data Analysis",3,1,7657249.86
32,Male,PhD,Customer Support Executive,Government,8.2,Mumbai,Full-time,Enterprise (5000+),Hybrid,582196.18,"Excel, Communication, Leadership, Machine Learning",0,0,910340.2
34,Male,Master's,Executive Director,Consulting,7.3,Bangalore,Full-time,Medium (201-1000),On-site,7235658.36,"Leadership, Cloud Computing, Java",3,1,9328533.81
36,Male,Master's,Data Scientist,Manufacturing,14.3,Remote (India),Full-time,Large (1000-5000),On-site,1261077.03,"Leadership, Machine Learning, Python, JavaScript, Java",1,0,2543247.36
30,Female,PhD,Marketing Manager,Retail,2.6,Delhi NCR,Part-time,Enterprise (5000+),Hybrid,870786.39,"Java, Cloud Computing, Communication",1,1,1265729.73
31,Male,Diploma,Marketing Manager,Finance,9.1,Remote (India),Full-time,Large (1000-5000),On-site,830704.37,"Project Management, SQL",0,1,1828652.16
37,Male,Diploma,UX Designer,Consulting,12.8,Kolkata,Full-time,Startup (1-50),Hybrid,726374.17,"Project Management, Excel, Python",2,0,993243.99
32,Male,Master's,Marketing Manager,Healthcare,7.7,Hyderabad,Full-time,Medium (201-1000),Hybrid,1878376.62,"JavaScript, Machine Learning, Data Analysis",2,1,2589567.84
27,Female,Bachelor's,QA Engineer,Information Technology,9.0,Chennai,Full-time,Small (51-200),On-site,837553.53,"Data Analysis, Cloud Computing, C++",2,0,1206700.99
36,Female,PhD,Administrative Assistant,Education,4.2,Hyderabad,Full-time,Startup (1-50),Hybrid,496154.04,"C++, Cloud Computing, JavaScript, Communication",2,1,504317.73
35,Male,Bachelor's,Content Writer,Consulting,6.8,Mumbai,Full-time,Medium (201-1000),Remote,484440.28,"SQL, JavaScript, Java, Leadership",3,0,853047.84
25,Male,Master's,Data Analyst,Government,3.4,Delhi NCR,Full-time,Medium (201-1000),Remote,917045.42,"JavaScript, Cloud Computing",0,1,1074860.05
29,Male,Bachelor's,Data Analyst,Retail,2.8,Hyderabad,Full-time,Startup (1-50),Hybrid,599451.97,"JavaScript, Data Analysis",0,0,605507.04
29,Male,Bachelor's,Executive Director,Media,2.1,Hyderabad,Full-time,Large (1000-5000),Remote,3747793.88,"Cloud Computing, Leadership, JavaScript, Java",2,1,5811649.06
28,Female,Bachelor's,Research Scientist,Finance,0.4,Kolkata,Full-time,Medium (201-1000),On-site,1634510.68,"Leadership, SQL",0,0,1711369.28
38,Male,Bachelor's,Data Analyst,Information Technology,13.2,Delhi NCR,Full-time,Enterprise (5000+),On-site,1137276.64,"C++, Excel, JavaScript, SQL",1,0,1693209.38
29,Female,Master's,Content Writer,Education,6.7,Jaipur,Full-time,Startup (1-50),Remote,389055.88,"JavaScript, Python",0,0,392985.73
21,Female,Master's,Product Manager,Retail,2.0,Kolkata,Full-time,Large (1000-5000),Hybrid,1832512.32,"Data Analysis, Machine Learning",1,1,2653149.31
28,Female,Master's,Accountant,Telecommunications,2.2,Jaipur,Full-time,Small (51-200),Remote,600849.82,"C++, Leadership, Machine Learning",3,1,694277.5
21,Male,Bachelor's,Graphic Designer,Education,0.9,Bangalore,Full-time,Large (1000-5000),Hybrid,572944.56,"Data Analysis, Cloud Computing, Machine Learning, Leadership, Project Management",3,1,864001.85
27,Male,High School,Operations Manager,Education,7.9,Kolkata,Full-time,Small (51-200),On-site,818896.45,"Project Management, Data Analysis",1,1,923553.94
39,Female,Master's,Data Analyst,Government,9.7,Mumbai,Full-time,Startup (1-50),Hybrid,832837.71,"Java, Data Analysis, C++",1,0,991620.32
43,Male,Bachelor's,Project Manager,Manufacturing,13.6,Remote (India),Full-time,Startup (1-50),On-site,1488758.61,"JavaScript, Data Analysis, Project Management",0,1,1503796.57
33,Male,Diploma,Customer Support Executive,Healthcare,11.8,Hyderabad,Full-time,Medium (201-1000),Hybrid,385758.29,"Java, Communication",3,0,479697.08
35,Female,Bachelor's,Research Scientist,Finance,11.5,Jaipur,Full-time,Medium (201-1000),Remote,1201998.51,"SQL, Machine Learning, C++, Cloud Computing",0,0,2257100.35
25,Male,High School,Administrative Assistant,Education,4.6,Hyderabad,Full-time,Medium (201-1000),Remote,187724.18,"Java, Excel, Leadership, Project Management, Cloud Computing",1,0,321034.94
41,Female,Master's,Data Scientist,Retail,10.6,Hyderabad,Full-time,Enterprise (5000+),On-site,1858152.88,"Cloud Computing, Excel, Communication, C++, Data Analysis",1,1,3178914.15
52,Male,Bachelor's,Graphic Designer,Media,22.3,Jaipur,Full-time,Startup (1-50),On-site,527489.84,"SQL, Leadership, JavaScript, Java",3,0,612410.05
41,Female,High School,Financial Analyst,Healthcare,11.3,Remote (India),Full-time,Enterprise (5000+),Hybrid,,"SQL, Machine Learning, Java, Leadership, Cloud Computing",0,0,1271680.24
40,Male,Bachelor's,Customer Support Executive,Media,14.9,Bangalore,Full-time,Medium (201-1000),Remote,412398.43,"Java, Excel, Data Analysis, Cloud Computing",0,0,616754.35
29,Male,Diploma,DevOps Engineer,Finance,4.9,Hyderabad,Full-time,Enterprise (5000+),Remote,1239967.33,"Communication, Cloud Computing",1,0,2147511.52
34,Female,Master's,Project Manager,Manufacturing,6.3,Kolkata,Full-time,Small (51-200),Hybrid,1287520.19,"C++, Communication, Cloud Computing",2,1,1510037.03
27,Male,Bachelor's,Research Scientist,Telecommunications,2.7,Delhi NCR,Full-time,Large (1000-5000),On-site,1183540.08,"Python, Communication, Java",0,0,1761761.18
30,Female,Bachelor's,Product Manager,Government,10.5,Mumbai,Full-time,Startup (1-50),Remote,2496373.77,"SQL, Machine Learning, Project Management",1,1,2521589.67
37,Female,Bachelor's,Software Engineer,Retail,2.2,Pune,Contract,Large (1000-5000),On-site,410517.7,"Java, Python",3,0,1026877.63
37,Male,Master's,Sales Manager,Government,16.0,Ahmedabad,Full-time,Small (51-200),On-site,1466254.65,"Communication, Python",0,1,1834088.0
31,Male,Master's,Financial Analyst,Healthcare,11.0,Bangalore,Part-time,Medium (201-1000),Hybrid,713007.95,"Machine Learning, Project Management, Leadership, Data Analysis, C++",0,1,1292218.62
35,Male,Bachelor's,Sales Manager,Healthcare,8.2,Delhi NCR,Full-time,Small (51-200),Remote,1209936.69,"SQL, Leadership, Machine Learning",0,1,2317269.29
26,Female,Master's,Software Engineer,Consulting,4.8,Bangalore,Full-time,Startup (1-50),Hybrid,1167004.24,"SQL, Excel, Python, Leadership",2,0,1544254.62
26,Female,Bachelor's,Content Writer,Government,3.7,Ahmedabad,Full-time,Medium (201-1000),Remote,338703.72,"Machine Learning, Leadership, Project Management",2,0,532622.43
31,Female,High School,Financial Analyst,Consulting,6.1,Mumbai,Full-time,Large (1000-5000),Hybrid,855674.67,"Cloud Computing, Excel",3,0,1313916.11
36,Female,Bachelor's,Administrative Assistant,Finance,8.1,Hyderabad,Full-time,Small (51-200),Remote,451611.42,"C++, Cloud Computing, Machine Learning",0,1,613924.92
38,Male,Master's,Graphic Designer,Healthcare,7.5,Ahmedabad,Full-time,Small (51-200),Remote,465817.1,"Python, Excel, Cloud Computing, C++",3,0,833733.9
30,Female,Master's,Data Analyst,Telecommunications,1.6,Pune,Full-time,Medium (201-1000),On-site,745631.31,"C++, Python",0,0,980402.35
27,Male,Master's,Data Analyst,Consulting,7.4,Kolkata,Full-time,Enterprise (5000+),Remote,511085.02,"SQL, Python, Leadership",1,0,1234591.75
33,Male,PhD,QA Engineer,Consulting,8.2,Kolkata,Full-time,Large (1000-5000),On-site,931784.6,"Project Management, Excel, Leadership",3,0,1559061.43
34,Female,Diploma,Project Manager,Finance,6.6,Jaipur,Full-time,Startup (1-50),Hybrid,1034773.66,"Communication, JavaScript, Excel, Python",2,1,1328556.19
28,Male,Bachelor's,Graphic Designer,Manufacturing,2.9,Remote (India),Full-time,Medium (201-1000),Hybrid,460591.22,"Data Analysis, Python, C++, Excel",1,0,575254.53
22,Male,Bachelor's,Accountant,Consulting,1.2,Pune,Full-time,Startup (1-50),Remote,626306.5,"Data Analysis, Java, JavaScript",0,1,704454.17
22,Male,Bachelor's,Accountant,Manufacturing,6.1,Remote (India),Full-time,Large (1000-5000),Hybrid,547352.17,"Data Analysis, Cloud Computing, JavaScript, Project Management, Communication",0,0,741326.25
30,Male,Bachelor's,DevOps Engineer,Education,7.7,Bangalore,Full-time,Small (51-200),Hybrid,1200952.94,"Communication, Cloud Computing",1,0,1813769.48
25,Male,Master's,Senior Software Engineer,Finance,5.3,Remote (India),Full-time,Large (1000-5000),Remote,2441765.64,"Python, SQL, Data Analysis",0,0,3385267.07
37,Male,Bachelor's,HR Executive,Manufacturing,7.6,Jaipur,Contract,Medium (201-1000),Remote,336930.5,"C++, Leadership, Excel",0,1,517600.39
40,Male,Bachelor's,Operations Manager,Retail,16.4,Bangalore,Full-time,Enterprise (5000+),Remote,1416267.84,"Machine Learning, C++, Data Analysis",3,1,2605552.33
31,Female,Bachelor's,Business Analyst,Media,6.4,Delhi NCR,Contract,Enterprise (5000+),On-site,679719.11,"Machine Learning, Data Analysis, Cloud Computing",3,0,1249747.79
35,Female,Bachelor's,Accountant,Information Technology,7.7,Jaipur,Full-time,Small (51-200),Hybrid,620861.41,"JavaScript, SQL, Excel",3,0,728248.47
24,Male,Bachelor's,Data Scientist,Information Technology,2.6,Ahmedabad,Full-time,Startup (1-50),On-site,1221647.83,"C++, Java, JavaScript, Cloud Computing",0,0,1493848.59
31,Female,Bachelor's,Sales Manager,Government,8.5,Bangalore,Full-time,Small (51-200),Remote,1104756.38,"Java, Leadership, SQL, Machine Learning",3,1,2122505.21
30,Female,Master's,Data Analyst,Retail,6.7,Mumbai,Full-time,Small (51-200),Remote,656929.92,"Communication, Project Management, Data Analysis, C++, Machine Learning",2,0,1002728.02
29,Male,Master's,DevOps Engineer,Finance,4.9,Mumbai,Full-time,Small (51-200),On-site,2884717.77,"JavaScript, Project Management, Data Analysis",2,0,2913856.33
30,Male,Bachelor's,HR Executive,Manufacturing,5.8,Bangalore,Full-time,Small (51-200),Hybrid,516019.59,"Project Management, Python",1,0,562245.51
26,Female,Bachelor's,Graphic Designer,Healthcare,4.9,Delhi NCR,Full-time,Medium (201-1000),On-site,418983.06,"Data Analysis, C++, Java",3,0,837396.27
31,Female,Bachelor's,QA Engineer,Retail,3.1,Mumbai,Full-time,Enterprise (5000+),Hybrid,740721.21,"SQL, Java",0,0,1024861.34
34,Male,Master's,Operations Manager,Finance,5.4,Pune,Full-time,Medium (201-1000),Hybrid,1548747.31,"Communication, C++, JavaScript, Excel, Cloud Computing",1,1,2211707.2
26,Male,Master's,Operations Manager,Education,2.4,Pune,Full-time,Enterprise (5000+),On-site,1179282.22,"JavaScript, Python",0,1,1704692.78
23,Male,Master's,Research Scientist,Healthcare,2.6,Delhi NCR,Full-time,Startup (1-50),On-site,1735117.4,"JavaScript, Cloud Computing",3,0,2203322.89
34,Male,Master's,HR Executive,Finance,10.6,Ahmedabad,Full-time,Enterprise (5000+),Hybrid,864609.79,"Python, C++, Leadership, Communication, Excel",1,1,1077765.57
22,Male,Bachelor's,UX Designer,Healthcare,4.5,Hyderabad,Full-time,Small (51-200),Remote,1251073.97,"C++, Communication, Project Management, Leadership",2,0,1298618.1
34,Male,Bachelor's,Graphic Designer,Media,1.1,Pune,Full-time,Startup (1-50),Remote,252325.96,"Machine Learning, C++, Cloud Computing",1,0,497756.69
27,Male,Diploma,Accountant,Education,6.7,Kolkata,Freelance,Medium (201-1000),Remote,348301.2,"SQL, C++, Machine Learning, Java",0,1,449480.66
22,Male,Bachelor's,Data Scientist,Retail,1.4,Ahmedabad,Full-time,Enterprise (5000+),Hybrid,1010946.36,"Java, Leadership",0,0,1394985.07
22,Male,Bachelor's,DevOps Engineer,Media,3.1,Chennai,Full-time,Startup (1-50),On-site,1530317.0,"JavaScript, Leadership, Python, C++",2,0,1545774.75
29,Male,Bachelor's,UX Designer,Telecommunications,5.4,Hyderabad,Full-time,Startup (1-50),On-site,1112055.98,"Machine Learning, Project Management, JavaScript",1,0,1186675.13
29,Female,Diploma,Research Scientist,Media,8.5,Chennai,Full-time,Startup (1-50),On-site,1268752.14,"Machine Learning, Project Management, Python, JavaScript, C++",2,0,1281567.82
25,Female,Bachelor's,Customer Support Executive,Information Technology,3.1,Hyderabad,Full-time,Enterprise (5000+),Remote,386740.3,"Java, SQL, Communication",3,0,624724.18
41,Female,Master's,Data Analyst,Information Technology,13.1,Jaipur,Full-time,Startup (1-50),Hybrid,905942.26,"Excel, Communication, Leadership, C++, Data Analysis",2,0,1025614.85
41,Male,Master's,Accountant,Information Technology,13.4,Bangalore,Contract,Enterprise (5000+),On-site,746654.99,"Leadership, Java",3,0,1683747.07
23,Male,Bachelor's,Marketing Manager,Information Technology,3.7,Remote (India),Full-time,Enterprise (5000+),On-site,1313589.91,"Machine Learning, Python, Java, C++, Data Analysis",3,1,2313433.54
23,Male,PhD,QA Engineer,Healthcare,5.0,Chennai,Full-time,Small (51-200),Remote,982516.14,"Project Management, Java, SQL, Cloud Computing",3,0,1447083.11
37,Male,Master's,Business Analyst,Manufacturing,20.0,Bangalore,Full-time,Small (51-200),Remote,1314625.92,"C++, Java, Machine Learning, Data Analysis, JavaScript",0,0,1693739.17
41,Female,Bachelor's,Administrative Assistant,Education,15.1,Kolkata,Full-time,Large (1000-5000),Remote,256437.3,"Python, Machine Learning, Communication, Excel, Data Analysis",1,0,430727.28
54,Female,Bachelor's,Research Scientist,Healthcare,22.4,Bangalore,Full-time,Small (51-200),Hybrid,2339884.9,"JavaScript, Data Analysis, Project Management, C++, Cloud Computing",1,0,2881032.93
23,Male,Bachelor's,Marketing Manager,Manufacturing,1.8,Mumbai,Full-time,Startup (1-50),Remote,1013197.97,"Machine Learning, Cloud Computing",1,1,1391805.31
30,Female,PhD,Data Analyst,Government,7.3,Ahmedabad,Full-time,Startup (1-50),On-site,600318.77,"Communication, Python, Project Management, Excel",1,0,814688.45
37,Male,Master's,UX Designer,Manufacturing,6.9,Delhi NCR,Contract,Startup (1-50),Hybrid,854579.61,"Excel, Machine Learning, Cloud Computing, Project Management",1,0,1428101.46
27,Male,Diploma,HR Executive,Manufacturing,8.4,Bangalore,Full-time,Enterprise (5000+),Remote,338354.45,"Project Management, Cloud Computing, Data Analysis, C++, Excel",1,0,651461.97
26,Male,Bachelor's,Marketing Manager,Media,6.9,Kolkata,Full-time,Medium (201-1000),Hybrid,898295.85,"Project Management, JavaScript, SQL, Data Analysis",0,1,1430218.46
33,Male,Bachelor's,Research Scientist,Finance,8.1,Jaipur,Full-time,Startup (1-50),On-site,1336154.33,"Project Management, JavaScript, Communication",0,0,1349650.84
39,Female,High School,Sales Executive,Retail,11.0,Remote (India),Full-time,Large (1000-5000),Hybrid,519067.82,"Data Analysis, Python",1,0,524310.93
32,Female,Bachelor's,Financial Analyst,Telecommunications,7.1,Jaipur,Freelance,Startup (1-50),On-site,531758.87,"Excel, Python, Data Analysis, C++",2,0,678303.48
28,Female,Master's,Data Analyst,Finance,2.7,Chennai,Full-time,Startup (1-50),Remote,923480.72,"Java, Cloud Computing, Excel, Machine Learning, Data Analysis",0,0,945260.12
26,Male,Master's,Operations Manager,Education,2.2,Mumbai,Full-time,Startup (1-50),Remote,1678525.93,"Data Analysis, Python, Project Management, Leadership, SQL",2,1,1695480.74
33,Female,Master's,DevOps Engineer,Retail,9.7,Ahmedabad,Full-time,Small (51-200),On-site,1735671.52,"Machine Learning, C++, Leadership, Java, Communication",0,0,1753203.56
31,Female,Master's,Operations Manager,Manufacturing,5.0,Kolkata,Freelance,Enterprise (5000+),Remote,1051042.05,"Python, Communication, JavaScript",2,1,1763815.49
34,Male,Bachelor's,Sales Executive,Consulting,5.2,Jaipur,Full-time,Enterprise (5000+),Remote,526982.23,"JavaScript, Machine Learning, Java",1,0,882686.74
21,Male,Master's,Content Writer,Consulting,2.2,Chennai,Contract,Enterprise (5000+),Remote,520136.44,"Java, Machine Learning, JavaScript, Project Management, Cloud Computing",1,0,927806.98
29,Male,Master's,Project Manager,Government,6.2,Mumbai,Full-time,Enterprise (5000+),On-site,1224459.11,"C++, Leadership",1,1,2306570.91
24,Female,Bachelor's,QA Engineer,Government,3.0,Pune,Full-time,Small (51-200),Remote,561734.15,"Java, SQL, Machine Learning, Project Management",1,0,723583.11
28,Female,Bachelor's,Content Writer,Finance,3.4,Chennai,Full-time,Medium (201-1000),Hybrid,639733.77,"C++, SQL, JavaScript, Machine Learning, Java",0,0,678627.93
22,Female,Bachelor's,Administrative Assistant,Media,4.3,Pune,Full-time,Medium (201-1000),On-site,275186.92,"Excel, Data Analysis, Machine Learning, SQL, Java",1,0,377439.81
33,Male,Bachelor's,Business Analyst,Consulting,5.6,Bangalore,Full-time,Startup (1-50),Hybrid,940862.92,"Project Management, Cloud Computing, Leadership, Excel, C++",2,0,1075462.63
38,Female,Master's,Software Engineer,Manufacturing,11.1,Remote (India),Full-time,Enterprise (5000+),Remote,991681.56,"Excel, Communication, SQL, Machine Learning",3,0,1804007.68
29,Male,Bachelor's,Product Manager,Finance,2.9,Delhi NCR,Full-time,Startup (1-50),Remote,2132963.18,"Python, SQL, Communication",2,1,2654085.83
44,Male,Bachelor's,Graphic Designer,Finance,17.1,Remote (India),Full-time,Startup (1-50),Remote,704611.45,"Data Analysis, Python, C++, Excel, Communication",3,0,817578.64
34,Female,Master's,Data Scientist,Manufacturing,10.2,Remote (India),Full-time,Startup (1-50),On-site,1220835.13,"Machine Learning, Cloud Computing, Data Analysis, Communication",1,0,1946629.81
33,Male,Diploma,Content Writer,Telecommunications,12.1,Kolkata,Full-time,Small (51-200),On-site,441290.83,"Cloud Computing, Python, Java, Communication, C++",0,0,509783.13
25,Male,Bachelor's,UX Designer,Consulting,1.6,Chennai,Full-time,Large (1000-5000),On-site,646039.07,"C++, Python, Data Analysis",1,0,1250063.57
40,Female,Bachelor's,QA Engineer,Telecommunications,7.1,Ahmedabad,Full-time,Small (51-200),Remote,762310.13,"Leadership, Java, Machine Learning",2,0,770010.23
31,Male,High School,Executive Director,Media,2.1,Delhi NCR,Full-time,Startup (1-50),Remote,3417709.88,"Cloud Computing, JavaScript, Data Analysis, Communication",0,1,3452232.2
31,Male,Diploma,Administrative Assistant,Manufacturing,3.7,Remote (India),Full-time,Enterprise (5000+),Remote,229412.87,"Communication, Leadership, Java, Excel, JavaScript",0,0,334913.51
29,Male,Master's,Sales Manager,Information Technology,10.1,Delhi NCR,Full-time,Medium (201-1000),On-site,2441601.07,"Java, Cloud Computing, C++",0,1,3090999.47
29,Female,Master's,Financial Analyst,Consulting,4.4,Remote (India),Full-time,Small (51-200),Hybrid,1113259.2,"Project Management, Cloud Computing, Leadership",3,0,1124504.24
40,Male,Bachelor's,Data Scientist,Telecommunications,11.4,Chennai,Full-time,Startup (1-50),Hybrid,1031585.36,"Python, Excel, Project Management, Data Analysis, Java",1,0,1722032.67
44,Male,Bachelor's,Data Scientist,Healthcare,10.2,Bangalore,Full-time,Medium (201-1000),Hybrid,1666229.95,"Excel, C++, Cloud Computing",2,0,2334007.56
27,Male,Bachelor's,Sales Executive,Information Technology,8.2,Mumbai,Full-time,Small (51-200),Remote,705814.58,"JavaScript, Machine Learning",0,0,915927.79
32,Male,Master's,HR Manager,Consulting,,Ahmedabad,Full-time,Startup (1-50),Hybrid,1298053.77,"Leadership, Project Management, SQL, Python",3,1,1593182.45
28,Female,Bachelor's,DevOps Engineer,Information Technology,3.6,Hyderabad,Full-time,Startup (1-50),Remote,1693802.13,"Machine Learning, Java, Python",3,0,1856434.65
36,Male,Master's,Product Manager,Consulting,13.1,Hyderabad,Full-time,Enterprise (5000+),Hybrid,3579430.97,"Machine Learning, C++, Cloud Computing, Communication",0,1,5889953.39
32,Male,Master's,Executive Director,Education,10.5,Kolkata,Full-time,Startup (1-50),Remote,3466169.9,"Communication, SQL, Data Analysis",0,1,4956016.82
21,Male,High School,Marketing Manager,Education,4.2,Mumbai,Contract,Startup (1-50),Remote,779161.82,"Communication, Data Analysis, Leadership, JavaScript, Java",0,1,925119.83
28,Male,Bachelor's,Accountant,Media,3.6,Kolkata,Full-time,Large (1000-5000),On-site,403391.53,"Excel, Cloud Computing, Leadership, Machine Learning, C++",0,0,685585.74
31,Female,Diploma,DevOps Engineer,Telecommunications,0.7,Ahmedabad,Full-time,Small (51-200),Hybrid,836848.76,"Project Management, Machine Learning, Data Analysis",3,0,1180252.57
21,Male,Master's,Executive Director,Manufacturing,6.1,Mumbai,Full-time,Startup (1-50),Remote,5939827.96,"Leadership, Machine Learning, Cloud Computing, Project Management",0,1,6414302.04
33,Female,Master's,Sales Manager,Healthcare,6.5,Chennai,Full-time,Startup (1-50),On-site,1462132.84,"Project Management, Excel, Communication",0,1,1852825.98
32,Male,Diploma,HR Executive,Retail,11.4,Ahmedabad,Full-time,Large (1000-5000),Remote,217111.36,"Communication, Java, Leadership, Machine Learning",0,0,569776.52
25,Male,High School,Software Engineer,Consulting,3.9,Remote (India),Full-time,Enterprise (5000+),On-site,822536.12,"Python, SQL, Java",3,0,1078389.98
33,Male,PhD,Sales Executive,Healthcare,3.0,Bangalore,Full-time,Medium (201-1000),Hybrid,899049.31,"Java, JavaScript, Machine Learning",3,0,1157212.51
21,Male,Bachelor's,Operations Manager,Retail,7.4,Ahmedabad,Part-time,Large (1000-5000),On-site,423226.45,"Leadership, JavaScript",2,1,847980.52
28,Female,Bachelor's,Content Writer,Government,5.3,Bangalore,Full-time,Small (51-200),Hybrid,597571.96,"Cloud Computing, Leadership, Machine Learning, Data Analysis, Excel",0,0,631676.18
32,Male,Bachelor's,Accountant,Information Technology,5.5,Kolkata,Full-time,Startup (1-50),Remote,700921.37,"Machine Learning, JavaScript, Cloud Computing",1,0,708001.38
40,Male,Master's,DevOps Engineer,Information Technology,16.5,Jaipur,Full-time,Startup (1-50),On-site,2271940.11,"Python, Java",0,0,2294889.0
29,Female,Master's,Senior Software Engineer,Information Technology,3.4,Bangalore,Full-time,Startup (1-50),Remote,,"Cloud Computing, JavaScript, Java, Leadership, Project Management",1,0,3076826.79
39,Male,Bachelor's,Research Scientist,Healthcare,13.3,Kolkata,Full-time,Enterprise (5000+),Hybrid,1496369.26,"Data Analysis, C++, JavaScript, Communication, SQL",2,0,2589993.95
31,Male,Diploma,Administrative Assistant,Finance,12.7,Remote (India),Full-time,Small (51-200),On-site,292279.33,"Machine Learning, Cloud Computing, Excel, Java, SQL",0,1,481601.33
30,Male,Bachelor's,Project Manager,Information Technology,1.2,Ahmedabad,Full-time,Startup (1-50),On-site,1288388.5,"Cloud Computing, Leadership",1,1,1301402.52
29,Male,Bachelor's,Data Analyst,Education,6.4,Chennai,Full-time,Enterprise (5000+),Remote,440962.29,"Java, Leadership, Project Management, Python, C++",2,0,852924.44
31,Female,Master's,QA Engineer,Telecommunications,1.5,Hyderabad,Full-time,Small (51-200),Remote,981248.38,"SQL, Java, Excel",3,0,1104486.01
29,Female,Bachelor's,Data Scientist,Government,4.3,Hyderabad,Full-time,Small (51-200),Hybrid,863069.48,"Leadership, C++, SQL, Communication, Python",0,0,1508643.44
30,Male,Bachelor's,Content Writer,Consulting,1.3,Kolkata,Full-time,Small (51-200),On-site,383001.97,"Cloud Computing, Project Management",0,0,487333.76
31,Male,Bachelor's,Content Writer,Telecommunications,6.9,Pune,Full-time,Startup (1-50),Hybrid,392778.29,"Cloud Computing, Python, Java, Excel, Machine Learning",2,0,606490.71
30,Male,Bachelor's,Operations Manager,Retail,2.2,Remote (India),Full-time,Enterprise (5000+),Hybrid,746621.24,"Project Management, Machine Learning",3,1,1596098.68
30,Male,Diploma,HR Manager,Telecommunications,2.7,Remote (India),Full-time,Small (51-200),On-site,903201.2,"Excel, JavaScript",0,1,1077292.16
31,Male,Bachelor's,Product Manager,Manufacturing,4.4,Ahmedabad,Full-time,Enterprise (5000+),Remote,1576653.79,"Cloud Computing, Communication, Machine Learning, Leadership, Excel",0,1,2504208.41
26,Male,Bachelor's,Content Writer,Media,8.5,Chennai,Full-time,Startup (1-50),Remote,428510.55,"Cloud Computing, Excel, Communication",0,0,540250.24
38,Male,Bachelor's,Project Manager,Manufacturing,13.8,Ahmedabad,Full-time,Startup (1-50),Remote,1185513.6,"JavaScript, Machine Learning, Excel",2,1,1569314.12
33,Female,Bachelor's,DevOps Engineer,Information Technology,4.8,Mumbai,Freelance,Medium (201-1000),On-site,2173432.64,"Python, Excel, Communication, C++, Project Management",3,1,2950863.33
37,Male,PhD,Accountant,Manufacturing,11.3,Hyderabad,Full-time,Small (51-200),Hybrid,927022.2,"Machine Learning, Leadership",3,0,936386.06
26,Male,Master's,HR Manager,Manufacturing,4.0,Kolkata,Full-time,Startup (1-50),Remote,1343361.79,"JavaScript, Cloud Computing, Java, Communication, Excel",3,1,1371732.21
28,Male,Master's,Sales Executive,Manufacturing,3.7,Delhi NCR,Full-time,Enterprise (5000+),Hybrid,950795.3,"Java, Python, Machine Learning",3,0,1027955.88
28,Male,PhD,Marketing Manager,Education,7.6,Kolkata,Full-time,Large (1000-5000),Remote,1045594.93,"Python, C++, Communication, Project Management",0,1,2037285.18
35,Female,Master's,QA Engineer,Healthcare,8.8,Remote (India),Full-time,Small (51-200),On-site,1089840.42,"Java, Data Analysis, Leadership, Communication",2,1,1182518.56
28,Female,PhD,Business Analyst,Finance,1.6,Bangalore,Full-time,Large (1000-5000),On-site,1178425.85,"Project Management, Excel, JavaScript",1,0,1776732.94
44,Male,Master's,UX Designer,Healthcare,17.4,Jaipur,Freelance,Enterprise (5000+),Hybrid,984170.44,"C++, Excel, Communication, Data Analysis, Cloud Computing",0,0,1780132.7
35,Male,Master's,Product Manager,Government,9.6,Chennai,Full-time,Small (51-200),Remote,2474913.7,"Project Management, Excel",0,1,2499912.83
38,Female,Bachelor's,QA Engineer,Consulting,13.7,Kolkata,Full-time,Startup (1-50),On-site,807972.51,"Excel, Communication, SQL",3,0,937173.9
35,Male,Master's,Accountant,Information Technology,11.9,Ahmedabad,Full-time,Startup (1-50),On-site,711848.76,"Data Analysis, Cloud Computing",1,0,786332.08
33,Male,PhD,QA Engineer,Information Technology,2.2,Delhi NCR,Full-time,Small (51-200),Remote,1317521.86,"Project Management, Communication, Leadership, Cloud Computing",0,1,1725242.41
26,Male,Master's,Executive Director,Finance,1.2,Chennai,Full-time,Enterprise (5000+),Remote,5656915.2,"C++, Python, Machine Learning",0,1,8877076.79
35,Female,Bachelor's,Marketing Manager,Consulting,7.5,Jaipur,Full-time,Large (1000-5000),Remote,1313265.59,"C++, Python, Data Analysis",0,1,1813042.55
38,Male,Master's,Accountant,Telecommunications,16.6,Mumbai,Full-time,Small (51-200),Hybrid,898726.21,"Python, Excel, Machine Learning, Data Analysis, Project Management",3,0,1512866.54
25,Male,Bachelor's,Software Engineer,Government,2.1,Mumbai,Full-time,Small (51-200),On-site,925677.22,"Excel, Java",1,1,1199343.47
40,Female,Bachelor's,Software Engineer,Education,17.4,Hyderabad,Full-time,Large (1000-5000),On-site,888674.41,"Project Management, Excel, Leadership",0,0,1341381.46
40,Male,Master's,HR Executive,Education,18.3,Kolkata,Contract,Enterprise (5000+),Hybrid,389848.35,"JavaScript, Leadership",3,1,1034700.72
39,Male,Bachelor's,Project Manager,Consulting,14.4,Bangalore,Full-time,Medium (201-1000),Hybrid,1998142.96,"Project Management, C++, JavaScript, Data Analysis, Communication",1,1,2840356.56
38,Female,Diploma,QA Engineer,Finance,10.6,Delhi NCR,Full-time,Medium (201-1000),Remote,733176.79,"Excel, JavaScript, Java, SQL, Project Management",1,0,1312936.6
29,Female,Bachelor's,Project Manager,Government,5.6,Mumbai,Full-time,Large (1000-5000),On-site,1251944.74,"C++, Python, Communication, Project Management, Machine Learning",0,1,1852308.92
26,Male,Diploma,Research Scientist,Education,4.8,Jaipur,Freelance,Enterprise (5000+),Remote,591252.13,"Data Analysis, C++, Excel, Project Management, Python",2,0,1192613.24
29,Female,Bachelor's,Senior Software Engineer,Manufacturing,4.6,Bangalore,Full-time,Large (1000-5000),On-site,1924813.48,"Communication, Python, Leadership, C++",3,0,2661129.01
24,Female,Master's,Research Scientist,Education,1.3,Bangalore,Full-time,Large (1000-5000),Hybrid,1651104.24,"Machine Learning, Data Analysis, Communication",2,0,2232950.73
35,Male,High School,Graphic Designer,Healthcare,6.4,Bangalore,Full-time,Small (51-200),Hybrid,285800.01,"C++, Java, Python, Leadership",1,0,502263.19
34,Female,Bachelor's,Senior Software Engineer,Government,9.8,Chennai,Full-time,Medium (201-1000),Remote,1604763.32,"JavaScript, Excel, Project Management, Data Analysis, Machine Learning",3,0,2226271.15
37,Female,Bachelor's,Research Scientist,Retail,11.5,Bangalore,Full-time,Enterprise (5000+),Remote,1665937.8,"Leadership, Project Management, JavaScript",3,0,2675890.0
34,Female,PhD,UX Designer,Government,8.4,Kolkata,Full-time,Startup (1-50),On-site,1032869.2,"Java, Project Management, JavaScript, Machine Learning, Python",1,0,1157070.34
29,Male,Master's,Data Scientist,Education,3.6,Kolkata,Full-time,Large (1000-5000),Remote,1041927.81,"Data Analysis, Excel, Machine Learning",0,0,1548368.22
32,Female,Master's,Product Manager,Media,3.7,Chennai,Full-time,Large (1000-5000),Hybrid,2553029.69,"Cloud Computing, Data Analysis, Excel",3,1,3545188.46
42,Male,Bachelor's,Senior Software Engineer,Finance,9.6,Ahmedabad,Full-time,Medium (201-1000),Hybrid,1661721.17,"Machine Learning, Cloud Computing, Data Analysis, SQL, JavaScript",0,0,2770281.07
28,Female,Master's,Operations Manager,Telecommunications,8.4,Delhi NCR,Full-time,Small (51-200),On-site,1745161.99,"Project Management, Java, Data Analysis, Python, Machine Learning",0,1,2389615.39
25,Male,Bachelor's,HR Executive,Manufacturing,1.6,Delhi NCR,Full-time,Enterprise (5000+),Hybrid,551896.6,"Machine Learning, Communication, C++, Data Analysis",3,0,802466.86
36,Male,Bachelor's,Data Analyst,Government,7.6,Mumbai,Full-time,Enterprise (5000+),Remote,1024352.91,"Java, C++, Project Management, SQL, Excel",2,1,1515966.1
31,Female,Master's,DevOps Engineer,Healthcare,6.0,Chennai,Full-time,Startup (1-50),On-site,2385316.38,"Data Analysis, JavaScript, Cloud Computing, Project Management",1,1,2409410.49
36,Male,Bachelor's,Sales Executive,Finance,13.0,Pune,Full-time,Large (1000-5000),On-site,804207.16,"Data Analysis, Excel, Java",2,1,1172230.15
36,Male,High School,Data Analyst,Telecommunications,16.8,Pune,Full-time,Small (51-200),On-site,700520.07,"Communication, Python, C++",0,0,744753.68
36,Female,Diploma,Project Manager,Consulting,8.1,Jaipur,Full-time,Startup (1-50),On-site,886167.16,"Java, Communication, Cloud Computing",3,1,1164289.91
37,Male,PhD,HR Manager,Manufacturing,12.6,Jaipur,Full-time,Small (51-200),On-site,1287344.21,"C++, Communication, Python, Machine Learning",3,1,1925096.19
26,Male,Master's,Content Writer,Consulting,2.1,Hyderabad,Full-time,Enterprise (5000+),Hybrid,453572.84,"Machine Learning, Cloud Computing, Leadership, C++, SQL",2,0,1030439.51
36,Male,Bachelor's,Sales Executive,Telecommunications,5.9,Mumbai,Full-time,Startup (1-50),Remote,737818.64,"Excel, Machine Learning, Leadership",1,0,763801.97
30,Male,Master's,Marketing Manager,Finance,5.9,Chennai,Full-time,Large (1000-5000),Remote,1354342.66,"Excel, Machine Learning",3,1,2754218.19
22,Male,Bachelor's,Project Manager,Information Technology,2.0,Pune,Full-time,Small (51-200),Hybrid,1490038.18,"Communication, C++, SQL, JavaScript, Project Management",0,1,1764561.07
21,Male,Bachelor's,Product Manager,Retail,5.0,Bangalore,Full-time,Medium (201-1000),Remote,1753574.42,"Java, Python, Cloud Computing, Machine Learning",1,1,2848249.3
39,Female,High School,Senior Software Engineer,Healthcare,10.5,Jaipur,Full-time,Startup (1-50),Hybrid,1308237.78,"SQL, Machine Learning, Data Analysis, Project Management, C++",1,1,1546877.68
21,Female,Master's,Accountant,Manufacturing,4.7,Kolkata,Full-time,Startup (1-50),On-site,398788.15,"Java, JavaScript, Project Management",3,0,567515.08
28,Female,Bachelor's,Research Scientist,Healthcare,8.6,Jaipur,Full-time,Medium (201-1000),Remote,1095193.9,"Communication, Project Management, Excel, JavaScript",0,1,2127063.2
25,Male,Bachelor's,Executive Director,Manufacturing,3.2,Remote (India),Full-time,Large (1000-5000),On-site,3763552.95,"C++, Python, Project Management, Machine Learning, SQL",3,1,6008388.04
32,Male,PhD,Administrative Assistant,Manufacturing,5.2,Mumbai,Freelance,Startup (1-50),Hybrid,450077.72,"Excel, Communication, Project Management, SQL",3,0,488510.45
27,Male,PhD,Financial Analyst,Manufacturing,6.4,Remote (India),Full-time,Large (1000-5000),Remote,1097745.88,"Java, Machine Learning",1,0,1512617.83
30,Female,High School,Administrative Assistant,Telecommunications,3.7,Kolkata,Freelance,Medium (201-1000),Hybrid,193783.28,"C++, Project Management",0,0,241373.36
34,Female,Bachelor's,Content Writer,Retail,6.2,Kolkata,Full-time,Large (1000-5000),Remote,276769.3,"Machine Learning, Leadership, Project Management, Java, JavaScript",1,0,549610.76
29,Female,Bachelor's,Senior Software Engineer,Telecommunications,,Pune,Full-time,Small (51-200),Remote,1747044.94,"C++, JavaScript, Cloud Computing, Python",2,0,1771975.15
36,Male,Master's,Business Analyst,Consulting,9.2,Chennai,Full-time,Large (1000-5000),Remote,948285.95,"Communication, Java, Leadership",1,0,1447222.04
39,Female,Bachelor's,Executive Director,Government,7.2,Remote (India),Part-time,Startup (1-50),Hybrid,2118413.96,"Java, Communication, Data Analysis",0,1,2187609.06
29,Male,Bachelor's,Sales Manager,Manufacturing,8.7,Jaipur,Full-time,Large (1000-5000),Remote,1187621.63,"SQL, Excel, Python, Communication",0,1,1774918.99
23,Female,Diploma,HR Executive,Healthcare,1.4,Ahmedabad,Full-time,Small (51-200),On-site,252485.57,"SQL, C++, Communication, Cloud Computing",2,0,383273.88
31,Male,Bachelor's,Graphic Designer,Government,3.9,Pune,Full-time,Large (1000-5000),Hybrid,402423.9,"Communication, JavaScript, Data Analysis, SQL, Java",0,0,683178.02
36,Female,Diploma,Project Manager,Telecommunications,11.0,Delhi NCR,Full-time,Small (51-200),Remote,1573311.87,"Data Analysis, Cloud Computing, Python, Excel",2,1,1589203.91
34,Male,Master's,HR Manager,Telecommunications,1.2,Bangalore,Full-time,Large (1000-5000),Hybrid,1752696.32,"Data Analysis, JavaScript, Machine Learning, Project Management",0,1,2227865.59
22,Female,Bachelor's,Financial Analyst,Telecommunications,1.3,Jaipur,Full-time,Enterprise (5000+),On-site,696682.11,"Java, Cloud Computing, Project Management, Python, Communication",0,0,994508.33
43,Male,Master's,DevOps Engineer,Manufacturing,9.1,Mumbai,Full-time,Small (51-200),Remote,2782241.28,"JavaScript, Communication, SQL, Project Management, Java",3,0,2810344.73
40,Male,Master's,Financial Analyst,Retail,6.7,Jaipur,Full-time,Medium (201-1000),On-site,1026975.09,"Java, C++",0,1,1037348.58
34,Female,Bachelor's,Administrative Assistant,Consulting,9.4,Mumbai,Full-time,Large (1000-5000),Remote,450084.2,"Cloud Computing, Java, Communication",1,0,685518.57
25,Female,Bachelor's,Senior Software Engineer,Education,5.7,Kolkata,Full-time,Medium (201-1000),On-site,1005992.44,"C++, Cloud Computing, Java",0,1,2049612.13
42,Male,Master's,Data Scientist,Retail,18.0,Pune,Full-time,Medium (201-1000),Remote,1735856.13,"Communication, Project Management, JavaScript",1,0,2483911.18
30,Female,Master's,Sales Manager,Government,6.3,Remote (India),Part-time,Small (51-200),On-site,806621.55,"Data Analysis, JavaScript",0,1,840921.99
36,Female,Master's,Product Manager,Government,13.0,Jaipur,Part-time,Medium (201-1000),Hybrid,1325200.32,"Cloud Computing, Communication, Machine Learning, Python",1,1,1746758.66
25,Male,Master's,Software Engineer,Media,4.6,Pune,Freelance,Medium (201-1000),Hybrid,831400.2,"SQL, Machine Learning, Python, Leadership",3,0,1077202.28
38,Male,High School,Accountant,Consulting,13.1,Pune,Full-time,Startup (1-50),Remote,496096.84,"Leadership, Machine Learning, Java",2,0,744780.19
26,Female,Master's,Marketing Manager,Government,2.0,Remote (India),Full-time,Small (51-200),Remote,1253852.97,"Data Analysis, Leadership, Project Management, Machine Learning, JavaScript",1,1,1523735.87
29,Male,Master's,Senior Software Engineer,Information Technology,6.6,Mumbai,Full-time,Small (51-200),On-site,3112279.18,"Communication, Data Analysis, SQL, Java",1,0,3601993.64
33,Male,Bachelor's,Executive Director,Education,9.8,Hyderabad,Full-time,Large (1000-5000),Hybrid,3883827.29,"Project Management, JavaScript, Leadership, Python",2,1,6215641.01
22,Male,Bachelor's,Senior Software Engineer,Consulting,2.2,Delhi NCR,Full-time,Startup (1-50),Hybrid,1809850.87,"Excel, SQL",0,0,1828132.19
25,Male,Bachelor's,Financial Analyst,Manufacturing,2.0,Chennai,Full-time,Medium (201-1000),On-site,612965.21,"Java, Machine Learning, Cloud Computing, C++",0,0,827035.81
37,Male,Bachelor's,Sales Executive,Government,17.6,Jaipur,Full-time,Small (51-200),Remote,599441.57,"Leadership, Cloud Computing, C++",3,0,657689.7
27,Male,Master's,Customer Support Executive,Education,2.8,Delhi NCR,Full-time,Large (1000-5000),Remote,346854.92,"C++, Machine Learning, Python, SQL, Project Management",3,0,629899.97
33,Female,Master's,Project Manager,Consulting,9.3,Ahmedabad,Full-time,Startup (1-50),Hybrid,1365548.33,"Data Analysis, SQL, Java",1,1,1750490.25
28,Male,Bachelor's,Accountant,Education,2.7,Kolkata,Full-time,Enterprise (5000+),Hybrid,321984.86,"Leadership, JavaScript, C++, Project Management, Machine Learning",1,0,626666.87
39,Male,Bachelor's,Research Scientist,Consulting,12.3,Hyderabad,Part-time,Medium (201-1000),On-site,720076.13,"Python, Communication, Leadership",3,0,1127879.24
35,Female,Diploma,Marketing Manager,Retail,6.4,Delhi NCR,Full-time,Medium (201-1000),Remote,1106002.42,"Communication, Cloud Computing, Excel, Leadership",1,1,1301813.93
26,Male,Bachelor's,Executive Director,Media,4.3,Pune,Full-time,Small (51-200),On-site,3438436.3,"Java, Excel",1,1,4035452.78
22,Female,Diploma,QA Engineer,Government,6.3,Bangalore,Full-time,Startup (1-50),On-site,551033.3,"Data Analysis, Machine Learning, Cloud Computing",1,1,718574.65
43,Female,Bachelor's,Sales Executive,Education,13.7,Delhi NCR,Full-time,Startup (1-50),Remote,736715.07,"Leadership, SQL, Data Analysis, Communication, Python",1,0,769139.04
37,Male,Master's,Business Analyst,Retail,9.9,Ahmedabad,Full-time,Enterprise (5000+),On-site,850681.53,"Excel, Machine Learning, SQL, Python, JavaScript",0,0,1173889.29
26,Female,Master's,Software Engineer,Information Technology,3.6,Hyderabad,Full-time,Small (51-200),Remote,1216936.24,"Python, C++, JavaScript, Data Analysis, SQL",1,0,1676863.87
35,Male,Diploma,HR Manager,Telecommunications,13.5,Kolkata,Full-time,Startup (1-50),Remote,1149754.69,"Leadership, Excel, Python",2,1,1180569.25
29,Female,Master's,Graphic Designer,Government,10.4,Ahmedabad,Full-time,Startup (1-50),Hybrid,458189.27,"Excel, Cloud Computing, Leadership, C++, SQL",1,0,585046.92
30,Male,Master's,Administrative Assistant,Media,3.4,Pune,Part-time,Small (51-200),Remote,200236.96,"Python, JavaScript, Java",1,0,228763.89
31,Male,PhD,Sales Executive,Retail,1.7,Jaipur,Part-time,Large (1000-5000),On-site,209421.1,"Project Management, Leadership, Java, SQL, JavaScript",3,0,406439.4
32,Female,High School,Research Scientist,Media,9.6,Ahmedabad,Contract,Large (1000-5000),Remote,931269.23,"SQL, Project Management, JavaScript, Machine Learning, Communication",0,0,1393418.34
38,Male,Diploma,HR Manager,Healthcare,16.7,Remote (India),Full-time,Small (51-200),On-site,1582680.41,"Excel, JavaScript, SQL, C++",3,1,1598667.08
28,Male,Master's,Accountant,Consulting,4.1,Jaipur,Full-time,Enterprise (5000+),Hybrid,680094.91,"SQL, Java, Communication, Excel",0,1,1075168.78
29,Female,Bachelor's,Data Analyst,Government,2.1,Kolkata,Contract,Startup (1-50),Hybrid,482482.89,"Excel, Communication, Cloud Computing, Data Analysis, SQL",3,0,562817.74
33,Male,Master's,Data Scientist,Consulting,8.3,Chennai,Full-time,Medium (201-1000),Hybrid,1928392.47,"Java, Cloud Computing, Data Analysis, Python, JavaScript",1,0,2403668.13
38,Other,Master's,Customer Support Executive,Finance,,Delhi NCR,Full-time,Startup (1-50),Hybrid,725540.8,"Project Management, Python",1,1,789537.48
33,Female,Master's,Data Scientist,Retail,8.1,Jaipur,Full-time,Enterprise (5000+),On-site,1313962.36,"Java, JavaScript, C++, Leadership",3,0,1794842.0
35,Male,Bachelor's,HR Manager,Finance,5.0,Jaipur,Full-time,Small (51-200),On-site,1286157.4,"Communication, SQL",1,1,1299148.89
32,Male,Bachelor's,Accountant,Government,7.4,Remote (India),Full-time,Large (1000-5000),On-site,490873.41,"Leadership, Cloud Computing",2,0,727363.27
33,Male,Diploma,Research Scientist,Information Technology,6.8,Remote (India),Part-time,Large (1000-5000),Remote,694674.26,"C++, Data Analysis",0,0,1098361.44
25,Male,Bachelor's,HR Executive,Finance,5.3,Mumbai,Full-time,Enterprise (5000+),Hybrid,547999.97,"Project Management, SQL, Leadership, Cloud Computing",3,0,994430.24
36,Male,Bachelor's,Research Scientist,Education,6.9,Delhi NCR,Full-time,Large (1000-5000),On-site,1073843.95,"Cloud Computing, SQL, Java",1,0,2159646.42
37,Male,Bachelor's,QA Engineer,Manufacturing,11.4,Delhi NCR,Contract,Enterprise (5000+),Remote,714831.84,"JavaScript, Cloud Computing, Python, Excel",0,0,1166129.67
25,Other,Bachelor's,Operations Manager,Information Technology,1.8,Pune,Full-time,Small (51-200),On-site,1140532.09,"C++, Project Management, SQL",3,1,1670556.18
29,Female,Bachelor's,HR Manager,Information Technology,3.7,Hyderabad,Full-time,Startup (1-50),Remote,840686.63,"Python, Leadership, Machine Learning, JavaScript, Communication",3,1,1722708.12
30,Female,Bachelor's,Software Engineer,Information Technology,6.7,Jaipur,Full-time,Enterprise (5000+),Hybrid,802003.33,"Cloud Computing, Leadership",2,0,1422263.72
24,Male,Master's,Project Manager,Education,0.5,Pune,Full-time,Startup (1-50),On-site,1241238.02,"C++, Java, Machine Learning, Leadership, Data Analysis",0,1,1420913.96
29,Female,Bachelor's,Executive Director,Healthcare,6.5,Ahmedabad,Freelance,Large (1000-5000),Hybrid,2678368.17,"SQL, Data Analysis, JavaScript, Project Management",2,1,4773250.7
25,Male,Bachelor's,HR Manager,Education,7.8,Remote (India),Full-time,Small (51-200),Remote,1056296.64,"Leadership, Project Management",2,1,1148329.59
35,Female,Diploma,Customer Support Executive,Manufacturing,13.6,Hyderabad,Full-time,Startup (1-50),Hybrid,373916.75,"Excel, Data Analysis, Cloud Computing",1,0,377693.68
26,Male,Bachelor's,Research Scientist,Consulting,1.5,Ahmedabad,Full-time,Medium (201-1000),On-site,1004734.05,"Cloud Computing, Java, C++, Excel",0,0,1670367.4
30,Male,Bachelor's,Marketing Manager,Information Technology,4.1,Pune,Full-time,Medium (201-1000),Remote,1340195.97,"SQL, Communication, Machine Learning, Cloud Computing",3,1,1980608.59
38,Male,Bachelor's,HR Manager,Retail,9.2,Mumbai,Full-time,Small (51-200),Remote,1324679.5,"Java, Cloud Computing",1,1,1642068.97
35,Male,PhD,UX Designer,Finance,7.7,Ahmedabad,Full-time,Small (51-200),Remote,1248829.14,"Leadership, Project Management, JavaScript",0,0,1523338.37
31,Male,Diploma,Sales Manager,Retail,4.0,Ahmedabad,Full-time,Enterprise (5000+),Remote,1009675.27,"Excel, SQL, C++",2,1,1461744.32
30,Male,Diploma,Data Scientist,Media,7.2,Bangalore,Full-time,Large (1000-5000),Hybrid,,"Python, Communication, Excel",3,1,2022406.13
32,Male,Diploma,HR Manager,Education,3.2,Remote (India),Full-time,Startup (1-50),Hybrid,722931.8,"Project Management, Data Analysis, C++, Cloud Computing",1,1,730234.14
32,Male,High School,Graphic Designer,Finance,7.4,Kolkata,Full-time,Small (51-200),Remote,454109.18,"Project Management, Python",0,0,469571.97
31,Male,Bachelor's,Content Writer,Manufacturing,1.9,Bangalore,Full-time,Enterprise (5000+),On-site,402215.78,"Communication, Machine Learning, Project Management, Excel",3,0,690025.66
32,Male,Master's,Research Scientist,Telecommunications,,Kolkata,Full-time,Medium (201-1000),Remote,1530436.33,"Data Analysis, Machine Learning, Communication, C++, Java",3,0,2645103.92
27,Male,Bachelor's,Product Manager,Education,2.9,Kolkata,Full-time,Medium (201-1000),Remote,1611191.71,"Excel, Python, JavaScript",2,1,1933363.54
27,Female,High School,Financial Analyst,Consulting,1.3,Delhi NCR,Full-time,Enterprise (5000+),Remote,590229.74,"SQL, Excel, Data Analysis, JavaScript",1,0,1032360.08
24,Female,Bachelor's,Content Writer,Information Technology,4.3,Kolkata,Full-time,Small (51-200),On-site,469515.75,"Data Analysis, Leadership, Communication, C++, Python",0,0,635736.44
30,Female,Bachelor's,Product Manager,Media,7.8,Delhi NCR,Full-time,Medium (201-1000),Remote,2352722.5,"C++, Data Analysis, Python",1,1,3025309.35
41,Female,Master's,HR Manager,Retail,10.3,Pune,Full-time,Startup (1-50),Hybrid,1060962.23,"Cloud Computing, Machine Learning, Project Management, Communication",3,1,1727008.17
29,Male,Master's,Financial Analyst,Manufacturing,6.4,Delhi NCR,Contract,Enterprise (5000+),Hybrid,869661.66,"Leadership, Python",0,0,1500311.94
22,Female,High School,Research Scientist,Government,1.4,Chennai,Full-time,Startup (1-50),Remote,708216.64,"SQL, Python",1,0,894467.33
25,Male,Bachelor's,HR Executive,Government,6.4,Jaipur,Full-time,Enterprise (5000+),Remote,271286.83,"Data Analysis, JavaScript, SQL, Leadership, Python",0,0,554157.14
30,Other,Master's,Customer Support Executive,Finance,5.0,Remote (India),Full-time,Medium (201-1000),Hybrid,452769.8,"Cloud Computing, JavaScript, Communication",0,0,541980.81
32,Male,High School,Project Manager,Retail,5.6,Jaipur,Full-time,Large (1000-5000),On-site,425568.07,"Project Management, JavaScript",1,1,1036118.52
32,Male,Master's,Marketing Manager,Government,13.7,Remote (India),Part-time,Startup (1-50),Remote,764078.89,"Communication, Leadership, Machine Learning, Excel, Project Management",3,1,986005.11
32,Male,Master's,Senior Software Engineer,Manufacturing,4.5,Mumbai,Full-time,Small (51-200),On-site,1852278.29,"Cloud Computing, Communication",0,0,2436453.79
31,Female,Bachelor's,Customer Support Executive,Information Technology,9.5,Mumbai,Full-time,Large (1000-5000),Hybrid,567848.72,"Leadership, JavaScript",3,0,809833.04
36,Female,Master's,Data Analyst,Healthcare,13.4,Mumbai,Full-time,Medium (201-1000),Hybrid,1504342.32,"Communication, Leadership, C++, JavaScript, Machine Learning",0,1,1983463.75
28,Male,Master's,Research Scientist,Manufacturing,2.2,Chennai,Full-time,Medium (201-1000),Remote,1751518.76,"Project Management, Leadership",3,0,1831773.38
31,Male,Bachelor's,Graphic Designer,Finance,6.0,Kolkata,Full-time,Medium (201-1000),Remote,668094.84,"Java, Leadership, Communication, Excel",2,1,901668.8
23,Male,PhD,HR Executive,Government,1.3,Remote (India),Full-time,Medium (201-1000),Remote,360158.59,"JavaScript, C++, Python, Project Management, Excel",3,0,721039.05
37,Male,High School,Data Analyst,Retail,8.0,Remote (India),Full-time,Small (51-200),Hybrid,453209.97,"Cloud Computing, Machine Learning, Excel, Data Analysis",3,0,565948.14
38,Female,Bachelor's,Customer Support Executive,Information Technology,7.8,Chennai,Full-time,Large (1000-5000),Remote,502962.07,"Project Management, Leadership, Machine Learning",2,0,696904.59
29,Female,Master's,UX Designer,Consulting,5.9,Remote (India),Full-time,Medium (201-1000),Hybrid,1058334.22,"Project Management, Excel, JavaScript, C++",1,0,1635213.99
33,Male,Bachelor's,Sales Manager,Finance,2.3,Kolkata,Freelance,Enterprise (5000+),On-site,1161654.09,"Python, Communication, JavaScript",3,1,1786465.94
36,Male,Bachelor's,Executive Director,Finance,9.0,Pune,Full-time,Small (51-200),On-site,6310758.25,"Cloud Computing, Project Management, Java",0,1,6374503.28
23,Female,Bachelor's,DevOps Engineer,Healthcare,4.2,Hyderabad,Full-time,Startup (1-50),On-site,1576070.13,"Machine Learning, Cloud Computing, Leadership, Data Analysis",0,0,1909728.78
31,Male,Master's,Product Manager,Retail,13.1,Bangalore,Full-time,Small (51-200),Hybrid,2885938.06,"JavaScript, SQL, Leadership",3,1,3840429.96
41,Male,Bachelor's,Data Analyst,Healthcare,11.7,Jaipur,Full-time,Large (1000-5000),On-site,490642.02,"JavaScript, Cloud Computing, Java, Leadership, SQL",3,0,956353.67
24,Female,Bachelor's,Executive Director,Education,4.2,Jaipur,Full-time,Small (51-200),Remote,2879169.57,"SQL, Project Management, JavaScript, Cloud Computing",1,1,2908252.09
37,Female,High School,Customer Support Executive,Finance,4.9,Ahmedabad,Full-time,Small (51-200),Hybrid,213079.46,"Data Analysis, Project Management, SQL, Communication",0,0,315030.16
34,Male,Diploma,Data Scientist,Education,10.1,Remote (India),Full-time,Large (1000-5000),Remote,922263.53,"Communication, JavaScript, Java, Python",0,0,1195358.06
29,Female,Bachelor's,Operations Manager,Media,2.4,Hyderabad,Full-time,Large (1000-5000),On-site,1100700.22,"Cloud Computing, Java, JavaScript, Excel",3,1,1678390.82
40,Female,Diploma,Sales Manager,Healthcare,6.0,Delhi NCR,Full-time,Enterprise (5000+),Hybrid,1099916.72,"SQL, Leadership, Python, Cloud Computing",3,1,2297678.29
38,Female,Master's,Project Manager,Finance,4.8,Chennai,Contract,Small (51-200),Remote,1670252.78,"Python, Java",3,1,1867647.04
30,Female,Diploma,Operations Manager,Telecommunications,2.4,Delhi NCR,Full-time,Medium (201-1000),Hybrid,1058961.31,"C++, Java, SQL, Communication",3,1,1680835.8
29,Male,Master's,DevOps Engineer,Telecommunications,7.7,Hyderabad,Full-time,Startup (1-50),On-site,2032886.78,"Data Analysis, Project Management, SQL, Excel",1,0,2379761.0
49,Female,Bachelor's,HR Manager,Manufacturing,20.3,Ahmedabad,Part-time,Large (1000-5000),On-site,654149.08,"Data Analysis, Python",0,1,1062779.76
34,Male,Master's,Administrative Assistant,Media,7.7,Jaipur,Full-time,Large (1000-5000),Remote,227848.6,"SQL, Communication, JavaScript",0,0,485347.17
34,Female,Master's,Financial Analyst,Retail,8.4,Hyderabad,Full-time,Small (51-200),Hybrid,1415761.33,"Project Management, Excel, Python, Data Analysis",1,1,1430061.95
35,Female,Bachelor's,Administrative Assistant,Telecommunications,2.1,Kolkata,Full-time,Large (1000-5000),Remote,275329.54,"Cloud Computing, Data Analysis, JavaScript, Leadership",1,0,431377.74
35,Other,Bachelor's,Product Manager,Retail,6.4,Hyderabad,Full-time,Startup (1-50),On-site,2134666.36,"Cloud Computing, Machine Learning, SQL",0,1,2156228.65
31,Female,Bachelor's,Content Writer,Retail,1.9,Chennai,Full-time,Startup (1-50),On-site,393798.24,"Data Analysis, Cloud Computing",3,0,416459.58
32,Male,Bachelor's,Data Analyst,Telecommunications,8.4,Jaipur,Full-time,Startup (1-50),Remote,514465.45,"Machine Learning, C++, SQL, Java",0,0,682494.38
43,Female,Master's,QA Engineer,Telecommunications,18.5,Jaipur,Full-time,Startup (1-50),Remote,991159.43,"Excel, Leadership, Communication",2,0,1017346.61
58,Male,Master's,Administrative Assistant,Retail,26.7,Pune,Full-time,Enterprise (5000+),On-site,518261.83,"Machine Learning, Leadership, Data Analysis",2,0,869690.79
21,Male,Bachelor's,Research Scientist,Manufacturing,1.1,Delhi NCR,Full-time,Medium (201-1000),Remote,1365627.47,"Communication, Data Analysis, Excel, Python",1,0,1639130.74
42,Male,Master's,Executive Director,Government,17.1,Jaipur,Full-time,Small (51-200),On-site,4435649.39,"Python, Excel",0,1,5314153.08
25,Female,Bachelor's,Product Manager,Consulting,4.8,Pune,Full-time,Large (1000-5000),Hybrid,2468299.83,"Java, SQL",0,1,3630098.81
29,Female,Diploma,Data Scientist,Media,4.7,Ahmedabad,Contract,Medium (201-1000),Remote,829484.62,"SQL, Python",0,1,1334860.11
31,Male,Master's,Administrative Assistant,Finance,1.6,Ahmedabad,Full-time,Startup (1-50),Hybrid,431795.94,"Excel, Data Analysis, Communication, Machine Learning, JavaScript",2,1,550750.5
26,Male,PhD,Business Analyst,Education,6.0,Remote (India),Full-time,Large (1000-5000),On-site,813877.84,"Data Analysis, JavaScript",0,0,1027161.58
42,Male,Bachelor's,Research Scientist,Information Technology,17.0,Pune,Full-time,Medium (201-1000),Hybrid,2104138.76,"C++, Communication, SQL, Project Management",1,0,3060302.86
27,Male,Master's,HR Executive,Finance,3.0,Kolkata,Full-time,Enterprise (5000+),Hybrid,587082.01,"Cloud Computing, Leadership, C++, Java, SQL",2,0,921189.16
33,Female,Bachelor's,Project Manager,Government,7.1,Hyderabad,Contract,Small (51-200),Remote,1277893.95,"Leadership, Java, Machine Learning, Excel, C++",3,1,1658477.56
24,Male,Bachelor's,Executive Director,Retail,0.9,Hyderabad,Full-time,Medium (201-1000),Remote,3572240.01,"Java, JavaScript",2,1,5294888.08
27,Female,Diploma,Business Analyst,Consulting,5.0,Delhi NCR,Full-time,Small (51-200),Hybrid,707613.87,"Python, Machine Learning, Excel, Communication, C++",3,0,891720.6
29,Male,Bachelor's,Financial Analyst,Information Technology,5.8,Pune,Full-time,Small (51-200),Hybrid,726490.42,"JavaScript, C++",1,0,1141296.66
21,Male,Bachelor's,HR Manager,Healthcare,2.2,Mumbai,Full-time,Small (51-200),Hybrid,1128718.54,"Cloud Computing, Python, SQL",3,1,1641611.1
21,Female,Bachelor's,Sales Manager,Education,2.0,Delhi NCR,Full-time,Large (1000-5000),On-site,1104850.01,"SQL, Communication, Project Management, C++",1,1,1889843.71
35,Male,Bachelor's,Business Analyst,Information Technology,15.6,Bangalore,Part-time,Enterprise (5000+),Remote,510776.26,"SQL, Machine Learning, Python, JavaScript",2,0,1124433.38
29,Other,Master's,Content Writer,Telecommunications,3.6,Remote (India),Full-time,Small (51-200),Remote,500901.61,"C++, SQL, JavaScript, Leadership",3,0,632407.05
37,Other,Diploma,Senior Software Engineer,Government,4.1,Jaipur,Full-time,Small (51-200),Hybrid,767252.39,"Communication, Cloud Computing, C++, Leadership, JavaScript",3,0,1091078.91
34,Male,PhD,UX Designer,Education,4.8,Jaipur,Full-time,Startup (1-50),Hybrid,708712.25,"JavaScript, C++, Cloud Computing, Python",2,0,970284.63
26,Female,Master's,UX Designer,Consulting,9.9,Ahmedabad,Contract,Medium (201-1000),Remote,750005.29,"JavaScript, C++, Leadership, Python, Data Analysis",1,0,1404329.6
34,Female,High School,Senior Software Engineer,Finance,8.6,Remote (India),Full-time,Startup (1-50),Remote,1266788.3,"Python, Communication, SQL, Data Analysis, Project Management",3,0,1827265.43
29,Female,Master's,Financial Analyst,Government,11.3,Ahmedabad,Full-time,Small (51-200),Remote,727583.95,"Project Management, Java, SQL, Python, Cloud Computing",1,1,1313954.81
24,Male,PhD,Accountant,Government,3.3,Remote (India),Full-time,Startup (1-50),Hybrid,887308.43,"Excel, Java, Machine Learning, Data Analysis, Cloud Computing",2,1,949008.66
32,Male,Bachelor's,HR Executive,Information Technology,8.1,Ahmedabad,Full-time,Small (51-200),Remote,620650.44,"Project Management, Machine Learning, Java, Excel",3,0,626919.64
38,Male,Bachelor's,Customer Support Executive,Government,13.6,Kolkata,Full-time,Large (1000-5000),On-site,271423.58,"Leadership, Excel, C++, Machine Learning, Data Analysis",3,0,533155.47
35,Female,Master's,Administrative Assistant,Telecommunications,3.3,Jaipur,Part-time,Medium (201-1000),Hybrid,197978.4,"Leadership, Data Analysis, Java, Python",3,1,287503.37
37,Male,Bachelor's,Software Engineer,Healthcare,11.6,Mumbai,Freelance,Startup (1-50),On-site,972344.27,"Data Analysis, Machine Learning, C++, Python",1,0,1201723.24
28,Female,Bachelor's,Senior Software Engineer,Media,7.7,Pune,Full-time,Medium (201-1000),Remote,1507609.94,"Data Analysis, Leadership",1,0,2127275.63
33,Female,Master's,Software Engineer,Education,9.4,Kolkata,Full-time,Small (51-200),Remote,876305.7,"Data Analysis, JavaScript",0,0,1082681.65
36,Female,Bachelor's,Graphic Designer,Information Technology,12.2,Mumbai,Full-time,Small (51-200),On-site,944740.06,"Python, SQL, Machine Learning, Java, Leadership",0,0,966458.51
32,Female,Bachelor's,Customer Support Executive,Education,1.8,Chennai,Full-time,Large (1000-5000),Hybrid,204955.55,"JavaScript, Project Management, Excel, Communication, C++",0,0,398336.94
34,Female,Bachelor's,UX Designer,Information Technology,6.7,Kolkata,Full-time,Medium (201-1000),Remote,855511.28,"Java, Communication, Excel, Data Analysis",2,1,1880686.82
21,Female,Bachelor's,Marketing Manager,Retail,0.7,Pune,Full-time,Large (1000-5000),Hybrid,957659.87,"Data Analysis, Machine Learning",3,1,1481932.31
30,Female,Bachelor's,Software Engineer,Education,8.7,Pune,Full-time,Startup (1-50),On-site,969578.22,"Data Analysis, Python, Communication",0,1,979371.94
33,Male,High School,Data Analyst,Finance,5.3,Kolkata,Full-time,Small (51-200),On-site,527523.89,"Data Analysis, Excel, Java, C++",2,0,620669.16
32,Female,Bachelor's,UX Designer,Education,2.3,Ahmedabad,Full-time,Small (51-200),Hybrid,580694.74,"C++, Data Analysis, SQL, JavaScript",0,0,799213.28
26,Female,Diploma,Research Scientist,Education,6.7,Kolkata,Full-time,Small (51-200),On-site,892330.06,"Communication, Data Analysis, Project Management, Java, SQL",0,0,996661.82
25,Male,Master's,Business Analyst,Media,5.1,Kolkata,Contract,Startup (1-50),On-site,597977.54,"Communication, Java",3,0,691685.57
30,Female,PhD,Customer Support Executive,Education,5.4,Bangalore,Full-time,Startup (1-50),On-site,516676.24,"Cloud Computing, Leadership, Communication, Machine Learning, Java",0,0,521895.19
40,Female,Diploma,Sales Executive,Government,10.3,Bangalore,Full-time,Enterprise (5000+),On-site,672771.44,"C++, Java, Data Analysis",3,0,890421.22
37,Male,Master's,Senior Software Engineer,Finance,15.2,Pune,Part-time,Small (51-200),Remote,1701827.53,"Communication, C++",3,0,1784576.6
27,Male,Master's,Research Scientist,Finance,3.1,Delhi NCR,Full-time,Small (51-200),Hybrid,1819841.66,"Leadership, Cloud Computing, Python, Project Management",1,0,2484098.11
32,Male,High School,Sales Executive,Manufacturing,4.8,Hyderabad,Full-time,Medium (201-1000),Remote,470580.18,"Java, SQL, Machine Learning",1,0,580339.0
31,Female,Master's,HR Executive,Government,5.3,Hyderabad,Full-time,Enterprise (5000+),On-site,393017.27,"Java, Python, Machine Learning",3,0,784630.72
31,Female,PhD,Marketing Manager,Healthcare,6.3,Delhi NCR,Full-time,Startup (1-50),On-site,1858396.72,"Communication, Project Management, Excel",0,1,1877168.4
35,Female,Master's,Sales Executive,Telecommunications,4.3,Chennai,Full-time,Large (1000-5000),Remote,486513.21,"Data Analysis, Machine Learning",1,0,998296.82
34,Female,Bachelor's,UX Designer,Government,12.6,Bangalore,Full-time,Startup (1-50),On-site,1246602.99,"Excel, Machine Learning",3,0,1277448.46
27,Male,Bachelor's,Customer Support Executive,Telecommunications,5.3,Remote (India),Full-time,Large (1000-5000),Hybrid,355251.43,"Machine Learning, Python, Communication, Leadership",0,0,555457.28
29,Male,Bachelor's,Senior Software Engineer,Healthcare,6.1,Mumbai,Contract,Startup (1-50),Hybrid,2029495.36,"JavaScript, Communication, C++, Java",1,0,2270394.73
27,Male,Bachelor's,Software Engineer,Government,2.7,Remote (India),Full-time,Enterprise (5000+),Hybrid,615810.65,"Data Analysis, Java, SQL, Excel, Python",2,0,1268541.15
29,Male,Bachelor's,Marketing Manager,Information Technology,2.9,Bangalore,Full-time,Small (51-200),On-site,1341501.74,"SQL, Java, Machine Learning, JavaScript, C++",3,1,1977191.46
27,Male,High School,Business Analyst,Manufacturing,8.3,Mumbai,Full-time,Small (51-200),Hybrid,747206.55,"Python, SQL, Cloud Computing",0,0,849035.65
40,Male,High School,Data Analyst,Education,16.5,Jaipur,Part-time,Large (1000-5000),On-site,210131.08,"C++, Java, Project Management, SQL",2,0,368618.19
35,Male,Bachelor's,Marketing Manager,Retail,7.7,Remote (India),Full-time,Large (1000-5000),Hybrid,1016649.75,"SQL, C++, Cloud Computing",1,1,1830048.25
35,Female,Bachelor's,QA Engineer,Government,7.4,Jaipur,Full-time,Medium (201-1000),Remote,502890.96,"Excel, SQL",1,1,734804.54
26,Female,High School,Senior Software Engineer,Retail,1.3,Kolkata,Full-time,Small (51-200),Remote,970280.25,"Python, Java, Data Analysis, Leadership, Communication",1,0,980081.06
33,Female,Diploma,Content Writer,Telecommunications,13.2,Kolkata,Full-time,Startup (1-50),On-site,424555.33,"Project Management, C++",3,0,498862.06
39,Female,Diploma,Customer Support Executive,Information Technology,13.5,Hyderabad,Full-time,Medium (201-1000),On-site,431417.31,"Communication, Leadership, Excel, Java",2,0,670262.39
41,Male,Bachelor's,DevOps Engineer,Media,11.1,Hyderabad,Full-time,Medium (201-1000),Remote,2544115.64,"SQL, Leadership, Communication",2,1,2569813.78
33,Female,Master's,Software Engineer,Media,8.0,Kolkata,Full-time,Startup (1-50),Hybrid,849955.96,"Excel, Communication, Leadership, Java",1,0,1068125.85
25,Female,Master's,QA Engineer,Consulting,7.6,Jaipur,Full-time,Startup (1-50),Remote,826719.54,"JavaScript, Communication, Java, SQL, Data Analysis",3,0,1013597.79
33,Female,High School,Sales Manager,Media,10.1,Mumbai,Full-time,Startup (1-50),On-site,938238.69,"Cloud Computing, C++, Machine Learning, Python, Excel",2,1,1592865.86
37,Female,Bachelor's,Product Manager,Education,9.2,Chennai,Full-time,Startup (1-50),Remote,1801012.35,"Communication, Leadership, Machine Learning, C++, Data Analysis",3,1,2244261.31
24,Male,PhD,Product Manager,Healthcare,4.7,Chennai,Full-time,Small (51-200),Remote,3026228.89,"C++, Leadership, SQL",0,1,4227402.32
31,Female,Bachelor's,Administrative Assistant,Information Technology,4.8,Mumbai,Full-time,Small (51-200),On-site,484711.78,"Leadership, Java, Project Management",1,0,489607.85
32,Female,Diploma,HR Manager,Manufacturing,8.2,Kolkata,Freelance,Medium (201-1000),On-site,867932.27,"Cloud Computing, Excel, JavaScript, C++",3,1,1099279.02
42,Male,High School,Data Analyst,Telecommunications,16.7,Chennai,Freelance,Startup (1-50),Remote,627421.88,"Excel, Machine Learning, Communication, Project Management, C++",0,1,699282.03
26,Female,Diploma,Product Manager,Information Technology,3.1,Chennai,Full-time,Enterprise (5000+),Remote,1955706.07,"Excel, JavaScript",1,1,2801689.14
30,Female,Master's,HR Executive,Education,3.5,Mumbai,Full-time,Enterprise (5000+),Remote,503669.42,"Java, Machine Learning, Excel, Communication",2,0,879068.44
32,Male,PhD,Operations Manager,Media,6.5,Chennai,Full-time,Small (51-200),Remote,2032657.49,"Python, Machine Learning, Data Analysis, Java",2,1,2325581.14
53,Male,Bachelor's,Product Manager,Government,17.9,Ahmedabad,Full-time,Small (51-200),Hybrid,1760279.7,"Machine Learning, Leadership, Project Management, C++",1,1,2968094.46
39,Male,Bachelor's,Research Scientist,Telecommunications,10.8,Kolkata,Full-time,Large (1000-5000),On-site,1493114.06,"C++, Excel, Machine Learning",1,0,2148044.76
40,Female,PhD,DevOps Engineer,Information Technology,7.4,Pune,Freelance,Small (51-200),Hybrid,2697721.0,"Leadership, JavaScript, Excel, C++, Python",1,0,2724970.7
26,Male,Bachelor's,Graphic Designer,Government,7.1,Pune,Contract,Enterprise (5000+),Hybrid,639751.29,"Communication, Cloud Computing, Python",2,1,884085.09
28,Male,Bachelor's,Operations Manager,Retail,5.0,Mumbai,Full-time,Enterprise (5000+),Hybrid,1582594.48,"Machine Learning, JavaScript",0,1,1980616.88
30,Female,Diploma,QA Engineer,Retail,11.1,Remote (India),Full-time,Medium (201-1000),On-site,587866.54,"Data Analysis, Machine Learning",1,0,753563.13
46,Male,Master's,Financial Analyst,Information Technology,16.6,Mumbai,Full-time,Large (1000-5000),Hybrid,2206473.74,"Communication, Leadership, Java",0,0,2272895.72
33,Male,Bachelor's,Marketing Manager,Healthcare,8.2,Delhi NCR,Full-time,Startup (1-50),Hybrid,1469144.54,"Cloud Computing, Excel",0,1,1587417.73
33,Female,Bachelor's,HR Executive,Manufacturing,7.1,Bangalore,Full-time,Enterprise (5000+),Hybrid,415876.79,"SQL, JavaScript, Data Analysis, Python, Leadership",2,0,819864.52
52,Female,Bachelor's,Data Analyst,Consulting,21.5,Remote (India),Full-time,Small (51-200),On-site,662529.89,"Data Analysis, Project Management, Excel, Java, Leadership",0,0,1140122.13
38,Male,Master's,Graphic Designer,Healthcare,11.3,Bangalore,Full-time,Small (51-200),Remote,1057447.95,"Leadership, Data Analysis, Project Management, Cloud Computing, Python",1,1,1267827.6
36,Male,Bachelor's,Accountant,Education,4.7,Kolkata,Full-time,Startup (1-50),On-site,390655.06,"Python, Java, Cloud Computing, Leadership, Data Analysis",0,0,460096.48
31,Female,Bachelor's,Research Scientist,Telecommunications,11.4,Jaipur,Full-time,Startup (1-50),On-site,1660693.43,"Java, JavaScript, Leadership, Machine Learning, SQL",1,0,1778848.3
31,Male,Bachelor's,HR Manager,Finance,2.7,Kolkata,Full-time,Medium (201-1000),Hybrid,1003097.49,"Project Management, C++",2,1,1680114.59
25,Female,Master's,Project Manager,Retail,4.2,Hyderabad,Full-time,Small (51-200),Remote,1582108.15,"Java, Data Analysis, C++, Python",2,1,1693905.6
42,Male,Bachelor's,Graphic Designer,Media,9.5,Remote (India),Full-time,Small (51-200),On-site,440920.78,"Cloud Computing, SQL",3,0,702231.42
33,Female,High School,Product Manager,Government,5.4,Bangalore,Full-time,Startup (1-50),Remote,1512225.76,"C++, Project Management, Java",2,1,1791901.3
34,Male,Bachelor's,QA Engineer,Healthcare,4.4,Mumbai,Full-time,Startup (1-50),Remote,759117.56,"Excel, Python, Data Analysis, Java, Leadership",3,0,1001912.8
37,Male,PhD,Data Analyst,Telecommunications,6.6,Mumbai,Full-time,Medium (201-1000),Hybrid,751719.81,"C++, Leadership",1,0,1362785.28
35,Male,Master's,Executive Director,Retail,7.6,Mumbai,Full-time,Medium (201-1000),Hybrid,4964500.98,"Project Management, Leadership, Cloud Computing, Communication, Java",2,1,6853979.25
30,Male,Master's,Project Manager,Media,4.2,Pune,Full-time,Startup (1-50),Remote,1203175.07,"Project Management, SQL, Communication, Leadership, Machine Learning",2,1,1673247.44
38,Male,Bachelor's,Data Scientist,Finance,7.0,Ahmedabad,Full-time,Medium (201-1000),Remote,1331404.71,"Java, Project Management, Data Analysis, Excel, Communication",2,0,1789638.8
29,Male,PhD,Data Scientist,Retail,4.8,Bangalore,Part-time,Startup (1-50),Hybrid,774329.81,"JavaScript, Excel, Leadership, Project Management",2,0,1092321.65
30,Female,Bachelor's,DevOps Engineer,Information Technology,3.4,Hyderabad,Full-time,Medium (201-1000),Remote,2394495.12,"Java, Data Analysis, Python, C++",2,0,2813536.54
37,Male,Master's,QA Engineer,Media,5.7,Hyderabad,Full-time,Large (1000-5000),Hybrid,764048.05,"Machine Learning, Excel",1,1,1636677.91
39,Female,Master's,Sales Executive,Education,8.3,Mumbai,Contract,Enterprise (5000+),On-site,526644.69,"Excel, JavaScript",1,0,952126.6
33,Female,Master's,Senior Software Engineer,Media,0.9,Ahmedabad,Full-time,Large (1000-5000),Hybrid,1225053.41,"JavaScript, Data Analysis",2,0,2013283.1
26,Male,Master's,HR Manager,Government,0.9,Hyderabad,Full-time,Medium (201-1000),Hybrid,1416392.63,"SQL, Leadership, Cloud Computing, Java, Machine Learning",2,1,1742666.73
36,Male,Bachelor's,Sales Executive,Retail,11.7,Ahmedabad,Full-time,Medium (201-1000),Remote,661172.84,"Leadership, Python, Machine Learning, JavaScript, Cloud Computing",0,1,766652.85
27,Male,Bachelor's,Sales Manager,Government,2.8,Ahmedabad,Full-time,Small (51-200),Hybrid,1239948.32,"Excel, Machine Learning, Project Management, SQL, Communication",3,1,1323603.28
27,Male,Bachelor's,Product Manager,Consulting,4.9,Jaipur,Full-time,Medium (201-1000),Remote,2539861.13,"Python, Communication, Project Management",1,1,2707073.53
24,Male,Bachelor's,Product Manager,Education,3.5,Kolkata,Part-time,Medium (201-1000),Hybrid,791287.72,"Communication, Machine Learning, Data Analysis",2,1,1118287.04
44,Other,Bachelor's,Data Scientist,Media,20.0,Ahmedabad,Full-time,Medium (201-1000),Remote,1521531.1,"Cloud Computing, Python, Project Management, Leadership",0,0,1903588.78
29,Female,Master's,Content Writer,Telecommunications,4.7,Delhi NCR,Contract,Medium (201-1000),On-site,601399.07,"SQL, Excel, Leadership, C++, Communication",0,1,793769.85
27,Female,Bachelor's,Data Scientist,Education,12.7,Delhi NCR,Full-time,Startup (1-50),Hybrid,1430226.33,"Leadership, Excel",2,0,1612242.51
30,Male,PhD,UX Designer,Manufacturing,8.5,Pune,Contract,Medium (201-1000),Remote,,"Project Management, Excel, Python, Data Analysis, Cloud Computing",1,0,1847692.46
34,Male,Master's,Senior Software Engineer,Manufacturing,2.0,Chennai,Full-time,Startup (1-50),Remote,1235458.1,"Excel, C++",0,0,1727513.26
38,Female,Bachelor's,Accountant,Healthcare,10.0,Remote (India),Full-time,Small (51-200),On-site,715081.22,"Communication, Machine Learning, Python, Excel, Leadership",2,1,958949.08
32,Male,Bachelor's,HR Executive,Information Technology,9.9,Bangalore,Full-time,Medium (201-1000),Remote,633451.31,"JavaScript, Data Analysis, Leadership, Python",3,1,1008943.72
41,Male,Bachelor's,HR Manager,Education,9.0,Hyderabad,Full-time,Medium (201-1000),On-site,959191.56,"Cloud Computing, Java, Leadership, JavaScript",1,1,1668248.48
38,Male,Master's,Project Manager,Consulting,15.7,Bangalore,Full-time,Enterprise (5000+),Remote,3036655.66,"Machine Learning, Java, Communication",3,1,4264502.05
24,Male,Bachelor's,Product Manager,Consulting,2.2,Bangalore,Full-time,Small (51-200),Remote,2423246.22,"SQL, Data Analysis",3,1,2631699.5
30,Female,Bachelor's,Content Writer,Education,1.5,Bangalore,Part-time,Enterprise (5000+),On-site,184613.9,"Project Management, SQL, Java, Cloud Computing, Communication",1,0,350359.26
38,Female,Bachelor's,Data Analyst,Finance,6.4,Hyderabad,Contract,Small (51-200),On-site,327458.97,"SQL, Communication, Data Analysis, Java",3,0,919607.33
30,Male,Bachelor's,Project Manager,Media,5.1,Bangalore,Full-time,Medium (201-1000),Remote,1045508.69,"Data Analysis, Python, Excel, JavaScript",1,1,1881868.73
22,Male,Master's,Sales Manager,Media,0.9,Chennai,Full-time,Large (1000-5000),Hybrid,1525132.86,"Communication, SQL, Project Management, Excel, Java",1,1,1952478.49
38,Male,PhD,Sales Executive,Retail,12.1,Jaipur,Full-time,Medium (201-1000),Remote,417105.59,"JavaScript, Python, Data Analysis",3,0,760850.14
29,Male,Master's,Executive Director,Information Technology,5.6,Hyderabad,Full-time,Large (1000-5000),Remote,4702196.72,"C++, Data Analysis, Python",2,1,10106709.04
21,Male,Bachelor's,Executive Director,Telecommunications,5.5,Chennai,Full-time,Enterprise (5000+),Hybrid,,"JavaScript, Python",1,1,6382902.34
36,Female,Master's,DevOps Engineer,Retail,8.9,Remote (India),Full-time,Medium (201-1000),On-site,1142216.29,"C++, Python",1,0,2012324.65
48,Male,Bachelor's,Product Manager,Information Technology,19.9,Jaipur,Part-time,Medium (201-1000),Hybrid,2081123.72,"Cloud Computing, Project Management, Excel, Java",3,1,2241686.21
31,Female,PhD,Sales Manager,Media,3.6,Chennai,Full-time,Large (1000-5000),Hybrid,2238267.67,"Machine Learning, Communication, Excel, JavaScript, SQL",3,1,2559196.24
31,Female,Master's,Sales Manager,Consulting,10.5,Kolkata,Full-time,Large (1000-5000),On-site,2184332.49,"Leadership, Python, Communication, Cloud Computing",0,1,2646382.76
38,Male,Bachelor's,UX Designer,Government,12.5,Mumbai,Full-time,Medium (201-1000),Remote,1086794.53,"SQL, Excel, Data Analysis, Leadership, C++",1,0,1687919.48
32,Male,Master's,Data Scientist,Manufacturing,9.7,Chennai,Full-time,Large (1000-5000),Remote,1485930.89,"Data Analysis, Cloud Computing, Project Management, SQL",3,0,2645517.24
40,Male,Diploma,Financial Analyst,Retail,11.3,Hyderabad,Full-time,Small (51-200),Remote,614377.9,"SQL, Java, Excel",3,0,946307.0
39,Male,Bachelor's,Data Scientist,Healthcare,7.3,Chennai,Full-time,Enterprise (5000+),Remote,1680443.69,"C++, Communication, Project Management",0,0,2027325.26
33,Female,Diploma,DevOps Engineer,Finance,9.5,Hyderabad,Freelance,Large (1000-5000),Remote,1104529.53,"C++, Communication, JavaScript, Java",1,0,2212772.7
33,Female,Bachelor's,Content Writer,Education,,Ahmedabad,Full-time,Small (51-200),On-site,255129.7,"Java, SQL, Leadership, JavaScript, Cloud Computing",3,0,399272.86
26,Male,Bachelor's,Business Analyst,Finance,4.7,Jaipur,Full-time,Enterprise (5000+),Hybrid,635892.7,"Machine Learning, C++, Communication",0,0,1042360.42
35,Female,Bachelor's,Software Engineer,Finance,4.2,Chennai,Full-time,Enterprise (5000+),Remote,1000505.9,"Machine Learning, C++, Leadership, Excel, JavaScript",3,0,1754034.82
47,Female,Diploma,Marketing Manager,Media,26.5,Kolkata,Full-time,Startup (1-50),Remote,1323115.64,"SQL, Data Analysis, Project Management",1,1,1545680.96
33,Other,Bachelor's,UX Designer,Healthcare,10.9,Mumbai,Full-time,Large (1000-5000),Remote,984893.44,"Project Management, SQL, C++, JavaScript",1,0,1822413.59
21,Female,Bachelor's,Business Analyst,Finance,3.4,Kolkata,Part-time,Startup (1-50),Hybrid,338913.82,"Communication, Java, C++",2,0,505131.92
35,Female,Master's,Data Analyst,Retail,12.2,Jaipur,Full-time,Startup (1-50),Remote,772195.81,"Excel, Data Analysis",2,0,779995.77
29,Male,PhD,Data Scientist,Finance,6.9,Bangalore,Full-time,Medium (201-1000),Hybrid,1589427.49,"Java, Python, C++, Cloud Computing",2,0,3451850.82
40,Female,Bachelor's,Graphic Designer,Finance,12.0,Mumbai,Full-time,Startup (1-50),Hybrid,421360.18,"Leadership, Cloud Computing",0,0,908456.68
32,Male,Bachelor's,Project Manager,Education,9.2,Hyderabad,Contract,Medium (201-1000),Remote,754894.86,"Cloud Computing, Excel, C++",3,1,1533272.84
32,Female,PhD,Accountant,Government,9.6,Pune,Freelance,Enterprise (5000+),On-site,853675.47,"SQL, Python, Java, Cloud Computing",3,1,1221682.7
41,Female,Bachelor's,Marketing Manager,Education,12.3,Kolkata,Contract,Startup (1-50),Hybrid,1018334.31,"SQL, Cloud Computing, Project Management",2,1,1270691.8
40,Male,Bachelor's,UX Designer,Finance,5.4,Mumbai,Full-time,Large (1000-5000),Remote,1902111.97,"SQL, C++, Excel",3,1,2082524.09
41,Female,PhD,UX Designer,Consulting,17.9,Remote (India),Full-time,Medium (201-1000),On-site,1358547.42,"Java, Excel, Machine Learning, SQL, JavaScript",2,0,2390976.73
29,Male,Master's,Executive Director,Retail,1.2,Bangalore,Full-time,Small (51-200),Hybrid,4896903.89,"Machine Learning, SQL, Data Analysis, Communication",1,1,5158686.31
28,Female,Bachelor's,UX Designer,Manufacturing,5.6,Jaipur,Full-time,Large (1000-5000),On-site,1005528.8,"Cloud Computing, Project Management, SQL, Python",1,0,1120925.64
23,Female,Bachelor's,Project Manager,Finance,2.5,Jaipur,Full-time,Enterprise (5000+),Remote,898835.17,"Project Management, C++",2,1,1850616.79
32,Male,Master's,HR Manager,Information Technology,9.4,Pune,Full-time,Startup (1-50),On-site,2017223.15,"Communication, C++, Leadership",2,1,2037599.14
30,Male,Master's,Administrative Assistant,Consulting,3.9,Ahmedabad,Contract,Enterprise (5000+),Hybrid,496048.21,"Machine Learning, Excel, SQL, Java",1,1,656617.31
21,Female,Master's,Executive Director,Manufacturing,0.2,Remote (India),Contract,Startup (1-50),Hybrid,3434961.34,"Project Management, Data Analysis, Excel",2,1,4034140.13
41,Male,Bachelor's,Administrative Assistant,Information Technology,15.4,Hyderabad,Full-time,Medium (201-1000),Hybrid,404850.33,"Project Management, Communication, Cloud Computing",1,0,666659.91
26,Male,Bachelor's,Business Analyst,Education,7.9,Hyderabad,Full-time,Small (51-200),On-site,738191.44,"Cloud Computing, SQL, Project Management",2,0,787472.72
25,Male,Diploma,HR Executive,Government,4.7,Kolkata,Contract,Large (1000-5000),On-site,190614.37,"JavaScript, Leadership, Machine Learning, Python",0,0,441917.52
29,Male,High School,Accountant,Government,5.4,Remote (India),Full-time,Startup (1-50),Remote,318230.82,"Communication, C++",0,0,408911.52
27,Female,Diploma,QA Engineer,Manufacturing,0.9,Bangalore,Freelance,Startup (1-50),Hybrid,495457.55,"C++, Excel, Python",2,0,578260.8
34,Male,Master's,Content Writer,Healthcare,11.0,Chennai,Full-time,Small (51-200),Hybrid,573642.21,"Data Analysis, Communication",3,0,770142.92
30,Male,Bachelor's,Executive Director,Consulting,6.4,Remote (India),Full-time,Startup (1-50),On-site,4991227.96,"Python, Data Analysis, Project Management, Cloud Computing",1,1,5228771.56
29,Male,Diploma,Sales Executive,Government,4.0,Bangalore,Part-time,Startup (1-50),On-site,278916.0,"Java, Data Analysis",0,0,281733.34
41,Male,Bachelor's,Executive Director,Education,12.9,Remote (India),Full-time,Large (1000-5000),On-site,3983375.93,"Cloud Computing, Java, SQL, Project Management",1,1,5684683.5
33,Female,Bachelor's,Senior Software Engineer,Retail,5.1,Chennai,Full-time,Small (51-200),On-site,1523818.82,"Project Management, Machine Learning, Communication, Python, Excel",0,0,1754080.77
30,Male,Diploma,DevOps Engineer,Retail,4.3,Kolkata,Contract,Medium (201-1000),Remote,675811.88,"C++, Java",1,0,1196238.99
31,Female,Bachelor's,Business Analyst,Consulting,3.3,Ahmedabad,Full-time,Startup (1-50),Remote,613470.26,"Python, Project Management, Java, Excel",1,0,785333.09
34,Male,Master's,Executive Director,Information Technology,7.7,Mumbai,Full-time,Medium (201-1000),Hybrid,8997316.1,"C++, Excel, Data Analysis, Cloud Computing",1,1,10171862.31
28,Male,Master's,Executive Director,Manufacturing,6.4,Delhi NCR,Full-time,Enterprise (5000+),Hybrid,4221419.87,"C++, Cloud Computing, Leadership",0,1,8427341.53
28,Male,Diploma,Executive Director,Retail,5.5,Mumbai,Full-time,Small (51-200),On-site,2913954.39,"Python, JavaScript, Leadership",3,1,4698030.58
32,Female,Master's,Operations Manager,Consulting,5.5,Bangalore,Freelance,Small (51-200),On-site,1298507.68,"SQL, C++, Leadership",2,1,1723608.94
33,Female,Master's,Data Analyst,Consulting,,Mumbai,Full-time,Startup (1-50),Hybrid,778389.7,"Data Analysis, SQL, Java, Cloud Computing",1,0,1294849.25
37,Male,Bachelor's,Sales Manager,Retail,9.5,Delhi NCR,Full-time,Small (51-200),Remote,1200706.03,"SQL, JavaScript, Leadership, Machine Learning, Java",3,1,2095866.52
22,Female,Diploma,Software Engineer,Government,9.8,Jaipur,Part-time,Startup (1-50),Hybrid,365974.57,"Data Analysis, Java, Leadership",0,1,506003.65
26,Male,Master's,Content Writer,Consulting,3.2,Delhi NCR,Full-time,Medium (201-1000),Hybrid,577590.62,"Machine Learning, SQL, Java, Leadership",2,0,907878.98
28,Male,Bachelor's,Accountant,Finance,7.0,Hyderabad,Full-time,Medium (201-1000),Remote,750335.22,"JavaScript, Data Analysis",1,0,912252.26
23,Male,Bachelor's,Graphic Designer,Manufacturing,0.8,Hyderabad,Full-time,Enterprise (5000+),On-site,554760.56,"SQL, Excel",0,0,603418.12
26,Female,Bachelor's,Data Scientist,Retail,2.0,Delhi NCR,Full-time,Small (51-200),On-site,1363992.11,"Python, Machine Learning",1,1,1616969.36
32,Male,PhD,Research Scientist,Telecommunications,4.6,Chennai,Full-time,Small (51-200),Remote,1681998.58,"Data Analysis, Cloud Computing, SQL, Python, Project Management",0,0,2466479.68
24,Other,PhD,Customer Support Executive,Telecommunications,4.9,Ahmedabad,Full-time,Large (1000-5000),Remote,303482.77,"Leadership, SQL",1,0,625621.22
26,Male,Bachelor's,Executive Director,Education,4.9,Remote (India),Full-time,Startup (1-50),Remote,2868065.88,"Project Management, Excel",2,1,3728768.69
32,Male,Diploma,Business Analyst,Government,5.0,Remote (India),Part-time,Startup (1-50),Remote,232978.97,"C++, Python",2,0,371238.8
41,Female,Bachelor's,Sales Manager,Government,12.7,Delhi NCR,Full-time,Medium (201-1000),Remote,1676406.14,"Project Management, Leadership, Cloud Computing, Excel, Data Analysis",3,1,2524934.6
51,Female,Master's,Product Manager,Government,20.4,Hyderabad,Full-time,Medium (201-1000),On-site,3554884.41,"Python, Communication",2,1,4126113.34
27,Female,Diploma,Financial Analyst,Healthcare,8.0,Hyderabad,Full-time,Enterprise (5000+),On-site,636358.64,"JavaScript, Leadership, Communication, Cloud Computing, Data Analysis",2,0,1551710.01
21,Female,Master's,QA Engineer,Consulting,1.6,Hyderabad,Full-time,Medium (201-1000),On-site,1099472.0,"Java, Excel, Cloud Computing, C++",0,1,1141837.04
36,Male,PhD,Business Analyst,Government,11.3,Delhi NCR,Full-time,Large (1000-5000),Hybrid,824907.32,"Leadership, Cloud Computing, Communication, Machine Learning, SQL",0,0,1748377.75
25,Female,Master's,HR Manager,Government,5.8,Hyderabad,Full-time,Startup (1-50),Remote,1033237.38,"Leadership, SQL",0,1,1453662.71
28,Female,Bachelor's,Sales Manager,Retail,4.4,Chennai,Full-time,Startup (1-50),Hybrid,1125186.05,"Excel, Leadership, Python, SQL, Communication",0,1,1136551.57
26,Male,Bachelor's,DevOps Engineer,Government,8.9,Remote (India),Part-time,Large (1000-5000),Hybrid,812390.82,"Project Management, JavaScript, Data Analysis, Cloud Computing, Communication",2,0,1260401.61
29,Male,Bachelor's,Sales Executive,Media,5.8,Chennai,Full-time,Startup (1-50),Hybrid,578404.89,"Project Management, C++",0,0,584247.36
36,Female,Bachelor's,QA Engineer,Telecommunications,12.3,Kolkata,Full-time,Enterprise (5000+),On-site,915148.98,"Project Management, Leadership, Java, Data Analysis, SQL",3,1,1467303.25
33,Female,Diploma,Marketing Manager,Manufacturing,4.3,Ahmedabad,Full-time,Large (1000-5000),Hybrid,896718.79,"Project Management, Excel",0,1,1045315.81
36,Male,Bachelor's,Sales Manager,Telecommunications,4.2,Chennai,Full-time,Large (1000-5000),Remote,1576897.97,"Excel, Communication, Java, C++, Machine Learning",3,1,2012679.67
30,Male,Master's,Software Engineer,Information Technology,3.8,Chennai,Full-time,Medium (201-1000),Hybrid,998638.31,"Data Analysis, JavaScript",1,0,1834459.15
35,Female,Bachelor's,Marketing Manager,Information Technology,7.1,Remote (India),Full-time,Startup (1-50),Remote,1365475.22,"Java, SQL, Excel",0,1,1757260.25
27,Male,Bachelor's,Senior Software Engineer,Consulting,5.8,Ahmedabad,Full-time,Small (51-200),Hybrid,843869.55,"SQL, Excel, Project Management",0,0,1866110.3
36,Male,Master's,DevOps Engineer,Manufacturing,8.5,Chennai,Full-time,Medium (201-1000),On-site,2482660.78,"C++, Leadership, SQL",1,0,2507738.16
35,Female,Bachelor's,Research Scientist,Consulting,5.0,Mumbai,Full-time,Startup (1-50),Hybrid,1463910.22,"Project Management, Excel, Leadership",3,0,1987550.47
36,Other,Master's,Software Engineer,Retail,4.4,Pune,Full-time,Small (51-200),On-site,1023783.78,"Excel, Leadership, Project Management",3,0,1301482.48
26,Female,Master's,Executive Director,Education,4.6,Jaipur,Full-time,Large (1000-5000),Hybrid,2411256.12,"SQL, Java, Project Management",3,1,4899478.29
36,Male,PhD,Senior Software Engineer,Government,7.1,Chennai,Part-time,Large (1000-5000),Hybrid,995760.91,"Python, SQL, Leadership",2,0,1529793.76
27,Male,Bachelor's,Research Scientist,Manufacturing,3.5,Hyderabad,Full-time,Small (51-200),Remote,1289558.07,"Project Management, JavaScript, SQL, Data Analysis",2,0,1665661.15
27,Female,Diploma,Data Scientist,Consulting,9.6,Ahmedabad,Contract,Large (1000-5000),Hybrid,1037124.81,"Cloud Computing, Excel, SQL",1,0,1553444.14
27,Female,PhD,Sales Executive,Government,3.4,Remote (India),Full-time,Startup (1-50),Hybrid,704976.94,"JavaScript, Leadership",1,1,753609.95
33,Female,Master's,Marketing Manager,Media,7.0,Delhi NCR,Full-time,Startup (1-50),Remote,1392534.34,"Communication, Project Management, Python, Java, Cloud Computing",1,1,1942868.38
28,Female,Bachelor's,QA Engineer,Education,5.9,Jaipur,Full-time,Small (51-200),Hybrid,369320.74,"Machine Learning, SQL, Java, Communication, Project Management",3,0,637330.25
29,Male,Master's,QA Engineer,Finance,7.6,Jaipur,Full-time,Startup (1-50),Remote,527996.81,"Cloud Computing, Communication",3,0,990160.07
46,Female,Bachelor's,QA Engineer,Healthcare,19.5,Jaipur,Contract,Medium (201-1000),Hybrid,767330.83,"Java, Project Management, JavaScript, Leadership",1,0,1082847.5
32,Female,Master's,HR Manager,Healthcare,8.9,Chennai,Full-time,Medium (201-1000),Hybrid,,"C++, Communication",0,1,1904418.82
37,Male,Master's,Business Analyst,Telecommunications,7.9,Ahmedabad,Contract,Startup (1-50),On-site,731825.37,"SQL, Excel",2,0,814245.5
38,Male,Bachelor's,Data Scientist,Retail,17.5,Ahmedabad,Full-time,Medium (201-1000),Hybrid,738352.11,"Leadership, Excel, Project Management, Communication",3,0,1665747.01
35,Female,Bachelor's,Operations Manager,Manufacturing,7.7,Delhi NCR,Full-time,Enterprise (5000+),Remote,1373438.83,"Cloud Computing, Communication, C++, Java",2,1,2348136.79
35,Male,Master's,Graphic Designer,Education,8.6,Hyderabad,Full-time,Medium (201-1000),Hybrid,592280.29,"Cloud Computing, JavaScript, Java, Machine Learning",0,1,1007962.56
21,Male,Master's,QA Engineer,Education,2.1,Hyderabad,Full-time,Small (51-200),On-site,586863.67,"Project Management, JavaScript, Communication",2,0,815579.66
35,Male,Diploma,Content Writer,Information Technology,3.3,Bangalore,Full-time,Enterprise (5000+),On-site,538802.94,"SQL, C++, Project Management, Python",1,0,836421.85
34,Female,PhD,HR Manager,Retail,3.2,Mumbai,Full-time,Enterprise (5000+),Remote,1639228.69,"Java, Leadership, Data Analysis, Communication, Machine Learning",2,1,2730810.24
40,Female,PhD,Data Analyst,Government,9.1,Mumbai,Full-time,Medium (201-1000),On-site,1000221.64,"JavaScript, Project Management, Excel, Python, Java",1,0,1404415.43
28,Male,Bachelor's,Sales Manager,Healthcare,5.3,Ahmedabad,Contract,Startup (1-50),On-site,783164.58,"C++, Cloud Computing, Machine Learning, Java",1,1,1343566.31
43,Female,High School,Product Manager,Retail,13.6,Bangalore,Full-time,Small (51-200),On-site,1990128.47,"Data Analysis, Leadership, Python, SQL, Cloud Computing",1,1,2773087.65
33,Male,Master's,Graphic Designer,Telecommunications,4.8,Chennai,Full-time,Small (51-200),On-site,688631.47,"Leadership, C++",3,0,695587.35
31,Male,Bachelor's,Business Analyst,Media,10.3,Hyderabad,Full-time,Startup (1-50),Hybrid,859265.56,"Python, Machine Learning, JavaScript, C++, Data Analysis",1,0,867945.01
26,Male,Bachelor's,Financial Analyst,Healthcare,,Mumbai,Full-time,Startup (1-50),Remote,681236.9,"Data Analysis, Leadership",2,1,1478667.73
23,Male,Master's,Graphic Designer,Information Technology,4.8,Remote (India),Freelance,Enterprise (5000+),On-site,614456.9,"C++, Machine Learning, Leadership",2,1,1255234.74
30,Male,PhD,Software Engineer,Government,4.8,Bangalore,Full-time,Enterprise (5000+),On-site,1299841.67,"Java, Python",2,0,1832145.59
33,Male,Bachelor's,Customer Support Executive,Education,12.3,Remote (India),Full-time,Large (1000-5000),Remote,307380.66,"Excel, JavaScript, Machine Learning",0,0,497636.35
40,Female,Master's,Executive Director,Media,17.6,Jaipur,Full-time,Large (1000-5000),On-site,4684712.91,"SQL, Leadership, Data Analysis, Excel",2,1,7026081.03
26,Female,Diploma,Business Analyst,Telecommunications,3.0,Mumbai,Full-time,Large (1000-5000),Hybrid,752504.43,"Java, Project Management",3,1,1169748.17
32,Male,High School,Product Manager,Retail,10.8,Jaipur,Full-time,Large (1000-5000),Remote,1174070.68,"Python, Cloud Computing",2,1,1811050.32
21,Male,Bachelor's,Data Scientist,Government,1.7,Bangalore,Full-time,Medium (201-1000),Remote,1045992.27,"Cloud Computing, Python, Excel",1,0,1587216.13
37,Female,Master's,Sales Executive,Consulting,14.2,Hyderabad,Full-time,Medium (201-1000),Remote,1164048.24,"JavaScript, Leadership, Cloud Computing, Excel",3,1,1653277.38
38,Male,High School,Financial Analyst,Education,9.5,Hyderabad,Full-time,Startup (1-50),On-site,643801.05,"Communication, Cloud Computing, Project Management",2,0,650304.09
31,Female,Bachelor's,Marketing Manager,Media,12.0,Remote (India),Full-time,Startup (1-50),Hybrid,1492935.7,"Project Management, Data Analysis, Machine Learning, Cloud Computing",3,1,1724020.68
30,Male,Bachelor's,UX Designer,Retail,2.2,Ahmedabad,Full-time,Small (51-200),Hybrid,776084.33,"Project Management, SQL, Leadership",3,0,844270.82
22,Male,Bachelor's,Content Writer,Manufacturing,5.9,Hyderabad,Freelance,Startup (1-50),On-site,334294.41,"Data Analysis, Java, Project Management, SQL, Cloud Computing",0,0,421662.76
46,Female,High School,Marketing Manager,Media,11.5,Remote (India),Full-time,Small (51-200),On-site,1114756.43,"SQL, Machine Learning",3,1,1170678.97
27,Female,High School,Senior Software Engineer,Manufacturing,3.4,Bangalore,Full-time,Startup (1-50),On-site,1393160.47,"Cloud Computing, Project Management",1,0,1407232.8
25,Male,Bachelor's,Sales Executive,Consulting,4.4,Kolkata,Contract,Enterprise (5000+),On-site,512701.35,"Python, Project Management, Excel, Leadership",3,0,762012.1
41,Male,Bachelor's,Senior Software Engineer,Media,9.6,Mumbai,Full-time,Large (1000-5000),Remote,2029077.35,"C++, Machine Learning, Python, Project Management, Java",1,0,2975573.07
28,Male,Master's,Product Manager,Healthcare,4.5,Remote (India),Full-time,Enterprise (5000+),On-site,2722226.53,"SQL, Java",3,1,4408739.86
25,Male,High School,Business Analyst,Healthcare,0.9,Kolkata,Full-time,Small (51-200),Hybrid,458951.03,"Cloud Computing, C++",3,0,564761.89
32,Female,Master's,Content Writer,Government,15.0,Jaipur,Full-time,Medium (201-1000),Hybrid,566249.43,"C++, Cloud Computing, Communication",3,0,635124.59
34,Female,Bachelor's,DevOps Engineer,Retail,3.0,Delhi NCR,Full-time,Enterprise (5000+),Remote,998576.42,"Python, Cloud Computing, SQL, Excel, Machine Learning",1,0,2481845.34
30,Female,Diploma,UX Designer,Healthcare,5.4,Delhi NCR,Full-time,Startup (1-50),On-site,584774.31,"Leadership, C++, Project Management, Excel, SQL",0,0,1033182.37
39,Male,PhD,Business Analyst,Education,9.6,Hyderabad,Contract,Large (1000-5000),Remote,1053436.16,"Java, Machine Learning, SQL, Project Management",1,0,1399917.84
29,Male,Bachelor's,Administrative Assistant,Manufacturing,2.6,Hyderabad,Full-time,Large (1000-5000),Hybrid,225884.22,"Machine Learning, Python, Project Management, Leadership, C++",0,0,463687.55
36,Male,Bachelor's,UX Designer,Retail,12.5,Kolkata,Full-time,Small (51-200),Remote,1061108.12,"JavaScript, Machine Learning, Project Management, Python, Leadership",0,0,1178496.04
33,Male,Master's,Data Scientist,Telecommunications,1.4,Ahmedabad,Full-time,Enterprise (5000+),On-site,1388446.97,"Communication, Data Analysis, Python, Excel",0,1,2228472.85
29,Other,Bachelor's,Data Analyst,Healthcare,8.1,Kolkata,Full-time,Startup (1-50),Remote,730828.65,"C++, Excel, JavaScript",2,0,738210.76
32,Male,Bachelor's,Sales Manager,Media,5.7,Kolkata,Contract,Startup (1-50),Hybrid,745713.48,"Data Analysis, Communication, Java, Cloud Computing",0,1,1301028.48
21,Female,Master's,Data Analyst,Retail,7.8,Remote (India),Full-time,Medium (201-1000),On-site,,"Python, JavaScript, Communication, Data Analysis, Leadership",3,0,841831.28
30,Male,Bachelor's,DevOps Engineer,Government,12.9,Jaipur,Freelance,Enterprise (5000+),Hybrid,1059866.17,"Communication, Leadership",2,0,1783866.62
29,Female,Diploma,Marketing Manager,Healthcare,2.0,Delhi NCR,Full-time,Small (51-200),Remote,1184365.84,"Java, Communication, Machine Learning",3,1,1535516.56
29,Male,Bachelor's,Data Scientist,Information Technology,2.9,Pune,Full-time,Small (51-200),Hybrid,1175358.59,"Data Analysis, Java, C++, Project Management",2,0,1722179.27
33,Male,Diploma,Sales Executive,Healthcare,9.2,Mumbai,Full-time,Enterprise (5000+),On-site,561231.38,"Excel, Python",3,0,990222.79
34,Female,PhD,Research Scientist,Telecommunications,7.7,Bangalore,Full-time,Large (1000-5000),On-site,3544302.95,"JavaScript, SQL",3,1,4117061.05
28,Female,Diploma,Sales Manager,Finance,1.1,Ahmedabad,Full-time,Enterprise (5000+),Hybrid,1051415.97,"Project Management, JavaScript, SQL, Python",2,1,1808499.11
28,Male,Master's,Financial Analyst,Consulting,7.0,Delhi NCR,Full-time,Enterprise (5000+),On-site,1481725.42,"Data Analysis, SQL",0,0,1858572.88
29,Female,Master's,Accountant,Information Technology,10.7,Jaipur,Full-time,Startup (1-50),On-site,686531.55,"Cloud Computing, Python, Project Management",0,0,749294.97
32,Male,Master's,Financial Analyst,Education,6.7,Hyderabad,Full-time,Medium (201-1000),On-site,742551.33,"JavaScript, Leadership",0,0,1045933.11
24,Male,High School,Customer Support Executive,Retail,2.0,Remote (India),Full-time,Small (51-200),Hybrid,,"SQL, Python, Data Analysis, C++, JavaScript",2,0,255149.25
46,Female,Bachelor's,Sales Executive,Government,19.2,Ahmedabad,Full-time,Small (51-200),Remote,449580.54,"Machine Learning, C++, Communication",0,0,657462.67
34,Male,Bachelor's,Sales Executive,Finance,9.9,Ahmedabad,Full-time,Medium (201-1000),Remote,588862.54,"Data Analysis, Project Management, JavaScript",1,0,789979.35
22,Male,Bachelor's,DevOps Engineer,Telecommunications,0.4,Chennai,Full-time,Enterprise (5000+),Hybrid,1502190.08,"Communication, C++",1,0,2034975.55
33,Male,Diploma,Data Scientist,Media,3.4,Ahmedabad,Full-time,Medium (201-1000),Remote,,"SQL, C++, Machine Learning, Cloud Computing, Leadership",2,0,1241070.9
44,Male,Master's,DevOps Engineer,Consulting,15.3,Bangalore,Part-time,Startup (1-50),Hybrid,1567813.03,"C++, Leadership, Data Analysis",2,0,1679495.64
29,Male,Diploma,UX Designer,Information Technology,3.8,Pune,Part-time,Startup (1-50),On-site,474204.54,"Cloud Computing, Project Management, Excel, Python, Data Analysis",2,1,632966.19
33,Male,Bachelor's,Sales Executive,Retail,4.6,Chennai,Contract,Small (51-200),Hybrid,436392.15,"Machine Learning, Leadership",2,0,530523.77
35,Female,Bachelor's,Sales Executive,Government,7.7,Mumbai,Full-time,Medium (201-1000),Remote,513427.42,"JavaScript, Java",3,0,834953.31
35,Other,Master's,Business Analyst,Government,4.1,Mumbai,Contract,Small (51-200),On-site,821440.72,"Excel, Machine Learning",1,0,962814.76
31,Male,Bachelor's,Sales Manager,Retail,5.7,Hyderabad,Full-time,Medium (201-1000),Remote,1314287.89,"JavaScript, Java, Data Analysis, SQL, Communication",3,1,1830445.38
30,Female,Master's,Content Writer,Telecommunications,1.4,Remote (India),Full-time,Enterprise (5000+),Hybrid,428761.98,"SQL, JavaScript, Leadership, Data Analysis",3,0,823178.55
21,Male,Bachelor's,Business Analyst,Manufacturing,7.5,Kolkata,Full-time,Startup (1-50),Remote,622206.54,"C++, Python, Data Analysis, Java",2,1,918847.31
38,Female,Diploma,Customer Support Executive,Healthcare,15.6,Ahmedabad,Full-time,Large (1000-5000),Hybrid,318073.28,"Java, Cloud Computing, Python, C++, Data Analysis",1,1,647484.23
33,Male,Master's,QA Engineer,Government,5.6,Ahmedabad,Full-time,Small (51-200),Hybrid,713153.25,"Cloud Computing, Leadership, Python, Communication",3,0,892775.87
30,Female,Bachelor's,Project Manager,Healthcare,6.8,Bangalore,Full-time,Startup (1-50),On-site,1293030.69,"Machine Learning, Project Management",3,1,1767411.86
32,Male,Master's,Graphic Designer,Retail,3.8,Kolkata,Part-time,Large (1000-5000),Hybrid,172234.0,"Cloud Computing, Leadership, Python, Java, Communication",0,0,385197.27
24,Male,Master's,HR Executive,Information Technology,3.0,Bangalore,Full-time,Medium (201-1000),Hybrid,841840.24,"Data Analysis, Excel",1,1,1092241.69
39,Male,Bachelor's,Sales Executive,Retail,12.8,Remote (India),Full-time,Medium (201-1000),On-site,646073.28,"Excel, Cloud Computing, Python",2,0,755168.28
25,Male,Master's,Financial Analyst,Telecommunications,2.4,Delhi NCR,Full-time,Startup (1-50),On-site,1018364.99,"Data Analysis, SQL",0,0,1101698.43
26,Female,Master's,Data Analyst,Manufacturing,3.8,Kolkata,Full-time,Enterprise (5000+),On-site,666728.35,"SQL, Java",1,0,932588.34
24,Female,High School,Sales Executive,Retail,1.0,Ahmedabad,Contract,Startup (1-50),Remote,252668.13,"SQL, Python, JavaScript",1,0,255220.33
35,Female,Diploma,Product Manager,Information Technology,4.6,Delhi NCR,Full-time,Medium (201-1000),Remote,2349824.6,"Machine Learning, Cloud Computing, Java, Data Analysis",3,1,3478923.46
32,Male,Bachelor's,Customer Support Executive,Telecommunications,7.9,Jaipur,Part-time,Medium (201-1000),Remote,217727.16,"Leadership, C++, Cloud Computing, Python, SQL",1,0,219926.42
31,Female,Bachelor's,Marketing Manager,Consulting,6.5,Chennai,Full-time,Medium (201-1000),Remote,1361980.74,"Java, C++, JavaScript, Python, Cloud Computing",2,1,1872818.27
31,Male,Bachelor's,Product Manager,Media,7.1,Kolkata,Contract,Startup (1-50),On-site,1666147.65,"Java, Project Management, Leadership, Data Analysis",1,1,2038533.44
33,Male,Diploma,Software Engineer,Telecommunications,2.7,Jaipur,Full-time,Large (1000-5000),On-site,643698.38,"SQL, JavaScript, Data Analysis",2,0,893326.4
23,Male,Bachelor's,Sales Executive,Finance,1.2,Jaipur,Full-time,Large (1000-5000),Hybrid,243759.02,"Java, Project Management, Python, Data Analysis, Leadership",1,0,780853.7
32,Female,High School,Research Scientist,Media,4.7,Mumbai,Part-time,Large (1000-5000),On-site,486205.94,"Python, Java, Cloud Computing",1,0,915869.52
28,Male,Bachelor's,Senior Software Engineer,Finance,5.6,Mumbai,Full-time,Medium (201-1000),Hybrid,2404469.92,"C++, Cloud Computing, Excel, Data Analysis, Communication",3,0,3161933.64
26,Male,Bachelor's,Data Analyst,Telecommunications,3.9,Mumbai,Full-time,Startup (1-50),Hybrid,767483.79,"Java, Data Analysis, Python, Project Management, C++",0,0,819617.42
40,Female,Bachelor's,QA Engineer,Telecommunications,8.2,Remote (India),Full-time,Large (1000-5000),Remote,434872.35,"Machine Learning, JavaScript, Java, Cloud Computing, C++",2,0,1327324.71
29,Male,Bachelor's,Marketing Manager,Healthcare,7.3,Jaipur,Full-time,Enterprise (5000+),On-site,1073491.19,"Data Analysis, JavaScript, Python, Project Management",0,1,1726032.78
29,Male,Master's,Senior Software Engineer,Finance,7.3,Ahmedabad,Full-time,Medium (201-1000),On-site,1863197.02,"Data Analysis, Excel",0,0,2314438.27
28,Male,Bachelor's,Administrative Assistant,Manufacturing,8.1,Delhi NCR,Full-time,Medium (201-1000),On-site,220967.18,"JavaScript, Leadership, Python",0,0,515798.29
38,Male,Diploma,HR Executive,Manufacturing,14.2,Remote (India),Full-time,Large (1000-5000),On-site,356898.19,"Data Analysis, Java, Project Management, JavaScript",1,0,552480.95
31,Female,Bachelor's,Product Manager,Education,5.9,Chennai,Full-time,Small (51-200),Hybrid,1833305.37,"Python, Excel, Data Analysis, Project Management",1,1,2382140.84
29,Male,Diploma,Business Analyst,Consulting,3.3,Ahmedabad,Freelance,Small (51-200),On-site,492667.07,"Cloud Computing, Java, Data Analysis, SQL, Leadership",1,0,664742.19
35,Male,Master's,Executive Director,Education,2.1,Bangalore,Full-time,Small (51-200),Remote,4314442.91,"Communication, Project Management, Machine Learning, C++, SQL",3,1,5332920.1
30,Male,High School,Accountant,Telecommunications,3.6,Delhi NCR,Full-time,Enterprise (5000+),On-site,387307.95,"Project Management, Python, Data Analysis",0,0,669011.58
30,Male,Bachelor's,QA Engineer,Finance,7.2,Hyderabad,Full-time,Large (1000-5000),On-site,839088.18,"SQL, Project Management, Machine Learning, Cloud Computing, Excel",1,0,1397476.83
21,Male,Bachelor's,Operations Manager,Government,0.5,Pune,Full-time,Startup (1-50),Hybrid,1169332.2,"SQL, C++",3,1,1220359.72
32,Male,Bachelor's,Sales Executive,Information Technology,9.0,Pune,Full-time,Large (1000-5000),Remote,639488.2,"Project Management, Communication, Cloud Computing",1,0,912673.01
36,Male,Master's,QA Engineer,Telecommunications,6.2,Remote (India),Full-time,Small (51-200),Hybrid,748292.49,"Communication, Project Management, Java, Excel, Data Analysis",0,0,1042583.28
29,Male,Bachelor's,Financial Analyst,Information Technology,6.5,Mumbai,Part-time,Small (51-200),Remote,798005.5,"Machine Learning, JavaScript, Excel, C++, Java",2,0,868231.93
36,Female,Bachelor's,Customer Support Executive,Media,3.6,Chennai,Contract,Large (1000-5000),Remote,318258.66,"Data Analysis, SQL",2,0,389541.7
41,Male,Master's,Sales Manager,Manufacturing,13.1,Chennai,Full-time,Large (1000-5000),Remote,1655914.54,"Leadership, Machine Learning, SQL",2,1,3080969.23
37,Male,Bachelor's,Customer Support Executive,Healthcare,11.2,Remote (India),Full-time,Startup (1-50),Hybrid,369435.0,"Communication, Machine Learning",0,0,441254.25
29,Male,PhD,Marketing Manager,Education,7.7,Delhi NCR,Full-time,Large (1000-5000),Remote,1836052.02,"Project Management, Communication, Data Analysis, Excel, Cloud Computing",0,1,2428887.43
35,Male,Diploma,Accountant,Media,10.6,Jaipur,Full-time,Medium (201-1000),Hybrid,248245.73,"Data Analysis, Communication",1,0,563394.98
34,Male,Bachelor's,Administrative Assistant,Consulting,4.2,Chennai,Full-time,Medium (201-1000),On-site,366831.16,"Project Management, Python, Excel, Communication, SQL",2,0,504775.87
31,Other,Master's,Senior Software Engineer,Consulting,8.6,Pune,Full-time,Small (51-200),Hybrid,2234215.22,"Project Management, Python",0,0,2730674.15
31,Male,Diploma,Sales Manager,Media,8.8,Remote (India),Full-time,Medium (201-1000),On-site,1437169.13,"Java, JavaScript, Excel, Python",3,1,1732861.43
24,Female,Bachelor's,UX Designer,Information Technology,4.9,Hyderabad,Freelance,Enterprise (5000+),Hybrid,871753.55,"Project Management, JavaScript",3,0,1717438.55
37,Male,Bachelor's,Customer Support Executive,Retail,12.9,Jaipur,Full-time,Startup (1-50),On-site,422646.51,"C++, Machine Learning, Java, Excel, Python",3,1,426915.67
28,Male,Bachelor's,Sales Manager,Media,3.2,Bangalore,Full-time,Large (1000-5000),Remote,1086641.56,"SQL, Python, Project Management",0,1,2012570.76
56,Male,High School,Research Scientist,Government,23.7,Remote (India),Full-time,Medium (201-1000),Remote,1142854.23,"Project Management, Data Analysis, Java, Cloud Computing",2,0,1946328.85
35,Female,High School,Graphic Designer,Government,8.4,Jaipur,Full-time,Startup (1-50),Hybrid,303816.09,"JavaScript, Leadership, Communication, Python, SQL",0,0,344280.25
27,Male,Master's,DevOps Engineer,Manufacturing,4.8,Jaipur,Freelance,Medium (201-1000),Hybrid,1561888.18,"Data Analysis, SQL, Leadership, Project Management",0,0,1577664.83
31,Male,Bachelor's,Project Manager,Consulting,4.3,Delhi NCR,Full-time,Medium (201-1000),Remote,1357344.02,"Communication, Data Analysis",1,1,2052892.42
33,Male,Bachelor's,Customer Support Executive,Information Technology,7.7,Jaipur,Full-time,Small (51-200),Hybrid,414063.55,"Communication, C++, Data Analysis, Java",2,0,431731.19
32,Female,Master's,Data Analyst,Information Technology,6.6,Hyderabad,Full-time,Enterprise (5000+),On-site,1292880.99,"Data Analysis, SQL, Excel, C++, Java",2,0,1521846.5
23,Male,Bachelor's,DevOps Engineer,Finance,2.5,Kolkata,Full-time,Large (1000-5000),Hybrid,1238466.25,"Cloud Computing, Excel, Leadership, Data Analysis",3,0,2312192.14
29,Female,Master's,UX Designer,Media,3.5,Hyderabad,Freelance,Enterprise (5000+),Hybrid,1138213.5,"Data Analysis, C++",1,0,1510734.03
25,Male,PhD,Financial Analyst,Finance,5.0,Remote (India),Full-time,Small (51-200),On-site,1254823.86,"Machine Learning, Java",3,0,1353094.11
29,Female,Master's,UX Designer,Retail,9.4,Kolkata,Full-time,Small (51-200),Hybrid,1051720.67,"Java, Excel, Cloud Computing, Machine Learning",2,0,1421699.29
35,Male,High School,Marketing Manager,Healthcare,9.5,Hyderabad,Full-time,Enterprise (5000+),Remote,1046810.17,"Cloud Computing, C++",3,1,1857113.91
28,Male,Bachelor's,Executive Director,Media,8.7,Bangalore,Full-time,Startup (1-50),Remote,4242907.66,"Data Analysis, JavaScript, Java",1,1,5338638.78
24,Female,Master's,Sales Executive,Media,3.7,Ahmedabad,Full-time,Startup (1-50),On-site,546211.68,"Excel, SQL, JavaScript, C++, Project Management",0,0,575718.89
49,Male,Diploma,HR Executive,Government,18.2,Delhi NCR,Part-time,Small (51-200),Hybrid,327252.96,"Cloud Computing, Excel, Communication, Java, C++",2,0,343334.12
44,Male,Master's,Data Analyst,Telecommunications,19.4,Remote (India),Full-time,Small (51-200),On-site,1182420.79,"Communication, Excel, Python, Project Management",0,0,1194364.43
21,Female,Bachelor's,UX Designer,Manufacturing,1.6,Ahmedabad,Full-time,Large (1000-5000),Remote,579487.54,"Excel, Project Management",3,0,1132795.98
45,Male,Bachelor's,Executive Director,Telecommunications,16.1,Hyderabad,Full-time,Small (51-200),Remote,4704138.32,"Java, SQL, Communication, Cloud Computing, Python",0,1,6845593.93
38,Male,Bachelor's,DevOps Engineer,Finance,12.3,Kolkata,Part-time,Medium (201-1000),On-site,1358403.02,"Python, C++, JavaScript, Java",0,0,1375282.73
39,Male,Bachelor's,Data Scientist,Healthcare,4.9,Hyderabad,Contract,Large (1000-5000),On-site,1199083.64,"Excel, JavaScript, Python, Communication",3,0,1916719.35
28,Male,Master's,HR Manager,Healthcare,8.5,Ahmedabad,Full-time,Enterprise (5000+),Remote,1441667.74,"Data Analysis, Leadership",2,1,2305386.77
28,Male,Master's,Data Scientist,Healthcare,9.1,Delhi NCR,Full-time,Large (1000-5000),Remote,2428910.29,"SQL, Leadership, Cloud Computing",1,0,3172133.58
32,Male,Diploma,HR Executive,Healthcare,8.3,Ahmedabad,Full-time,Small (51-200),On-site,323414.82,"Python, Project Management, Java",3,0,400460.52
32,Female,Diploma,HR Manager,Healthcare,7.9,Bangalore,Full-time,Small (51-200),Remote,964483.5,"C++, Excel, Project Management, Data Analysis",2,1,1634873.83
33,Male,Diploma,Financial Analyst,Manufacturing,9.7,Kolkata,Full-time,Medium (201-1000),On-site,669874.96,"Python, C++, Excel",2,0,769790.73
29,Male,Master's,Accountant,Consulting,7.3,Kolkata,Contract,Medium (201-1000),Hybrid,766155.69,"JavaScript, C++, Data Analysis",2,0,801329.65
21,Male,Master's,Administrative Assistant,Education,0.6,Mumbai,Full-time,Startup (1-50),Hybrid,307481.48,"Communication, Python",1,1,413312.18
42,Female,PhD,QA Engineer,Retail,19.3,Bangalore,Full-time,Small (51-200),On-site,1553338.14,"SQL, Communication, Machine Learning",0,1,1842881.92
46,Male,Bachelor's,DevOps Engineer,Retail,18.3,Bangalore,Part-time,Small (51-200),Remote,1026524.78,"Leadership, Python, Java, SQL",3,0,1428669.4
24,Female,Bachelor's,HR Executive,Media,3.8,Delhi NCR,Full-time,Small (51-200),Remote,487431.61,"Cloud Computing, Leadership, Java, C++, Python",0,0,492355.16
36,Male,Diploma,Content Writer,Education,4.6,Bangalore,Full-time,Enterprise (5000+),Remote,288370.0,"Data Analysis, C++, SQL, Cloud Computing",2,0,520939.12
31,Male,Diploma,Executive Director,Healthcare,10.1,Hyderabad,Full-time,Small (51-200),On-site,4364802.12,"JavaScript, C++, Python, Java",0,1,4523447.86
32,Male,Bachelor's,Executive Director,Healthcare,9.7,Remote (India),Contract,Startup (1-50),Remote,4013099.65,"Project Management, Excel, Communication, Cloud Computing, Python",2,1,5175525.83
34,Male,Bachelor's,Content Writer,Telecommunications,8.2,Chennai,Contract,Medium (201-1000),On-site,396070.67,"Communication, C++",0,0,539471.42
26,Other,Bachelor's,QA Engineer,Finance,3.9,Pune,Full-time,Medium (201-1000),Hybrid,944696.18,"Cloud Computing, Data Analysis",1,1,1381562.59
36,Female,Bachelor's,Accountant,Telecommunications,5.5,Mumbai,Full-time,Medium (201-1000),Hybrid,717065.1,"SQL, Excel, Data Analysis, Machine Learning, Communication",0,0,917830.79
24,Male,Bachelor's,QA Engineer,Consulting,8.8,Mumbai,Freelance,Startup (1-50),Remote,621120.43,"Cloud Computing, C++, Excel, Leadership, Project Management",3,0,975832.68
33,Male,Master's,DevOps Engineer,Finance,5.8,Remote (India),Full-time,Enterprise (5000+),Hybrid,1938395.02,"Project Management, SQL",0,0,3174625.1
36,Male,High School,Product Manager,Media,7.5,Jaipur,Contract,Enterprise (5000+),Hybrid,1427481.26,"Excel, Java",0,1,1803991.43
26,Male,High School,Accountant,Healthcare,3.5,Delhi NCR,Full-time,Small (51-200),Remote,512573.17,"Excel, Leadership",3,0,573778.86
29,Male,Bachelor's,Administrative Assistant,Telecommunications,6.5,Chennai,Full-time,Enterprise (5000+),Hybrid,,"Python, Project Management, Data Analysis, Leadership",2,0,608003.34
37,Male,Master's,Administrative Assistant,Retail,12.6,Jaipur,Full-time,Small (51-200),Remote,292831.27,"SQL, Java, Communication, Data Analysis",0,0,349738.35
29,Female,PhD,Graphic Designer,Healthcare,4.4,Bangalore,Full-time,Enterprise (5000+),Remote,772532.46,"Leadership, Data Analysis, Communication",2,0,1368609.34
37,Female,Master's,Graphic Designer,Media,5.2,Jaipur,Full-time,Small (51-200),On-site,484542.63,"Communication, Cloud Computing, C++",1,0,504166.73
33,Male,Master's,Operations Manager,Finance,9.2,Delhi NCR,Full-time,Enterprise (5000+),Hybrid,,"Leadership, Cloud Computing",2,1,3515305.38
33,Male,Bachelor's,DevOps Engineer,Government,10.0,Remote (India),Full-time,Large (1000-5000),Hybrid,1167342.01,"Python, C++, Machine Learning, SQL",2,0,2342631.43
36,Other,Master's,Operations Manager,Information Technology,13.1,Chennai,Full-time,Startup (1-50),Remote,1778371.6,"SQL, Project Management, Communication",3,1,2335118.18
30,Male,Bachelor's,Financial Analyst,Telecommunications,7.2,Delhi NCR,Full-time,Enterprise (5000+),Hybrid,783795.16,"Data Analysis, C++, Cloud Computing",3,0,1463964.48
21,Male,Master's,Financial Analyst,Media,4.5,Delhi NCR,Contract,Enterprise (5000+),On-site,784872.89,"Project Management, SQL, JavaScript",2,0,1464754.4
29,Male,Diploma,Sales Executive,Healthcare,3.1,Bangalore,Full-time,Small (51-200),Remote,481995.84,"Machine Learning, C++, Java, SQL, Python",0,0,620797.03
34,Female,Master's,Data Analyst,Information Technology,14.8,Bangalore,Full-time,Medium (201-1000),On-site,1242156.13,"SQL, Leadership, JavaScript, Python",1,1,2096991.04
28,Female,Master's,Graphic Designer,Consulting,15.7,Pune,Full-time,Medium (201-1000),Hybrid,732409.55,"Java, Machine Learning, Communication, Leadership, SQL",1,0,1183046.58
25,Male,Bachelor's,Graphic Designer,Finance,1.1,Mumbai,Full-time,Small (51-200),Remote,614729.73,"Cloud Computing, C++, Communication, JavaScript, Excel",2,0,739521.48
25,Female,Bachelor's,QA Engineer,Finance,3.4,Jaipur,Full-time,Startup (1-50),On-site,593193.29,"JavaScript, Java, Excel",3,0,670258.76
27,Female,Bachelor's,HR Manager,Media,3.9,Jaipur,Full-time,Medium (201-1000),On-site,936005.19,"Excel, Communication, Data Analysis, Leadership, SQL",2,1,1157275.43
29,Female,Bachelor's,Content Writer,Consulting,2.6,Ahmedabad,Full-time,Enterprise (5000+),Hybrid,429362.96,"Excel, Leadership",2,0,586865.24
35,Female,Bachelor's,Customer Support Executive,Consulting,10.6,Mumbai,Full-time,Small (51-200),Remote,540981.9,"C++, JavaScript, Cloud Computing, Leadership",0,0,650352.3
30,Male,PhD,Project Manager,Education,5.5,Pune,Full-time,Startup (1-50),Remote,1296650.09,"Python, Leadership, Cloud Computing, SQL",2,1,1726518.48
26,Male,Bachelor's,Project Manager,Information Technology,2.7,Bangalore,Full-time,Enterprise (5000+),Hybrid,1537579.32,"Python, Leadership, Java",0,1,2702614.43
36,Female,PhD,HR Executive,Consulting,8.3,Hyderabad,Full-time,Medium (201-1000),Hybrid,563194.49,"Machine Learning, Java",1,0,974598.44
36,Female,Bachelor's,Research Scientist,Education,6.2,Bangalore,Full-time,Medium (201-1000),Hybrid,1492192.0,"Communication, SQL, Machine Learning, Leadership",2,0,1737847.66
36,Male,Bachelor's,Data Analyst,Finance,10.5,Kolkata,Full-time,Startup (1-50),On-site,602656.01,"SQL, Communication, C++, Leadership, Machine Learning",1,0,884708.82
25,Female,High School,Content Writer,Consulting,3.6,Jaipur,Full-time,Small (51-200),Remote,283858.59,"Leadership, Cloud Computing",2,1,431823.78
36,Male,Bachelor's,Operations Manager,Manufacturing,8.7,Hyderabad,Full-time,Enterprise (5000+),Hybrid,955889.3,"Machine Learning, SQL, Excel",1,1,2325402.38
28,Male,Bachelor's,Research Scientist,Education,6.4,Delhi NCR,Full-time,Small (51-200),Hybrid,1194353.2,"Leadership, Cloud Computing",0,0,1663252.89
37,Male,Master's,Sales Manager,Finance,5.8,Mumbai,Full-time,Enterprise (5000+),Remote,2494534.97,"Project Management, Excel, JavaScript, C++",2,1,3938780.32
36,Male,Bachelor's,Graphic Designer,Consulting,9.8,Hyderabad,Full-time,Large (1000-5000),On-site,954003.37,"Java, Python",3,1,1148002.63
32,Female,High School,Research Scientist,Information Technology,13.1,Pune,Full-time,Small (51-200),Remote,1619827.41,"Machine Learning, SQL",0,0,1826036.54
31,Male,High School,Business Analyst,Healthcare,7.3,Pune,Freelance,Small (51-200),Remote,387907.25,"Project Management, Python",1,0,657204.23
33,Female,Master's,Customer Support Executive,Government,4.7,Chennai,Part-time,Startup (1-50),Remote,181677.94,"Excel, Data Analysis, Leadership, Java",3,0,211853.54
28,Female,Bachelor's,Administrative Assistant,Healthcare,3.0,Kolkata,Part-time,Small (51-200),On-site,207344.26,"JavaScript, Project Management, C++",1,1,209438.65
44,Female,Bachelor's,Sales Executive,Telecommunications,14.2,Hyderabad,Full-time,Medium (201-1000),Remote,619874.18,"Python, Excel, Cloud Computing",3,0,1095308.95
30,Male,Master's,Customer Support Executive,Information Technology,9.0,Chennai,Full-time,Startup (1-50),Remote,589327.63,"Python, Excel",1,1,679320.4
21,Male,Bachelor's,Data Scientist,Retail,2.5,Jaipur,Full-time,Large (1000-5000),Remote,756096.86,"Excel, Project Management, Leadership, Cloud Computing, Python",3,0,1523890.38
30,Female,High School,DevOps Engineer,Information Technology,2.9,Delhi NCR,Full-time,Enterprise (5000+),Remote,1406043.5,"Project Management, SQL, Cloud Computing, Python, Data Analysis",0,0,2226391.59
28,Female,Bachelor's,Product Manager,Retail,4.4,Kolkata,Freelance,Medium (201-1000),On-site,1509938.74,"Python, JavaScript",2,1,1951684.93
29,Female,Diploma,Operations Manager,Education,2.0,Pune,Full-time,Enterprise (5000+),Hybrid,916709.65,"Cloud Computing, Machine Learning",0,1,1138562.53
21,Female,Master's,QA Engineer,Consulting,4.0,Jaipur,Full-time,Startup (1-50),Hybrid,760773.69,"SQL, Cloud Computing, Project Management, Communication, C++",2,1,1149187.42
30,Male,Bachelor's,Project Manager,Consulting,6.0,Kolkata,Full-time,Medium (201-1000),Remote,1055022.61,"Cloud Computing, Python",1,1,1646426.5
45,Female,PhD,Project Manager,Information Technology,17.4,Hyderabad,Part-time,Small (51-200),On-site,1462284.63,"Python, JavaScript, Excel, Project Management",2,1,1979046.71
32,Male,Master's,HR Executive,Education,14.4,Pune,Part-time,Enterprise (5000+),Remote,299426.01,"Cloud Computing, Communication, Project Management, Leadership, Python",3,0,545547.21
31,Male,Bachelor's,Sales Executive,Finance,7.3,Chennai,Full-time,Startup (1-50),Remote,684675.24,"Leadership, Excel, Data Analysis",3,0,691947.47
31,Female,Master's,DevOps Engineer,Finance,1.0,Kolkata,Full-time,Medium (201-1000),Remote,2147921.06,"Python, SQL, Leadership, C++, Machine Learning",3,1,3258598.8
42,Male,High School,Financial Analyst,Telecommunications,10.7,Kolkata,Full-time,Large (1000-5000),On-site,713159.54,"Data Analysis, Cloud Computing, SQL, JavaScript, Communication",0,0,740002.55
51,Other,Bachelor's,Operations Manager,Retail,24.7,Pune,Full-time,Large (1000-5000),Remote,1593145.67,"JavaScript, Project Management, Data Analysis",1,1,2173372.41
32,Male,High School,Data Scientist,Consulting,3.8,Remote (India),Full-time,Medium (201-1000),On-site,819303.01,"Java, Cloud Computing, JavaScript, Python, SQL",2,0,1381383.65
34,Female,Master's,Executive Director,Finance,5.5,Ahmedabad,Contract,Startup (1-50),Remote,5169560.96,"JavaScript, Communication, Python, Cloud Computing",0,1,5552600.0
37,Male,Master's,Executive Director,Manufacturing,5.3,Pune,Contract,Medium (201-1000),Hybrid,4078824.94,"C++, Java",0,1,5383697.8
32,Male,High School,Sales Executive,Retail,12.0,Hyderabad,Full-time,Small (51-200),Remote,396751.73,"Leadership, SQL, Data Analysis, Python, C++",3,0,560827.26
26,Female,Diploma,Customer Support Executive,Education,6.7,Remote (India),Full-time,Large (1000-5000),Hybrid,263195.29,"Cloud Computing, C++",3,0,308692.42
34,Male,Bachelor's,Senior Software Engineer,Media,6.1,Bangalore,Full-time,Small (51-200),Remote,1259961.61,"C++, Java, Machine Learning",0,0,1960515.45
25,Female,Diploma,Product Manager,Retail,0.8,Kolkata,Full-time,Enterprise (5000+),On-site,1342427.37,"JavaScript, Data Analysis",2,1,1861507.74
36,Female,PhD,Marketing Manager,Consulting,6.4,Jaipur,Full-time,Startup (1-50),On-site,1766631.31,"Python, Data Analysis, Project Management, Excel",1,1,1784476.07
28,Male,Bachelor's,Project Manager,Manufacturing,3.1,Mumbai,Full-time,Startup (1-50),Remote,1168984.54,"Leadership, Java, Machine Learning",0,1,1411646.36
35,Male,Diploma,DevOps Engineer,Government,8.5,Bangalore,Full-time,Enterprise (5000+),Hybrid,1896959.49,"Excel, Data Analysis, Java, Communication, SQL",2,0,2254276.47
28,Female,Bachelor's,Content Writer,Government,3.1,Remote (India),Contract,Medium (201-1000),Remote,315146.79,"Communication, Java",2,0,406582.34
38,Female,Bachelor's,Senior Software Engineer,Healthcare,9.6,Pune,Contract,Medium (201-1000),Hybrid,1274323.16,"C++, Project Management, Excel, Leadership, Machine Learning",3,0,2613900.38
31,Other,Diploma,Sales Executive,Telecommunications,1.2,Mumbai,Full-time,Medium (201-1000),Hybrid,609361.37,"Leadership, C++",3,0,618352.22
36,Male,Bachelor's,DevOps Engineer,Finance,14.8,Chennai,Freelance,Medium (201-1000),On-site,2188960.75,"Data Analysis, Project Management, SQL, Excel",3,0,2550616.35
31,Female,PhD,Software Engineer,Retail,5.8,Delhi NCR,Full-time,Enterprise (5000+),Remote,1016721.61,"Communication, C++, Leadership",2,0,1847815.21
24,Male,Diploma,Marketing Manager,Education,7.5,Remote (India),Full-time,Startup (1-50),On-site,834909.77,"Excel, Project Management",1,1,843343.2
45,Male,Bachelor's,Sales Executive,Education,24.3,Remote (India),Full-time,Small (51-200),Hybrid,649825.05,"C++, SQL, Cloud Computing, Project Management, JavaScript",2,0,855689.93
53,Female,Bachelor's,Research Scientist,Telecommunications,32.1,Jaipur,Full-time,Startup (1-50),Hybrid,1773915.47,"Python, Cloud Computing, JavaScript, SQL",0,0,2341834.71
41,Female,Bachelor's,Content Writer,Education,21.6,Mumbai,Full-time,Enterprise (5000+),Remote,604225.65,"Leadership, Java",2,0,992637.15
36,Female,Master's,Sales Manager,Consulting,14.8,Mumbai,Full-time,Startup (1-50),On-site,3103914.54,"Leadership, Excel",1,1,3135267.22
29,Female,Master's,Data Scientist,Telecommunications,7.4,Bangalore,Full-time,Small (51-200),Remote,1901152.4,"SQL, Communication, Cloud Computing, C++, JavaScript",0,0,2269935.19
21,Male,Master's,HR Manager,Finance,1.7,Bangalore,Full-time,Large (1000-5000),On-site,1459079.93,"Machine Learning, C++",0,1,2433650.44
40,Male,Bachelor's,Graphic Designer,Information Technology,10.8,Mumbai,Full-time,Small (51-200),Hybrid,481312.95,"Communication, Machine Learning",1,0,1001158.04
33,Female,Diploma,Executive Director,Education,4.3,Ahmedabad,Full-time,Startup (1-50),Remote,1854843.66,"Communication, Leadership, Cloud Computing",3,1,2305816.18
30,Male,Bachelor's,Software Engineer,Government,6.3,Jaipur,Full-time,Enterprise (5000+),Remote,,"Project Management, Python",0,0,1038053.55
37,Male,Master's,Financial Analyst,Finance,9.8,Chennai,Contract,Medium (201-1000),Hybrid,1152992.92,"JavaScript, Project Management, Cloud Computing",0,0,1577205.54
50,Female,Diploma,Data Analyst,Retail,19.0,Hyderabad,Full-time,Medium (201-1000),Remote,643340.37,"Data Analysis, JavaScript",1,0,958519.06
36,Male,Bachelor's,Research Scientist,Telecommunications,9.4,Hyderabad,Full-time,Medium (201-1000),Remote,1493805.27,"Communication, Machine Learning, Data Analysis, Leadership, Python",0,0,2173089.92
27,Female,Bachelor's,Content Writer,Information Technology,4.5,Pune,Full-time,Enterprise (5000+),Remote,516352.35,"Data Analysis, SQL, Java, Cloud Computing",3,0,947601.15
29,Male,High School,Marketing Manager,Healthcare,3.6,Delhi NCR,Full-time,Medium (201-1000),Remote,1155399.93,"Communication, JavaScript",0,1,1276454.3
34,Female,Bachelor's,Accountant,Telecommunications,6.5,Delhi NCR,Full-time,Startup (1-50),Hybrid,674265.99,"Machine Learning, Communication, Leadership, SQL, Excel",1,0,757573.71
30,Female,Diploma,Sales Executive,Retail,1.0,Ahmedabad,Full-time,Large (1000-5000),On-site,190927.19,"Leadership, JavaScript, SQL",3,0,411579.71
32,Male,Master's,Product Manager,Manufacturing,1.4,Ahmedabad,Full-time,Large (1000-5000),On-site,,"Java, Machine Learning, Excel, Project Management",1,1,2979317.28
25,Female,Master's,Financial Analyst,Healthcare,1.2,Delhi NCR,Full-time,Large (1000-5000),Hybrid,1121631.22,"Leadership, Java, Python, Cloud Computing",1,0,1385839.66
26,Male,Bachelor's,Data Scientist,Information Technology,1.6,Pune,Contract,Enterprise (5000+),Hybrid,1106920.54,"Data Analysis, C++, Cloud Computing, SQL",0,0,1969702.87
30,Male,Bachelor's,Project Manager,Consulting,4.6,Jaipur,Full-time,Medium (201-1000),On-site,1195393.4,"Machine Learning, SQL, JavaScript",1,1,1676314.4
24,Female,Diploma,Financial Analyst,Healthcare,4.8,Ahmedabad,Full-time,Startup (1-50),On-site,659358.3,"C++, Communication, Leadership, Python",2,0,738275.77
26,Male,Master's,Data Analyst,Consulting,1.8,Mumbai,Full-time,Enterprise (5000+),Hybrid,892242.23,"JavaScript, Cloud Computing, Excel, Python, Leadership",2,0,1583998.61
38,Male,Bachelor's,Project Manager,Healthcare,10.4,Bangalore,Contract,Medium (201-1000),On-site,1677569.96,"Communication, Leadership, Data Analysis",0,1,2293196.98
28,Male,Bachelor's,Executive Director,Healthcare,6.0,Remote (India),Full-time,Startup (1-50),Hybrid,4359039.18,"SQL, Communication, Python, Java, Leadership",3,1,5415371.98
35,Female,Diploma,Data Analyst,Consulting,5.3,Bangalore,Full-time,Startup (1-50),Remote,824617.55,"Leadership, Communication, Python, Project Management",0,1,832947.02
44,Female,Diploma,Marketing Manager,Information Technology,15.7,Remote (India),Full-time,Startup (1-50),Remote,1380973.56,"Cloud Computing, JavaScript, Leadership, Java",2,1,1649903.87
29,Male,High School,Accountant,Telecommunications,3.0,Mumbai,Full-time,Medium (201-1000),Remote,505562.12,"Excel, Java, Leadership",0,0,643235.41
31,Female,High School,Operations Manager,Consulting,1.7,Jaipur,Full-time,Enterprise (5000+),Hybrid,894524.87,"Cloud Computing, SQL, Java",1,1,1261942.74
28,Male,Master's,HR Executive,Consulting,7.1,Chennai,Full-time,Large (1000-5000),On-site,549581.94,"Communication, Leadership, Python",1,0,789343.53
23,Male,High School,Financial Analyst,Finance,1.8,Hyderabad,Full-time,Enterprise (5000+),On-site,524289.53,"Communication, SQL, Leadership, Data Analysis, Java",2,0,1125549.88
33,Male,Bachelor's,Financial Analyst,Healthcare,7.8,Ahmedabad,Contract,Medium (201-1000),Hybrid,773162.74,"Leadership, Java",1,0,998252.59
29,Female,Bachelor's,Content Writer,Education,6.3,Delhi NCR,Full-time,Enterprise (5000+),Hybrid,504691.83,"Data Analysis, Leadership, SQL, Machine Learning, Cloud Computing",2,0,804852.91
30,Male,Diploma,Data Scientist,Retail,4.5,Kolkata,Full-time,Startup (1-50),Remote,615012.13,"Java, Python, SQL, C++",1,0,1013130.18
37,Male,Master's,HR Executive,Healthcare,7.8,Pune,Full-time,Large (1000-5000),Remote,446345.25,"Communication, Leadership",2,0,832807.33
23,Male,Bachelor's,DevOps Engineer,Media,2.4,Chennai,Full-time,Small (51-200),On-site,1104517.36,"JavaScript, Cloud Computing, Project Management, Java",0,0,1643439.74
31,Male,High School,Content Writer,Retail,2.3,Hyderabad,Freelance,Large (1000-5000),Remote,240184.38,"SQL, Machine Learning, Java",3,0,391865.86
24,Male,Master's,QA Engineer,Information Technology,4.1,Jaipur,Full-time,Small (51-200),On-site,744063.54,"SQL, Java",1,0,939063.4
32,Male,Master's,Product Manager,Education,3.3,Jaipur,Contract,Startup (1-50),Remote,1255170.01,"Excel, Machine Learning, Communication",2,1,1628906.12
32,Male,Bachelor's,Project Manager,Government,6.6,Jaipur,Full-time,Enterprise (5000+),On-site,1034408.25,"JavaScript, Excel",3,1,1493332.38
30,Male,Bachelor's,Data Scientist,Manufacturing,14.0,Mumbai,Full-time,Medium (201-1000),Remote,2046510.35,"Python, Leadership, JavaScript, Data Analysis",3,0,2727347.69
29,Male,PhD,Graphic Designer,Retail,2.6,Ahmedabad,Full-time,Medium (201-1000),On-site,427637.69,"Leadership, Machine Learning, Python",1,0,613347.47
51,Male,High School,Sales Executive,Telecommunications,16.6,Delhi NCR,Full-time,Small (51-200),Remote,623899.57,"Project Management, SQL",0,0,818577.09
23,Female,Bachelor's,Customer Support Executive,Media,1.8,Chennai,Full-time,Large (1000-5000),Remote,357823.89,"Excel, SQL, Project Management",2,0,361438.27
42,Male,Bachelor's,HR Executive,Government,13.5,Mumbai,Full-time,Medium (201-1000),Hybrid,619887.65,"Cloud Computing, JavaScript, Machine Learning, Project Management, Leadership",0,0,811543.07
30,Male,Bachelor's,Data Analyst,Healthcare,4.1,Chennai,Contract,Medium (201-1000),On-site,475960.59,"Project Management, Excel, JavaScript",1,0,820882.9
27,Male,High School,Research Scientist,Retail,2.5,Chennai,Full-time,Startup (1-50),Hybrid,890009.48,"Excel, Leadership, Data Analysis",0,0,898999.47
31,Female,Master's,Product Manager,Education,0.5,Hyderabad,Full-time,Enterprise (5000+),Hybrid,2431657.31,"Project Management, Communication, Java, Python, JavaScript",2,1,3310176.72
28,Female,Diploma,Accountant,Finance,5.5,Delhi NCR,Full-time,Medium (201-1000),On-site,698846.8,"JavaScript, Project Management",3,0,859797.34
21,Male,Bachelor's,Graphic Designer,Manufacturing,1.7,Hyderabad,Full-time,Enterprise (5000+),Hybrid,375418.28,"Java, Data Analysis, SQL, C++, Python",2,0,703336.66
21,Female,Diploma,Business Analyst,Consulting,5.7,Chennai,Full-time,Large (1000-5000),Remote,856003.8,"Project Management, Communication",3,0,1104323.58
34,Female,Master's,Business Analyst,Healthcare,4.2,Delhi NCR,Full-time,Medium (201-1000),On-site,1065376.3,"Data Analysis, Machine Learning, Java, Leadership",3,0,1514391.53
32,Male,Bachelor's,DevOps Engineer,Government,3.9,Remote (India),Full-time,Small (51-200),On-site,1336338.82,"SQL, C++, Leadership, Machine Learning",0,0,1422659.48
28,Male,Master's,Sales Manager,Retail,10.4,Remote (India),Full-time,Small (51-200),Hybrid,1756621.65,"Project Management, Cloud Computing, SQL, Data Analysis, JavaScript",1,1,2030180.8
32,Female,Bachelor's,UX Designer,Manufacturing,2.2,Jaipur,Full-time,Medium (201-1000),Remote,671901.73,"SQL, Java, Excel, Communication, C++",0,0,938875.16
27,Male,Master's,UX Designer,Consulting,10.5,Ahmedabad,Contract,Medium (201-1000),Hybrid,1121794.64,"Project Management, Leadership",0,0,1446198.02
26,Male,Bachelor's,Research Scientist,Government,4.0,Kolkata,Full-time,Enterprise (5000+),On-site,788739.86,"Machine Learning, SQL, Leadership",1,0,1721222.3
34,Male,Bachelor's,UX Designer,Healthcare,3.4,Mumbai,Full-time,Medium (201-1000),Hybrid,932529.82,"Leadership, C++, Project Management, JavaScript",1,0,1630486.87
46,Male,Diploma,Sales Manager,Manufacturing,17.3,Bangalore,Full-time,Large (1000-5000),Remote,1189810.17,"C++, Data Analysis, Java",2,1,1879741.99
27,Female,High School,Accountant,Consulting,5.6,Delhi NCR,Full-time,Medium (201-1000),On-site,723112.01,"Java, Project Management, JavaScript, Python, Leadership",2,1,860431.17
26,Male,Diploma,Data Scientist,Consulting,3.5,Ahmedabad,Full-time,Enterprise (5000+),Hybrid,976579.63,"Cloud Computing, Leadership, Python",3,0,1609563.83
37,Female,Diploma,Sales Manager,Finance,,Jaipur,Full-time,Startup (1-50),Hybrid,844600.56,"Cloud Computing, SQL, Machine Learning, Leadership, Project Management",2,1,1460949.52
31,Male,Master's,DevOps Engineer,Manufacturing,6.8,Pune,Full-time,Small (51-200),Hybrid,1366763.16,"Cloud Computing, Python, C++, Machine Learning",3,0,2556728.29
25,Female,Diploma,HR Manager,Media,1.6,Jaipur,Full-time,Startup (1-50),On-site,731692.29,"Excel, Cloud Computing, C++",2,1,873371.3
39,Female,Bachelor's,Accountant,Education,11.7,Kolkata,Full-time,Medium (201-1000),Remote,463494.07,"Machine Learning, Python, SQL, Leadership, Cloud Computing",0,0,702033.43
30,Male,Master's,Senior Software Engineer,Telecommunications,7.2,Kolkata,Full-time,Enterprise (5000+),Remote,2457267.37,"Leadership, Cloud Computing, C++",0,1,3938041.09
31,Male,Bachelor's,Executive Director,Government,1.1,Pune,Full-time,Large (1000-5000),On-site,4001798.02,"Communication, Leadership",2,1,5518022.49
29,Male,Bachelor's,Research Scientist,Education,4.0,Pune,Full-time,Large (1000-5000),On-site,1237954.17,"C++, Java, SQL, Machine Learning",3,0,1616822.2
53,Male,Bachelor's,Sales Executive,Media,32.8,Hyderabad,Full-time,Large (1000-5000),Remote,1315456.16,"Java, Machine Learning",0,0,1328743.59
28,Female,Master's,Product Manager,Consulting,4.8,Bangalore,Full-time,Medium (201-1000),Hybrid,3013288.16,"JavaScript, Communication, Cloud Computing, C++",3,1,4883097.87
52,Female,Master's,HR Manager,Information Technology,31.0,Chennai,Contract,Small (51-200),Hybrid,2413522.38,"C++, JavaScript, Python, Leadership, Machine Learning",1,1,3246557.1
34,Female,High School,Business Analyst,Retail,2.4,Hyderabad,Full-time,Small (51-200),On-site,433552.61,"SQL, Project Management, C++, Machine Learning, Python",2,0,676608.01
27,Male,Diploma,Data Analyst,Government,3.0,Kolkata,Full-time,Enterprise (5000+),Hybrid,270896.73,"Java, JavaScript, Project Management, Data Analysis, Machine Learning",2,0,761485.07
35,Male,Bachelor's,Content Writer,Media,10.3,Jaipur,Full-time,Small (51-200),On-site,345674.01,"Java, Cloud Computing, Communication, Data Analysis, Machine Learning",3,0,519656.15
32,Female,Bachelor's,Accountant,Consulting,12.2,Chennai,Freelance,Small (51-200),Remote,479793.21,"Communication, Excel, Java, C++, Data Analysis",1,1,898809.65
26,Male,Bachelor's,Marketing Manager,Retail,8.1,Remote (India),Full-time,Large (1000-5000),Hybrid,1317851.71,"Cloud Computing, Machine Learning, C++",0,1,1577939.42
21,Male,Master's,QA Engineer,Information Technology,4.7,Kolkata,Full-time,Small (51-200),On-site,922595.08,"Java, Project Management",1,0,1116990.2
32,Other,Diploma,Software Engineer,Healthcare,2.5,Ahmedabad,Full-time,Medium (201-1000),On-site,724109.73,"Communication, SQL",0,0,769784.33
31,Female,PhD,Research Scientist,Finance,4.7,Mumbai,Full-time,Startup (1-50),Hybrid,1537376.31,"Leadership, Data Analysis, Cloud Computing, SQL",2,0,3083164.17
39,Female,Bachelor's,Business Analyst,Education,9.9,Chennai,Contract,Small (51-200),Hybrid,401177.43,"Java, C++, Data Analysis, Machine Learning",1,0,824117.38
24,Female,Diploma,Product Manager,Information Technology,0.9,Mumbai,Contract,Startup (1-50),Hybrid,1330482.43,"Leadership, Java, C++, Communication",0,1,2258597.26
27,Male,PhD,HR Executive,Telecommunications,5.4,Ahmedabad,Part-time,Small (51-200),On-site,344423.01,"Communication, Cloud Computing",1,0,347902.03
34,Female,Bachelor's,Sales Executive,Information Technology,4.6,Bangalore,Full-time,Startup (1-50),Hybrid,612583.23,"Leadership, Project Management, Cloud Computing, Data Analysis, C++",1,0,847844.83
36,Male,Bachelor's,Financial Analyst,Healthcare,6.8,Ahmedabad,Full-time,Medium (201-1000),Remote,776334.5,"JavaScript, C++, Excel, Cloud Computing, Python",1,0,1048099.73
39,Male,Master's,UX Designer,Retail,12.5,Hyderabad,Full-time,Small (51-200),Remote,1005240.72,"C++, Leadership, Machine Learning, Project Management",0,0,1611164.06
31,Male,Bachelor's,Financial Analyst,Telecommunications,10.1,Mumbai,Full-time,Small (51-200),Remote,1146982.93,"Project Management, Python",3,0,1207677.74
25,Male,Bachelor's,Administrative Assistant,Media,3.1,Kolkata,Full-time,Small (51-200),Remote,257927.85,"C++, SQL, JavaScript, Machine Learning",2,0,333366.62
40,Male,PhD,Accountant,Telecommunications,12.5,Ahmedabad,Contract,Startup (1-50),On-site,796345.04,"Communication, SQL, Data Analysis",2,0,817052.37
43,Male,Diploma,Data Analyst,Consulting,17.0,Mumbai,Full-time,Medium (201-1000),On-site,865371.36,"Java, JavaScript",0,0,1191265.87
29,Male,Bachelor's,HR Executive,Education,4.8,Kolkata,Full-time,Large (1000-5000),Hybrid,408641.64,"Communication, Leadership, Project Management, Java",0,0,461178.34
22,Male,Master's,Marketing Manager,Government,2.3,Delhi NCR,Full-time,Enterprise (5000+),On-site,1468315.71,"Project Management, C++, Excel, Cloud Computing",2,1,2239352.75
32,Male,Bachelor's,Customer Support Executive,Manufacturing,5.8,Pune,Full-time,Startup (1-50),Remote,289574.86,"Excel, Communication, Cloud Computing, Python",3,0,401595.21
26,Male,Bachelor's,Operations Manager,Consulting,1.2,Hyderabad,Contract,Startup (1-50),Remote,1406942.46,"JavaScript, Java, Communication",2,1,1421154.0
29,Male,Bachelor's,Accountant,Healthcare,8.1,Delhi NCR,Full-time,Startup (1-50),On-site,580733.55,"Excel, Java, Project Management, C++",0,0,718608.12
34,Male,Master's,Data Analyst,Healthcare,3.9,Chennai,Full-time,Startup (1-50),Hybrid,734412.1,"Cloud Computing, C++, Java, JavaScript",1,0,917981.08
28,Female,Bachelor's,DevOps Engineer,Government,6.8,Ahmedabad,Full-time,Medium (201-1000),Hybrid,1242635.0,"SQL, Machine Learning, C++, Cloud Computing, Leadership",2,0,1668066.3
37,Male,Bachelor's,Content Writer,Manufacturing,7.7,Chennai,Full-time,Medium (201-1000),Hybrid,446316.47,"Project Management, Java, Data Analysis, Cloud Computing, Leadership",1,0,623714.21
30,Female,High School,UX Designer,Government,6.5,Mumbai,Freelance,Small (51-200),Remote,876249.74,"Leadership, Data Analysis, Communication, Project Management, Cloud Computing",2,0,885100.75
31,Female,Bachelor's,Sales Manager,Healthcare,10.6,Chennai,Full-time,Small (51-200),Hybrid,1140167.38,"Communication, JavaScript, Project Management, C++, Machine Learning",0,1,2060894.75
32,Male,High School,DevOps Engineer,Finance,7.1,Mumbai,Freelance,Large (1000-5000),On-site,1313503.05,"Cloud Computing, Python",2,0,1943996.62
29,Male,Bachelor's,Senior Software Engineer,Manufacturing,2.6,Ahmedabad,Freelance,Large (1000-5000),Remote,886601.12,"Python, Data Analysis, SQL, Leadership",0,0,1645441.55
28,Male,Bachelor's,Sales Executive,Information Technology,3.4,Kolkata,Full-time,Enterprise (5000+),Hybrid,450803.72,"Communication, Cloud Computing, JavaScript, Python",0,1,913125.73
30,Male,Master's,HR Executive,Consulting,1.9,Ahmedabad,Full-time,Medium (201-1000),On-site,364178.85,"Cloud Computing, Communication",0,0,561305.76
28,Female,Bachelor's,HR Executive,Consulting,4.5,Jaipur,Full-time,Startup (1-50),Hybrid,444412.19,"Excel, Cloud Computing, Data Analysis",0,0,449301.39
37,Male,Master's,Accountant,Retail,4.7,Pune,Full-time,Startup (1-50),Hybrid,355280.93,"Python, Java, Cloud Computing, Excel",2,0,657339.22
28,Female,Bachelor's,Data Scientist,Consulting,6.7,Remote (India),Full-time,Large (1000-5000),Hybrid,899889.88,"Leadership, Machine Learning, Project Management, SQL",1,0,2203112.92
31,Male,Diploma,Marketing Manager,Manufacturing,6.7,Chennai,Part-time,Enterprise (5000+),On-site,,"Data Analysis, Project Management, JavaScript, Machine Learning, Leadership",1,1,1030645.98
37,Male,Diploma,Data Analyst,Retail,11.7,Bangalore,Full-time,Startup (1-50),On-site,,"Python, Project Management, Data Analysis",1,0,739914.83
36,Female,Bachelor's,DevOps Engineer,Manufacturing,7.7,Mumbai,Full-time,Startup (1-50),On-site,1604843.41,"Java, JavaScript, Project Management",2,0,2043874.93
26,Male,Bachelor's,Research Scientist,Retail,6.6,Mumbai,Full-time,Startup (1-50),On-site,837659.12,"Cloud Computing, C++, Excel",3,0,1955109.22
28,Male,Diploma,Financial Analyst,Consulting,,Hyderabad,Part-time,Enterprise (5000+),Remote,383194.76,"Python, JavaScript, Communication",3,0,813846.15
30,Female,Master's,Graphic Designer,Healthcare,6.2,Delhi NCR,Full-time,Enterprise (5000+),On-site,763913.23,"Data Analysis, SQL, C++",3,1,1351401.28
32,Female,Bachelor's,Customer Support Executive,Telecommunications,3.9,Remote (India),Full-time,Enterprise (5000+),Hybrid,294586.72,"Machine Learning, Communication, C++, Data Analysis, Java",2,0,553233.55
44,Male,Master's,Marketing Manager,Consulting,16.4,Ahmedabad,Full-time,Small (51-200),Remote,1274956.8,"Machine Learning, Project Management",1,1,2205626.71
28,Male,High School,Marketing Manager,Education,5.4,Hyderabad,Full-time,Medium (201-1000),Remote,600428.56,"C++, Java, Machine Learning, Excel, JavaScript",2,1,1183207.92
29,Male,Diploma,Senior Software Engineer,Education,6.8,Kolkata,Full-time,Enterprise (5000+),Hybrid,1055263.43,"Communication, SQL, Excel, Machine Learning, C++",2,0,2049624.34
24,Male,Bachelor's,Project Manager,Finance,2.0,Mumbai,Contract,Small (51-200),Remote,1053500.48,"Data Analysis, Project Management, Communication, SQL",2,1,1730946.49
28,Male,Bachelor's,DevOps Engineer,Retail,4.1,Bangalore,Full-time,Small (51-200),On-site,1616916.44,"Python, Leadership",2,0,1633248.93
35,Female,Master's,Senior Software Engineer,Media,9.6,Jaipur,Part-time,Medium (201-1000),Remote,862025.11,"Machine Learning, JavaScript, Project Management",1,0,1248527.66
26,Male,Bachelor's,HR Manager,Finance,2.3,Remote (India),Full-time,Medium (201-1000),Remote,1131638.79,"Project Management, Communication, Cloud Computing, JavaScript, Java",1,1,1614943.02
30,Female,Bachelor's,Marketing Manager,Media,7.1,Jaipur,Full-time,Enterprise (5000+),On-site,518096.38,"Communication, Excel",2,1,1396031.25
36,Female,Master's,HR Manager,Retail,11.3,Delhi NCR,Full-time,Small (51-200),Remote,1437303.49,"Data Analysis, JavaScript, Cloud Computing, Project Management",2,1,1953300.83
40,Male,Bachelor's,Administrative Assistant,Finance,10.8,Delhi NCR,Contract,Small (51-200),Hybrid,400169.61,"Machine Learning, Communication",0,0,468676.8
40,Male,Master's,Sales Manager,Finance,11.5,Pune,Full-time,Startup (1-50),On-site,2380074.65,"Machine Learning, Python",3,1,2578438.19
27,Male,Bachelor's,DevOps Engineer,Retail,13.2,Jaipur,Full-time,Large (1000-5000),Hybrid,1264051.22,"Project Management, Data Analysis",0,0,1785514.82
31,Male,Master's,Administrative Assistant,Retail,3.8,Jaipur,Full-time,Large (1000-5000),Remote,280290.84,"Data Analysis, Leadership, Project Management, Excel",1,0,378960.78
37,Male,Master's,HR Executive,Consulting,7.5,Kolkata,Full-time,Medium (201-1000),On-site,554167.77,"Excel, Communication, Leadership, C++, Cloud Computing",1,0,760698.77
30,Male,Bachelor's,HR Manager,Finance,10.4,Pune,Full-time,Medium (201-1000),Hybrid,1191985.23,"SQL, Cloud Computing",3,1,2060681.84
41,Male,Bachelor's,Customer Support Executive,Telecommunications,10.9,Chennai,Contract,Large (1000-5000),Remote,310567.85,"Machine Learning, Excel",3,0,527493.19
21,Female,Bachelor's,DevOps Engineer,Healthcare,1.0,Mumbai,Full-time,Enterprise (5000+),Hybrid,1780181.2,"Project Management, JavaScript",2,0,2652135.43
35,Male,Bachelor's,Software Engineer,Education,4.9,Ahmedabad,Full-time,Large (1000-5000),Remote,462361.64,"Python, Project Management, Data Analysis, C++",2,0,986068.92
33,Male,Master's,DevOps Engineer,Information Technology,11.6,Hyderabad,Full-time,Large (1000-5000),Hybrid,2448871.29,"JavaScript, Cloud Computing, Python, Java",3,0,3599087.93
33,Male,PhD,Data Analyst,Telecommunications,5.0,Kolkata,Full-time,Medium (201-1000),On-site,987591.91,"Leadership, SQL",1,1,1318524.33
47,Male,Master's,QA Engineer,Manufacturing,19.1,Chennai,Full-time,Large (1000-5000),Remote,664499.44,"JavaScript, SQL, C++, Leadership, Python",0,0,1623314.42
25,Male,Diploma,Software Engineer,Finance,2.1,Mumbai,Full-time,Medium (201-1000),Remote,852772.78,"C++, Cloud Computing, Communication",0,0,1173868.36
31,Male,Bachelor's,Business Analyst,Government,5.4,Chennai,Full-time,Small (51-200),Hybrid,609475.44,"Project Management, JavaScript, Java, Data Analysis",3,0,820185.62
41,Male,Bachelor's,Customer Support Executive,Manufacturing,8.1,Pune,Full-time,Large (1000-5000),Remote,402509.02,"JavaScript, Python",2,0,512993.8
27,Female,PhD,HR Executive,Telecommunications,2.5,Mumbai,Full-time,Enterprise (5000+),Remote,455444.84,"C++, SQL, Communication, Java, Cloud Computing",3,0,1238652.79
29,Male,Bachelor's,HR Manager,Consulting,5.1,Hyderabad,Part-time,Large (1000-5000),Hybrid,663809.72,"Machine Learning, Communication, Data Analysis",0,1,1119844.71
26,Male,Master's,Senior Software Engineer,Information Technology,2.5,Mumbai,Freelance,Medium (201-1000),On-site,2087646.98,"Machine Learning, Project Management, C++, JavaScript, Leadership",3,0,2746973.94
27,Male,Master's,Operations Manager,Telecommunications,1.3,Hyderabad,Full-time,Medium (201-1000),Remote,1437902.44,"Python, Machine Learning",3,1,1956514.54
33,Male,Diploma,Product Manager,Healthcare,6.4,Pune,Full-time,Startup (1-50),On-site,2117910.42,"Project Management, Python, Machine Learning",3,1,2410663.56
35,Male,Master's,Content Writer,Telecommunications,6.9,Chennai,Full-time,Medium (201-1000),On-site,458785.26,"Communication, JavaScript, Java, Leadership",1,0,723493.46
23,Female,Bachelor's,Project Manager,Information Technology,3.5,Mumbai,Contract,Small (51-200),Remote,1497251.97,"JavaScript, Machine Learning, Python, Data Analysis",2,1,1834793.12
23,Female,PhD,Executive Director,Government,4.0,Kolkata,Full-time,Startup (1-50),Hybrid,4381822.16,"Cloud Computing, JavaScript, C++",2,1,4652025.52
21,Male,PhD,Administrative Assistant,Healthcare,1.8,Remote (India),Full-time,Startup (1-50),On-site,358723.96,"C++, Java, JavaScript, Leadership, Data Analysis",0,0,450528.07
38,Female,Bachelor's,Customer Support Executive,Manufacturing,9.3,Pune,Full-time,Startup (1-50),On-site,403177.39,"Python, SQL, Project Management",3,0,449458.88
37,Female,Bachelor's,Operations Manager,Manufacturing,1.3,Ahmedabad,Full-time,Large (1000-5000),Hybrid,552748.89,"Java, Leadership, Communication",2,1,1443385.87
32,Male,Master's,Content Writer,Manufacturing,9.4,Remote (India),Full-time,Medium (201-1000),On-site,563975.51,"Cloud Computing, JavaScript, Python, C++",3,1,903737.09
34,Male,Master's,Accountant,Manufacturing,12.1,Jaipur,Full-time,Startup (1-50),Remote,560724.94,"Java, Excel, Cloud Computing, C++, SQL",2,0,696757.36
23,Male,Bachelor's,Sales Manager,Healthcare,2.0,Ahmedabad,Full-time,Small (51-200),Remote,1226811.35,"Python, JavaScript",1,1,1321045.39
37,Female,Master's,Research Scientist,Government,6.5,Hyderabad,Full-time,Enterprise (5000+),Hybrid,1523293.82,"Leadership, JavaScript, Python",3,0,2989788.98
30,Female,Bachelor's,Customer Support Executive,Telecommunications,6.8,Hyderabad,Full-time,Large (1000-5000),On-site,529778.74,"Cloud Computing, Leadership",1,0,593131.04
25,Female,PhD,DevOps Engineer,Government,3.7,Bangalore,Full-time,Medium (201-1000),Remote,2214502.09,"Java, Cloud Computing",2,0,2414705.91
25,Male,Master's,Sales Executive,Manufacturing,2.8,Delhi NCR,Full-time,Medium (201-1000),Hybrid,659426.11,"Data Analysis, Project Management, JavaScript, Excel, Machine Learning",3,0,968224.88
32,Female,High School,Research Scientist,Education,9.7,Pune,Full-time,Enterprise (5000+),On-site,741478.6,"JavaScript, C++, Communication, SQL, Python",2,0,1511436.56
30,Female,Bachelor's,Customer Support Executive,Government,1.8,Pune,Full-time,Enterprise (5000+),On-site,228214.08,"SQL, Data Analysis, C++, Java",2,0,456223.52
21,Male,Bachelor's,Data Scientist,Telecommunications,3.8,Kolkata,Full-time,Small (51-200),Remote,1377849.01,"Excel, Data Analysis",3,0,1416746.88
41,Female,Diploma,Graphic Designer,Manufacturing,3.9,Chennai,Full-time,Startup (1-50),On-site,494782.14,"Machine Learning, Project Management, Cloud Computing, Communication, Python",0,1,499779.94
30,Male,Bachelor's,Financial Analyst,Media,2.9,Kolkata,Full-time,Large (1000-5000),Hybrid,372409.06,"Communication, Project Management, C++",1,0,974749.11
25,Male,Master's,HR Manager,Consulting,1.2,Delhi NCR,Full-time,Startup (1-50),Hybrid,877473.33,"Machine Learning, SQL, Communication, JavaScript",2,1,1850375.24
26,Female,Master's,Sales Executive,Media,5.0,Bangalore,Full-time,Enterprise (5000+),On-site,668802.56,"Cloud Computing, Excel",1,0,1121731.55
31,Male,Bachelor's,HR Executive,Information Technology,7.3,Mumbai,Contract,Small (51-200),Hybrid,530103.87,"Project Management, Leadership",3,0,715319.28
37,Female,Diploma,Operations Manager,Consulting,8.3,Remote (India),Full-time,Large (1000-5000),On-site,,"JavaScript, Cloud Computing, Communication, Leadership, Machine Learning",0,1,2088298.78
29,Male,Master's,Administrative Assistant,Finance,1.2,Delhi NCR,Full-time,Startup (1-50),On-site,559068.59,"Excel, Data Analysis, Leadership, Java",2,1,564715.75
39,Female,Master's,Research Scientist,Information Technology,12.7,Pune,Contract,Medium (201-1000),Hybrid,1576297.19,"Python, Communication",2,0,2814218.29
31,Male,Bachelor's,Graphic Designer,Consulting,4.3,Pune,Contract,Medium (201-1000),Hybrid,629161.5,"Data Analysis, Communication",0,1,739630.31
27,Female,Master's,HR Executive,Information Technology,5.4,Bangalore,Full-time,Startup (1-50),Remote,666791.18,"Excel, Java, Data Analysis, Communication",0,0,867847.1
29,Male,Bachelor's,Operations Manager,Healthcare,6.7,Delhi NCR,Full-time,Medium (201-1000),Hybrid,1121822.12,"Excel, SQL",0,1,2053327.31
37,Female,Bachelor's,Administrative Assistant,Telecommunications,11.4,Kolkata,Full-time,Medium (201-1000),Hybrid,296601.87,"Java, Cloud Computing, Data Analysis, Excel",1,0,373824.46
26,Male,Bachelor's,DevOps Engineer,Information Technology,0.9,Remote (India),Contract,Enterprise (5000+),Hybrid,1287205.9,"Leadership, Java",3,0,2500993.97
27,Male,Bachelor's,UX Designer,Healthcare,6.4,Hyderabad,Full-time,Startup (1-50),Hybrid,1319485.58,"JavaScript, Machine Learning, Java, Cloud Computing, Communication",2,1,1555425.8
50,Male,PhD,Graphic Designer,Finance,26.0,Mumbai,Full-time,Large (1000-5000),Remote,1385742.28,"JavaScript, Java, Leadership",0,1,2143639.65
37,Other,Diploma,Administrative Assistant,Education,15.3,Pune,Full-time,Large (1000-5000),Remote,344577.77,"JavaScript, Project Management, Machine Learning, C++, Java",2,0,430091.62
22,Male,Bachelor's,UX Designer,Government,4.1,Pune,Full-time,Enterprise (5000+),On-site,1075389.75,"Java, Python, Leadership, Communication",3,0,1405914.54
22,Male,Bachelor's,Accountant,Information Technology,0.9,Jaipur,Full-time,Enterprise (5000+),Hybrid,415994.73,"JavaScript, Machine Learning, Data Analysis, SQL, C++",0,0,763881.72
33,Male,Bachelor's,Administrative Assistant,Finance,11.6,Mumbai,Full-time,Small (51-200),On-site,385720.27,"Machine Learning, Java, Project Management",2,0,580084.89
22,Female,Bachelor's,Project Manager,Education,2.6,Chennai,Full-time,Enterprise (5000+),Remote,1107264.74,"Project Management, Data Analysis, Excel, C++",1,1,1570436.82
30,Female,Diploma,Marketing Manager,Retail,4.6,Delhi NCR,Full-time,Small (51-200),On-site,1243407.22,"Java, Communication, Machine Learning, SQL",2,1,1255966.89
31,Male,Bachelor's,Accountant,Finance,0.6,Kolkata,Full-time,Large (1000-5000),Remote,468616.11,"Cloud Computing, Python, JavaScript",3,0,858818.86
31,Male,Bachelor's,HR Manager,Education,10.6,Remote (India),Full-time,Small (51-200),Hybrid,819111.83,"Communication, Project Management, Data Analysis, Python, Excel",3,1,1288947.79
33,Male,Bachelor's,Data Scientist,Information Technology,8.9,Ahmedabad,Freelance,Medium (201-1000),On-site,1235395.13,"JavaScript, Data Analysis, Communication, Excel",1,1,1899815.31
27,Male,Diploma,HR Executive,Government,5.6,Remote (India),Full-time,Enterprise (5000+),On-site,501236.39,"Excel, C++, Java",2,1,554591.61
28,Male,PhD,Administrative Assistant,Media,1.6,Bangalore,Full-time,Medium (201-1000),Hybrid,435517.22,"Cloud Computing, Excel",0,0,551581.86
27,Female,Bachelor's,Accountant,Government,7.8,Jaipur,Part-time,Medium (201-1000),Hybrid,186785.77,"Machine Learning, Project Management, JavaScript",0,1,413578.23
35,Male,Diploma,Marketing Manager,Government,7.6,Delhi NCR,Full-time,Medium (201-1000),Hybrid,881183.7,"Python, JavaScript, Communication, SQL, Excel",0,1,1438646.42
27,Female,Master's,Product Manager,Consulting,3.3,Ahmedabad,Full-time,Enterprise (5000+),Hybrid,1557371.03,"Project Management, Java, SQL",1,1,3812013.98
29,Male,Bachelor's,Research Scientist,Telecommunications,3.8,Pune,Full-time,Medium (201-1000),Remote,1386160.03,"Cloud Computing, Project Management, Communication",1,0,1802697.08
34,Male,PhD,HR Executive,Manufacturing,5.2,Bangalore,Full-time,Startup (1-50),On-site,534202.3,"Python, Project Management, Leadership, C++, SQL",0,0,735342.5
26,Female,Bachelor's,DevOps Engineer,Finance,1.2,Jaipur,Full-time,Small (51-200),On-site,1303164.2,"Data Analysis, Cloud Computing",1,0,1507207.93
46,Female,Bachelor's,HR Manager,Media,17.5,Chennai,Full-time,Enterprise (5000+),Remote,1618739.9,"Excel, Cloud Computing, JavaScript, Communication, Java",1,1,2067172.45
30,Male,Diploma,Executive Director,Information Technology,6.6,Ahmedabad,Full-time,Enterprise (5000+),On-site,1984707.21,"JavaScript, Project Management, Java",3,1,5218003.22
31,Male,Master's,Financial Analyst,Finance,4.6,Kolkata,Full-time,Large (1000-5000),On-site,1183976.09,"Python, SQL, Data Analysis, Java, Leadership",1,0,1571905.53
35,Male,Master's,QA Engineer,Education,7.0,Hyderabad,Part-time,Medium (201-1000),Remote,315412.76,"Communication, Data Analysis, JavaScript, Excel",2,0,548281.34
33,Male,Master's,Graphic Designer,Information Technology,8.8,Jaipur,Full-time,Enterprise (5000+),Hybrid,663861.25,"Project Management, Cloud Computing, Python",1,0,898072.4
28,Male,Bachelor's,Graphic Designer,Retail,4.6,Hyderabad,Full-time,Startup (1-50),Remote,507110.74,"Machine Learning, SQL, JavaScript",2,0,512233.07
26,Male,High School,Graphic Designer,Healthcare,1.9,Kolkata,Full-time,Medium (201-1000),Remote,140082.87,"Communication, Data Analysis, Excel, JavaScript",2,0,452240.75
28,Female,Bachelor's,HR Manager,Media,8.0,Jaipur,Full-time,Startup (1-50),Hybrid,801649.23,"Leadership, C++, Python",3,1,1183548.58
24,Female,Master's,Executive Director,Telecommunications,1.3,Hyderabad,Full-time,Medium (201-1000),On-site,4262213.27,"SQL, Excel, Python",2,1,6035773.83
30,Female,Bachelor's,Operations Manager,Telecommunications,6.4,Chennai,Full-time,Startup (1-50),On-site,1334357.76,"Project Management, Leadership, Python",0,1,1442980.09
34,Male,Bachelor's,Financial Analyst,Media,9.9,Hyderabad,Full-time,Enterprise (5000+),On-site,954926.44,"Data Analysis, Python, Cloud Computing, C++, JavaScript",3,0,1673090.52
31,Female,Bachelor's,Financial Analyst,Government,5.8,Ahmedabad,Full-time,Large (1000-5000),Hybrid,864195.63,"Machine Learning, Communication, Python",3,0,951758.56
31,Female,PhD,UX Designer,Government,4.8,Jaipur,Full-time,Small (51-200),On-site,972131.08,"Java, Python, Communication, Leadership",0,0,1013515.96
35,Female,Diploma,Sales Executive,Telecommunications,8.2,Hyderabad,Contract,Medium (201-1000),On-site,390940.63,"Project Management, Cloud Computing, Machine Learning, JavaScript",2,0,626314.02
29,Male,Bachelor's,Software Engineer,Media,6.7,Chennai,Full-time,Enterprise (5000+),Remote,615576.14,"JavaScript, Java, Leadership, Communication, Python",0,0,1114311.46
41,Male,High School,Product Manager,Healthcare,9.9,Jaipur,Full-time,Enterprise (5000+),On-site,1325321.26,"Project Management, Machine Learning, Java",3,1,2487846.1
29,Male,Master's,HR Executive,Information Technology,5.3,Ahmedabad,Full-time,Enterprise (5000+),On-site,690378.08,"Machine Learning, Python",1,0,887586.76
35,Male,Master's,HR Executive,Retail,14.3,Jaipur,Full-time,Startup (1-50),Hybrid,291099.59,"Python, Excel, Data Analysis, Java",1,0,528051.83
34,Male,Diploma,Financial Analyst,Manufacturing,9.7,Kolkata,Part-time,Startup (1-50),Remote,305222.44,"Machine Learning, Cloud Computing, Python",1,0,440403.54
36,Other,Master's,Sales Executive,Information Technology,10.2,Pune,Full-time,Enterprise (5000+),Hybrid,860943.03,"C++, Data Analysis, SQL, Project Management, Communication",1,0,1414801.18
37,Male,Diploma,HR Executive,Healthcare,10.2,Ahmedabad,Full-time,Large (1000-5000),On-site,452202.59,"JavaScript, Excel, Communication, SQL, Python",2,0,526476.4
24,Male,Master's,DevOps Engineer,Consulting,2.9,Kolkata,Full-time,Small (51-200),On-site,2014625.8,"Data Analysis, Project Management, Cloud Computing, Python, Excel",0,0,2034975.55
23,Male,Bachelor's,Sales Executive,Government,9.9,Mumbai,Full-time,Medium (201-1000),On-site,584478.77,"C++, Communication",1,0,833186.53
25,Male,Bachelor's,HR Executive,Media,1.2,Pune,Freelance,Enterprise (5000+),Hybrid,267070.13,"Excel, Project Management, Machine Learning, Data Analysis",3,0,595601.26
29,Female,Bachelor's,Marketing Manager,Manufacturing,4.1,Delhi NCR,Full-time,Startup (1-50),Hybrid,941727.14,"Data Analysis, Project Management, Java",0,1,1322118.05
35,Female,High School,Software Engineer,Consulting,7.7,Bangalore,Full-time,Large (1000-5000),On-site,426815.48,"Leadership, Communication, Cloud Computing, Data Analysis",1,0,1481195.19
22,Male,Diploma,Accountant,Education,2.7,Chennai,Full-time,Enterprise (5000+),On-site,300704.19,"Communication, Machine Learning",2,0,522835.29
30,Female,Bachelor's,Content Writer,Government,2.6,Delhi NCR,Full-time,Medium (201-1000),Remote,475279.64,"Java, Communication, Excel, Machine Learning, C++",0,0,591960.89
31,Female,High School,QA Engineer,Manufacturing,11.7,Bangalore,Part-time,Startup (1-50),Hybrid,245820.26,"Machine Learning, Python, Communication, Leadership",2,0,497474.14
24,Male,Diploma,Operations Manager,Information Technology,4.1,Mumbai,Full-time,Medium (201-1000),On-site,1609881.96,"SQL, JavaScript",1,1,1626143.39
31,Male,Diploma,QA Engineer,Education,6.6,Delhi NCR,Full-time,Medium (201-1000),Hybrid,271870.27,"Java, JavaScript, Machine Learning, Python, C++",0,0,730330.36
26,Female,Bachelor's,Senior Software Engineer,Finance,3.4,Hyderabad,Full-time,Small (51-200),On-site,2109661.54,"JavaScript, C++, Java",1,0,2339343.83
35,Female,Bachelor's,Sales Executive,Manufacturing,4.7,Pune,Full-time,Large (1000-5000),Hybrid,582971.54,"Communication, Project Management, Machine Learning, Cloud Computing",3,0,797709.82
36,Female,Master's,Content Writer,Consulting,11.1,Hyderabad,Full-time,Small (51-200),On-site,510839.14,"Python, SQL",0,0,815262.25
35,Female,Master's,Software Engineer,Education,12.4,Remote (India),Full-time,Enterprise (5000+),Hybrid,1083526.54,"Cloud Computing, JavaScript, Communication",1,0,1590115.22
21,Male,Bachelor's,Software Engineer,Manufacturing,3.2,Mumbai,Full-time,Medium (201-1000),Remote,881296.37,"Leadership, Python",0,0,1067004.6
32,Female,Bachelor's,Administrative Assistant,Government,3.3,Bangalore,Full-time,Small (51-200),Hybrid,276159.65,"Cloud Computing, SQL",1,0,401536.52
27,Male,PhD,Accountant,Education,5.0,Mumbai,Full-time,Small (51-200),Hybrid,810451.09,"Project Management, Communication",3,1,1090306.26
44,Female,Master's,Graphic Designer,Media,15.1,Ahmedabad,Full-time,Enterprise (5000+),On-site,543052.77,"JavaScript, C++",3,0,939504.13
23,Female,Bachelor's,QA Engineer,Education,2.5,Delhi NCR,Full-time,Enterprise (5000+),Remote,380336.54,"Cloud Computing, Leadership, Python, Machine Learning",3,0,1194758.41
46,Female,Bachelor's,Marketing Manager,Government,10.7,Ahmedabad,Full-time,Medium (201-1000),Remote,1019666.92,"Python, Java",2,1,1373010.01
25,Male,Bachelor's,HR Manager,Education,2.4,Ahmedabad,Freelance,Startup (1-50),On-site,545686.39,"C++, Project Management",1,1,603464.56
38,Female,Bachelor's,Business Analyst,Healthcare,8.5,Ahmedabad,Full-time,Enterprise (5000+),On-site,771039.26,"Project Management, SQL, Cloud Computing, Excel",0,0,1192243.25
35,Male,Bachelor's,Financial Analyst,Media,9.5,Pune,Full-time,Small (51-200),Hybrid,,"Python, Excel, Project Management",2,0,997840.63
26,Female,Bachelor's,Executive Director,Healthcare,5.2,Kolkata,Full-time,Small (51-200),Remote,3947405.57,"Leadership, Java, Project Management",0,1,4624478.15
38,Female,Bachelor's,Marketing Manager,Education,18.6,Jaipur,Full-time,Enterprise (5000+),Hybrid,1448844.48,"Project Management, Python, JavaScript",1,1,1951300.21
30,Male,High School,Business Analyst,Information Technology,7.8,Chennai,Full-time,Medium (201-1000),Hybrid,727978.85,"Leadership, C++, Machine Learning, Data Analysis",1,0,895121.4
32,Male,PhD,Data Analyst,Manufacturing,9.7,Jaipur,Full-time,Small (51-200),On-site,,"Machine Learning, C++, Data Analysis",1,0,847211.44
32,Male,Diploma,Marketing Manager,Education,2.4,Remote (India),Full-time,Small (51-200),Remote,626869.69,"Excel, C++, Data Analysis, Python",0,1,868153.42
33,Female,Bachelor's,Data Analyst,Telecommunications,9.3,Mumbai,Full-time,Large (1000-5000),Hybrid,801209.39,"JavaScript, Cloud Computing",3,0,1211728.29
21,Female,Master's,HR Executive,Finance,2.8,Jaipur,Contract,Medium (201-1000),Remote,464781.62,"Machine Learning, Data Analysis, JavaScript",2,0,575066.92
34,Male,Bachelor's,Executive Director,Finance,12.1,Kolkata,Full-time,Enterprise (5000+),Hybrid,5357114.16,"Data Analysis, Machine Learning",1,1,7953008.38
31,Male,Bachelor's,Research Scientist,Media,4.7,Bangalore,Full-time,Startup (1-50),Remote,1676027.31,"Excel, Java",2,1,2200191.32
34,Female,Diploma,Executive Director,Consulting,7.7,Delhi NCR,Full-time,Medium (201-1000),Hybrid,4352699.32,"Excel, Project Management",2,1,6249191.86
21,Female,Bachelor's,Content Writer,Media,3.7,Kolkata,Full-time,Large (1000-5000),Hybrid,221585.21,"Java, SQL, Cloud Computing, Excel",1,0,543461.59
25,Male,Diploma,Product Manager,Telecommunications,2.6,Chennai,Full-time,Small (51-200),Hybrid,1226432.77,"Project Management, Java",0,1,1812322.88
22,Male,Master's,Marketing Manager,Finance,2.1,Chennai,Full-time,Large (1000-5000),On-site,1233762.48,"Machine Learning, Excel",3,1,2102570.86
36,Female,Bachelor's,Business Analyst,Manufacturing,7.0,Bangalore,Full-time,Enterprise (5000+),Hybrid,677298.56,"Java, Project Management, Leadership",0,0,1371677.46
27,Female,Bachelor's,Financial Analyst,Education,3.9,Remote (India),Full-time,Small (51-200),Remote,430801.6,"SQL, Communication, Cloud Computing, Machine Learning",3,0,884639.05
21,Male,Master's,Graphic Designer,Information Technology,1.3,Hyderabad,Full-time,Medium (201-1000),Remote,667708.38,"Cloud Computing, Leadership, Python, Java, JavaScript",2,0,1116490.53
34,Male,Master's,HR Manager,Media,7.0,Hyderabad,Full-time,Medium (201-1000),Remote,1335985.57,"Java, Cloud Computing, Python",1,1,1870651.38
30,Female,Bachelor's,Financial Analyst,Telecommunications,7.1,Mumbai,Full-time,Small (51-200),On-site,852769.58,"SQL, JavaScript",3,1,1219476.64
41,Female,Bachelor's,HR Executive,Telecommunications,14.0,Mumbai,Part-time,Small (51-200),Hybrid,451468.1,"Communication, C++, SQL, Cloud Computing, Project Management",2,0,493861.54
39,Male,Master's,UX Designer,Education,13.9,Pune,Contract,Startup (1-50),On-site,1032283.12,"Java, SQL, Cloud Computing, Machine Learning, Communication",3,0,1248710.56
46,Male,Bachelor's,UX Designer,Information Technology,,Delhi NCR,Full-time,Small (51-200),Remote,1271703.86,"JavaScript, Machine Learning, Leadership, SQL",1,0,1891248.31
22,Male,Diploma,Product Manager,Information Technology,3.5,Ahmedabad,Freelance,Small (51-200),Remote,1709230.44,"Communication, Data Analysis",2,1,1726495.4
25,Male,Master's,Project Manager,Telecommunications,3.0,Hyderabad,Full-time,Startup (1-50),On-site,1683488.69,"Python, Cloud Computing, Data Analysis, Project Management, Machine Learning",0,1,1806109.95
37,Female,Master's,HR Manager,Healthcare,12.2,Delhi NCR,Full-time,Medium (201-1000),Remote,1501709.75,"SQL, Excel, Machine Learning, Project Management",1,1,2564091.78
24,Female,Master's,HR Manager,Telecommunications,2.4,Jaipur,Full-time,Startup (1-50),On-site,1084640.03,"Project Management, Leadership, Data Analysis",2,1,1218604.04
36,Female,Master's,HR Manager,Retail,16.8,Pune,Full-time,Startup (1-50),Hybrid,1548242.55,"Cloud Computing, Machine Learning",1,1,1626529.78
33,Male,Master's,HR Executive,Education,8.5,Bangalore,Part-time,Small (51-200),Remote,271893.47,"JavaScript, Leadership, Machine Learning, Python, Excel",2,0,339918.53
30,Female,High School,Accountant,Retail,1.8,Kolkata,Full-time,Medium (201-1000),On-site,261893.18,"Leadership, Data Analysis",1,0,422161.5
37,Male,Bachelor's,DevOps Engineer,Government,12.9,Bangalore,Full-time,Enterprise (5000+),Remote,1430078.91,"Java, Machine Learning, Cloud Computing",1,0,3216905.34
33,Male,Bachelor's,Graphic Designer,Information Technology,9.8,Hyderabad,Full-time,Enterprise (5000+),Remote,752598.41,"Java, Excel, Communication",2,0,1105371.5
25,Male,Bachelor's,Software Engineer,Information Technology,4.3,Pune,Part-time,Startup (1-50),Remote,513016.17,"SQL, Python, JavaScript",0,0,658867.01
23,Female,Bachelor's,DevOps Engineer,Telecommunications,2.6,Jaipur,Full-time,Medium (201-1000),On-site,1387878.5,"Data Analysis, Machine Learning, Java, Cloud Computing, Python",1,1,1765642.73
27,Female,High School,Customer Support Executive,Consulting,10.7,Chennai,Contract,Large (1000-5000),Remote,267194.62,"Leadership, SQL, Communication, JavaScript",1,0,423247.04
28,Male,Bachelor's,HR Manager,Finance,4.0,Chennai,Full-time,Startup (1-50),Hybrid,1104856.89,"Java, Communication, Machine Learning, Data Analysis, Python",3,1,1776188.95
28,Male,Bachelor's,HR Executive,Healthcare,7.5,Hyderabad,Contract,Medium (201-1000),Remote,383772.44,"Leadership, Excel, JavaScript, Machine Learning, Project Management",3,0,643316.79
42,Male,Master's,Financial Analyst,Telecommunications,14.5,Mumbai,Freelance,Enterprise (5000+),On-site,1237601.8,"Excel, Project Management, C++, Data Analysis, SQL",2,0,2054144.85
35,Female,Bachelor's,HR Executive,Information Technology,8.3,Remote (India),Full-time,Startup (1-50),On-site,,"Cloud Computing, Data Analysis, Java, Communication, Leadership",3,0,643213.28
38,Female,Diploma,Sales Executive,Information Technology,8.9,Bangalore,Contract,Startup (1-50),On-site,572551.45,"SQL, Java",2,0,651401.44
26,Female,Master's,Research Scientist,Media,8.2,Bangalore,Full-time,Medium (201-1000),On-site,1396061.78,"Leadership, JavaScript",2,0,2450928.19
21,Female,Bachelor's,Business Analyst,Media,2.6,Mumbai,Full-time,Startup (1-50),On-site,757905.98,"Machine Learning, Data Analysis, Project Management, Java",3,0,885247.51
39,Male,Bachelor's,HR Manager,Consulting,5.0,Hyderabad,Full-time,Enterprise (5000+),Hybrid,1180213.59,"Python, Communication, Project Management",1,1,2326694.72
21,Female,Bachelor's,Customer Support Executive,Manufacturing,4.7,Jaipur,Part-time,Small (51-200),Hybrid,107189.85,"JavaScript, Python, Communication",2,1,208743.98
36,Female,Bachelor's,QA Engineer,Retail,8.1,Chennai,Freelance,Medium (201-1000),Remote,453391.53,"SQL, Data Analysis, Cloud Computing",1,0,787652.2
40,Female,Bachelor's,Research Scientist,Government,3.9,Delhi NCR,Full-time,Startup (1-50),On-site,1349416.89,"C++, Communication, Python, Data Analysis, SQL",0,0,1539153.93
26,Male,Master's,Graphic Designer,Information Technology,7.0,Remote (India),Full-time,Large (1000-5000),Remote,736701.87,"Data Analysis, SQL, Project Management, Leadership, C++",0,1,1232815.0
32,Female,Master's,Business Analyst,Consulting,7.9,Hyderabad,Full-time,Medium (201-1000),On-site,1116141.12,"Leadership, Cloud Computing",0,0,1580388.24
30,Male,Bachelor's,DevOps Engineer,Government,2.3,Kolkata,Part-time,Enterprise (5000+),On-site,544737.24,"Data Analysis, Machine Learning",2,0,1037310.94
38,Male,Bachelor's,HR Executive,Education,12.1,Chennai,Full-time,Enterprise (5000+),On-site,511534.23,"Java, Excel",0,1,787552.24
30,Male,High School,Administrative Assistant,Healthcare,3.8,Ahmedabad,Full-time,Medium (201-1000),Remote,232049.58,"Cloud Computing, C++, Python, JavaScript, SQL",3,0,281451.24
39,Female,Diploma,UX Designer,Education,10.6,Chennai,Full-time,Enterprise (5000+),Remote,952065.35,"Cloud Computing, Excel, SQL, Data Analysis, Python",0,0,1218990.63
38,Female,Master's,Sales Manager,Consulting,13.0,Delhi NCR,Part-time,Enterprise (5000+),On-site,719022.47,"Project Management, Leadership, Excel",0,1,1973608.96
37,Female,Diploma,HR Manager,Education,10.7,Delhi NCR,Full-time,Medium (201-1000),On-site,931729.36,"Excel, C++, Data Analysis, JavaScript",0,1,1435731.24
33,Female,Bachelor's,Customer Support Executive,Information Technology,6.5,Kolkata,Full-time,Small (51-200),On-site,412235.53,"Data Analysis, Project Management",3,0,416399.53
32,Male,Master's,Software Engineer,Manufacturing,7.6,Bangalore,Part-time,Enterprise (5000+),On-site,528466.41,"Project Management, JavaScript, Java, SQL, C++",3,0,1178204.37
24,Male,Diploma,Data Analyst,Consulting,5.5,Delhi NCR,Full-time,Medium (201-1000),Hybrid,808528.5,"Communication, SQL, Python, Java, Machine Learning",3,0,950178.63
35,Female,Diploma,Accountant,Education,3.9,Hyderabad,Full-time,Enterprise (5000+),On-site,386916.86,"JavaScript, Java, Excel, SQL",2,0,693664.97
31,Male,Bachelor's,QA Engineer,Telecommunications,10.7,Mumbai,Contract,Small (51-200),Remote,773349.16,"Leadership, Project Management, Data Analysis, Python, Cloud Computing",2,0,1144525.62
34,Male,Bachelor's,HR Executive,Manufacturing,8.2,Jaipur,Full-time,Large (1000-5000),Hybrid,375011.11,"Leadership, Communication, SQL, Project Management, Machine Learning",1,0,604612.9
36,Male,Bachelor's,Content Writer,Consulting,10.0,Hyderabad,Full-time,Large (1000-5000),On-site,516998.17,"Cloud Computing, Machine Learning, Project Management, C++, JavaScript",3,0,862881.51
39,Female,Bachelor's,Operations Manager,Retail,10.1,Mumbai,Full-time,Medium (201-1000),On-site,990829.0,"JavaScript, Python, C++, Project Management, Leadership",3,1,2161051.25
30,Male,PhD,Sales Manager,Government,5.5,Ahmedabad,Full-time,Small (51-200),Remote,1637648.17,"Data Analysis, Excel, SQL",0,1,1886773.74
21,Male,Bachelor's,Sales Executive,Healthcare,1.5,Chennai,Full-time,Medium (201-1000),On-site,615830.15,"C++, JavaScript, Java, Cloud Computing",1,0,717427.66
30,Female,Master's,Administrative Assistant,Manufacturing,,Pune,Contract,Medium (201-1000),On-site,328096.2,"Project Management, Cloud Computing, Excel, Communication, C++",0,0,420047.84
44,Male,Bachelor's,Business Analyst,Retail,21.2,Kolkata,Full-time,Startup (1-50),Remote,665974.63,"Cloud Computing, Project Management",1,0,994819.73
27,Female,Bachelor's,Graphic Designer,Information Technology,8.5,Bangalore,Full-time,Large (1000-5000),Remote,578656.56,"SQL, JavaScript, Excel, Java, Python",3,0,1124888.92
30,Female,Bachelor's,Software Engineer,Manufacturing,4.4,Bangalore,Contract,Large (1000-5000),Remote,757970.41,"Communication, JavaScript, Leadership, Machine Learning",2,0,1361886.07
38,Female,Master's,Senior Software Engineer,Government,5.7,Ahmedabad,Full-time,Enterprise (5000+),Hybrid,1664934.0,"Leadership, Communication, JavaScript, Excel, SQL",0,0,2421067.61
30,Male,Bachelor's,Sales Manager,Finance,7.2,Mumbai,Full-time,Enterprise (5000+),On-site,1791600.92,"Machine Learning, Python",0,1,3120866.93
40,Male,Bachelor's,Software Engineer,Retail,15.4,Remote (India),Full-time,Large (1000-5000),On-site,1085461.6,"Machine Learning, Leadership, Cloud Computing",1,0,1348033.97
32,Male,Bachelor's,Sales Manager,Consulting,9.4,Pune,Full-time,Enterprise (5000+),Remote,1286018.16,"Java, SQL, Leadership, Excel",2,1,2746839.97
26,Male,Master's,UX Designer,Telecommunications,8.0,Pune,Full-time,Medium (201-1000),Remote,940643.97,"Excel, Project Management, Java, Data Analysis",3,0,1714911.68
21,Female,Master's,UX Designer,Information Technology,1.2,Bangalore,Full-time,Enterprise (5000+),Hybrid,1403879.39,"JavaScript, Project Management",3,0,2241752.64
23,Male,Bachelor's,Senior Software Engineer,Retail,2.0,Delhi NCR,Full-time,Medium (201-1000),On-site,1893857.49,"C++, Data Analysis",1,1,1912987.36
23,Male,Bachelor's,HR Manager,Manufacturing,7.5,Kolkata,Full-time,Enterprise (5000+),Hybrid,1130159.42,"Machine Learning, Project Management",3,1,1926979.96
34,Female,High School,HR Executive,Government,5.7,Remote (India),Contract,Startup (1-50),Remote,267788.0,"Project Management, C++",3,0,297187.46
30,Male,Bachelor's,HR Executive,Retail,5.1,Jaipur,Part-time,Medium (201-1000),Hybrid,179420.05,"SQL, Excel, Leadership, Python",2,1,303773.44
35,Male,High School,Senior Software Engineer,Retail,3.5,Mumbai,Full-time,Small (51-200),Hybrid,1566988.98,"SQL, Java, Cloud Computing, C++, JavaScript",3,1,1679351.15
48,Male,High School,Data Scientist,Healthcare,23.2,Delhi NCR,Full-time,Startup (1-50),On-site,1300721.99,"Machine Learning, Project Management",0,0,1779021.55
28,Male,Bachelor's,Sales Executive,Retail,5.2,Jaipur,Full-time,Large (1000-5000),Remote,265834.76,"JavaScript, Machine Learning, Python",3,0,673623.16
26,Female,Bachelor's,Product Manager,Retail,4.2,Jaipur,Full-time,Large (1000-5000),On-site,1383695.39,"Python, Cloud Computing, C++, JavaScript",2,1,2289750.05
33,Male,Bachelor's,Project Manager,Manufacturing,9.5,Delhi NCR,Freelance,Large (1000-5000),Remote,1236106.91,"Machine Learning, Communication",1,1,1936427.9
39,Male,Diploma,UX Designer,Retail,8.3,Jaipur,Full-time,Enterprise (5000+),On-site,566173.53,"Cloud Computing, Machine Learning",2,0,942204.5
33,Female,High School,Executive Director,Finance,8.1,Jaipur,Full-time,Small (51-200),Hybrid,3165404.17,"Excel, Communication",2,1,3197377.95
29,Male,Master's,Senior Software Engineer,Healthcare,3.2,Chennai,Full-time,Startup (1-50),Remote,2403315.65,"Excel, Java",3,1,2427591.57
32,Female,Master's,Accountant,Finance,3.0,Kolkata,Full-time,Startup (1-50),Hybrid,695533.43,"Python, Leadership, C++, Project Management, Java",2,0,813967.81
28,Male,Bachelor's,Research Scientist,Information Technology,7.9,Kolkata,Full-time,Medium (201-1000),On-site,970540.02,"Communication, Leadership, Java, JavaScript",0,0,2110993.24
27,Male,Bachelor's,DevOps Engineer,Finance,6.0,Kolkata,Full-time,Small (51-200),Remote,1715934.42,"Python, Project Management",0,1,2065729.21
34,Female,Bachelor's,Sales Executive,Retail,4.9,Jaipur,Full-time,Startup (1-50),On-site,345285.73,"Communication, Leadership, SQL, Machine Learning",1,0,460298.78
43,Female,Bachelor's,Financial Analyst,Finance,18.0,Hyderabad,Full-time,Medium (201-1000),Hybrid,1385551.55,"JavaScript, Excel, Java, Python",1,0,1672596.04
31,Male,Bachelor's,HR Manager,Education,5.4,Jaipur,Full-time,Startup (1-50),On-site,722246.05,"Data Analysis, Project Management, Leadership",1,1,949631.11
36,Male,Diploma,Senior Software Engineer,Information Technology,7.7,Jaipur,Full-time,Enterprise (5000+),Hybrid,1428411.34,"JavaScript, Machine Learning",0,0,2137788.54
27,Female,PhD,UX Designer,Education,7.4,Pune,Freelance,Startup (1-50),Remote,678437.99,"Leadership, C++, Cloud Computing",0,0,1042103.18
28,Female,PhD,Data Scientist,Manufacturing,6.7,Ahmedabad,Full-time,Startup (1-50),Hybrid,1564724.15,"Leadership, SQL, Machine Learning",0,0,1580529.45
26,Male,Bachelor's,Senior Software Engineer,Information Technology,3.1,Bangalore,Part-time,Medium (201-1000),On-site,1044534.65,"SQL, Communication, Project Management",3,0,1380625.1
25,Male,Bachelor's,Accountant,Education,1.2,Kolkata,Part-time,Medium (201-1000),Remote,227126.94,"Python, Java, Data Analysis",3,0,270429.52
28,Male,Master's,Content Writer,Retail,2.2,Kolkata,Full-time,Startup (1-50),Remote,420750.62,"Data Analysis, Communication, JavaScript, Machine Learning, Excel",3,0,509085.41
29,Female,Diploma,Accountant,Healthcare,6.2,Chennai,Full-time,Enterprise (5000+),Remote,595337.03,"JavaScript, Project Management, Cloud Computing",0,0,751425.78
29,Male,Bachelor's,Business Analyst,Information Technology,7.6,Delhi NCR,Full-time,Medium (201-1000),On-site,1001307.01,"Python, Excel, Project Management, Machine Learning, JavaScript",2,0,1467435.52
36,Male,Diploma,Content Writer,Media,20.9,Mumbai,Full-time,Small (51-200),Hybrid,551736.48,"Cloud Computing, Excel, Machine Learning",2,0,694012.78
23,Female,Master's,Senior Software Engineer,Information Technology,2.4,Delhi NCR,Full-time,Medium (201-1000),Hybrid,2626941.13,"C++, Machine Learning, Data Analysis, Cloud Computing, Project Management",0,1,3369516.87
36,Female,Bachelor's,Product Manager,Government,14.5,Remote (India),Full-time,Small (51-200),On-site,1530659.53,"Java, Machine Learning, C++, Communication, Excel",0,1,2567074.5
28,Male,Master's,Research Scientist,Media,1.2,Chennai,Full-time,Small (51-200),Remote,1377041.99,"Python, Leadership, SQL, Project Management",3,1,2005882.18
28,Female,Master's,Software Engineer,Consulting,5.0,Jaipur,Full-time,Large (1000-5000),On-site,836957.23,"Leadership, Python",0,0,1452459.02
22,Female,Bachelor's,HR Executive,Retail,1.5,Ahmedabad,Full-time,Medium (201-1000),Remote,252328.58,"Project Management, Machine Learning, Java, SQL, Communication",1,0,443081.6
30,Female,Master's,Data Scientist,Retail,5.9,Delhi NCR,Part-time,Medium (201-1000),Remote,755058.14,"Java, Project Management, Cloud Computing, Excel, C++",1,0,1241949.6
41,Male,Bachelor's,HR Executive,Retail,12.9,Chennai,Full-time,Small (51-200),Hybrid,434948.59,"SQL, Python, Leadership, Java, Project Management",1,0,669714.94
36,Female,Master's,Product Manager,Healthcare,8.3,Hyderabad,Part-time,Large (1000-5000),Hybrid,1745512.35,"Cloud Computing, Machine Learning, Leadership",1,1,2545848.07
26,Female,Master's,Software Engineer,Information Technology,4.1,Delhi NCR,Full-time,Enterprise (5000+),Hybrid,1517167.67,"Excel, Java, Cloud Computing",3,0,1886373.27
27,Male,Bachelor's,Data Scientist,Healthcare,2.3,Remote (India),Full-time,Enterprise (5000+),On-site,1291521.03,"Machine Learning, Excel, Communication",2,0,1634518.84
33,Female,Bachelor's,Financial Analyst,Telecommunications,2.3,Chennai,Full-time,Large (1000-5000),On-site,836648.85,"Java, Leadership, Project Management",2,0,1179157.81
45,Male,Bachelor's,Sales Executive,Manufacturing,14.4,Hyderabad,Full-time,Enterprise (5000+),Remote,629530.53,"JavaScript, Java, C++, Cloud Computing, Python",3,0,1287391.43
34,Male,Bachelor's,Sales Manager,Healthcare,6.6,Jaipur,Full-time,Enterprise (5000+),Remote,1465891.94,"JavaScript, Machine Learning, Cloud Computing, C++, Project Management",0,1,2018629.96
35,Male,Master's,QA Engineer,Retail,8.7,Delhi NCR,Full-time,Large (1000-5000),Hybrid,758543.42,"Machine Learning, SQL, Project Management, Java, Leadership",0,0,1365100.18
33,Other,Diploma,Project Manager,Education,9.3,Chennai,Full-time,Enterprise (5000+),Remote,1179900.36,"C++, Communication, Data Analysis, Excel, Machine Learning",0,1,1745833.22
29,Male,Master's,Sales Executive,Manufacturing,5.6,Chennai,Full-time,Startup (1-50),On-site,634271.92,"Data Analysis, Python",2,0,640678.71
43,Female,Bachelor's,Financial Analyst,Retail,18.6,Bangalore,Full-time,Startup (1-50),On-site,929550.17,"C++, JavaScript, Excel",2,0,1105031.52
38,Male,Bachelor's,Financial Analyst,Information Technology,12.2,Remote (India),Part-time,Enterprise (5000+),On-site,677430.87,"Python, Data Analysis, Excel, SQL",0,0,950374.18
23,Male,Master's,Business Analyst,Telecommunications,1.9,Hyderabad,Full-time,Small (51-200),On-site,844712.9,"Project Management, Excel, C++, Leadership, Data Analysis",3,0,1071308.36
27,Female,Bachelor's,UX Designer,Healthcare,8.2,Ahmedabad,Full-time,Large (1000-5000),Hybrid,862298.65,"Excel, Data Analysis, Communication, C++",1,0,1405102.09
43,Female,Master's,Operations Manager,Telecommunications,13.5,Pune,Full-time,Enterprise (5000+),Remote,,"SQL, JavaScript, Communication",1,1,3380365.31
27,Male,High School,Product Manager,Government,5.2,Chennai,Freelance,Large (1000-5000),Hybrid,902913.18,"Cloud Computing, SQL, Leadership, JavaScript",2,1,2032662.7
21,Female,Bachelor's,Data Analyst,Government,2.7,Ahmedabad,Full-time,Startup (1-50),Remote,482654.33,"Data Analysis, Machine Learning, C++",1,1,593463.49
21,Other,High School,UX Designer,Healthcare,1.4,Kolkata,Full-time,Medium (201-1000),Remote,589151.27,"Java, SQL, C++",3,0,883322.06
36,Female,Master's,Accountant,Consulting,15.9,Pune,Full-time,Enterprise (5000+),On-site,799401.83,"Project Management, Cloud Computing, Leadership, C++, Python",2,0,1540571.26
38,Female,Master's,Product Manager,Education,7.1,Pune,Contract,Small (51-200),On-site,1943610.25,"Machine Learning, Project Management, C++, SQL, Cloud Computing",0,1,2771040.45
34,Male,Bachelor's,Sales Executive,Retail,7.9,Remote (India),Full-time,Large (1000-5000),Remote,499064.96,"Java, Leadership, JavaScript, Communication",0,0,679967.92
35,Female,Diploma,Marketing Manager,Telecommunications,11.2,Hyderabad,Full-time,Startup (1-50),Hybrid,1310241.8,"Data Analysis, JavaScript",3,1,1323476.56
29,Female,Bachelor's,Financial Analyst,Finance,3.7,Mumbai,Full-time,Medium (201-1000),Remote,598276.03,"C++, Cloud Computing, Machine Learning, SQL",1,0,1464634.06
30,Male,High School,DevOps Engineer,Finance,5.3,Hyderabad,Full-time,Large (1000-5000),On-site,1343209.29,"Excel, Cloud Computing",0,0,2002816.5
22,Female,High School,Content Writer,Media,2.3,Bangalore,Full-time,Large (1000-5000),Hybrid,336758.83,"Data Analysis, C++",1,0,535829.5
27,Male,Bachelor's,DevOps Engineer,Retail,4.3,Kolkata,Full-time,Medium (201-1000),Remote,1296953.58,"SQL, JavaScript",3,1,1899162.61
35,Male,High School,Financial Analyst,Telecommunications,7.0,Hyderabad,Part-time,Enterprise (5000+),Hybrid,335990.37,"Communication, Python, Machine Learning",3,0,616122.64
38,Female,High School,Financial Analyst,Retail,14.0,Mumbai,Full-time,Small (51-200),Remote,967039.03,"Machine Learning, Leadership",3,1,1124549.37
37,Female,Diploma,Administrative Assistant,Finance,9.6,Kolkata,Full-time,Medium (201-1000),On-site,340333.52,"JavaScript, C++, Java, Data Analysis, Excel",2,1,499839.58
25,Male,Diploma,UX Designer,Consulting,1.1,Ahmedabad,Full-time,Startup (1-50),Hybrid,918906.23,"Data Analysis, Java, Cloud Computing, Python",3,1,928188.11
30,Male,Master's,Financial Analyst,Healthcare,3.9,Bangalore,Full-time,Medium (201-1000),On-site,1337399.85,"JavaScript, SQL, Communication, Java, Project Management",3,0,1429831.31
27,Male,Diploma,Financial Analyst,Consulting,7.1,Hyderabad,Full-time,Large (1000-5000),On-site,946554.28,"JavaScript, Project Management, Leadership, Communication, Excel",0,1,1405094.79
27,Female,Master's,Sales Manager,Telecommunications,7.3,Delhi NCR,Full-time,Medium (201-1000),Hybrid,1383903.96,"Machine Learning, Java, JavaScript",1,1,2728803.28
36,Male,Master's,Sales Executive,Retail,13.9,Bangalore,Contract,Enterprise (5000+),On-site,637358.13,"Communication, Machine Learning, Python, SQL",0,0,1129374.76
27,Male,Diploma,Senior Software Engineer,Retail,4.9,Mumbai,Full-time,Startup (1-50),On-site,1184631.37,"Leadership, JavaScript, Data Analysis, Excel, C++",2,0,1491189.88
52,Male,Master's,Graphic Designer,Telecommunications,30.4,Mumbai,Contract,Startup (1-50),Hybrid,905201.8,"Leadership, JavaScript, Python, Data Analysis, Project Management",3,0,1240035.08
38,Female,Bachelor's,DevOps Engineer,Government,9.5,Ahmedabad,Freelance,Startup (1-50),Remote,1217186.42,"Project Management, Excel, Leadership, SQL",2,0,1229481.23
27,Male,Bachelor's,Project Manager,Finance,1.9,Kolkata,Full-time,Small (51-200),On-site,990175.65,"Communication, C++, JavaScript",3,1,1532706.13
36,Female,Master's,Business Analyst,Information Technology,8.0,Delhi NCR,Full-time,Enterprise (5000+),On-site,1223964.36,"Communication, SQL, Cloud Computing, Python",3,0,2087409.66
22,Male,Bachelor's,Content Writer,Media,3.3,Ahmedabad,Full-time,Enterprise (5000+),Hybrid,330076.52,"Project Management, Leadership",2,0,570461.4
33,Female,Bachelor's,Software Engineer,Government,8.7,Hyderabad,Full-time,Enterprise (5000+),Remote,757766.71,"SQL, Machine Learning, Excel",0,0,1479677.09
31,Male,Diploma,Executive Director,Finance,9.3,Mumbai,Full-time,Medium (201-1000),Remote,5060105.31,"JavaScript, Cloud Computing, Data Analysis, Leadership",2,1,7506868.65
41,Male,Bachelor's,Product Manager,Telecommunications,9.5,Bangalore,Full-time,Startup (1-50),Hybrid,3283007.23,"C++, Java, Cloud Computing, Data Analysis, Machine Learning",2,1,3316168.92
30,Male,Master's,Product Manager,Retail,7.4,Pune,Full-time,Small (51-200),Remote,2726037.37,"Data Analysis, C++",2,1,3183793.44
26,Male,Master's,Graphic Designer,Media,2.6,Jaipur,Full-time,Enterprise (5000+),On-site,419267.44,"JavaScript, Machine Learning, C++, SQL, Excel",3,1,840406.75
21,Female,Master's,Accountant,Information Technology,4.0,Delhi NCR,Full-time,Enterprise (5000+),On-site,990497.13,"SQL, Project Management, Python",2,0,1347498.28
31,Male,Bachelor's,DevOps Engineer,Government,8.6,Delhi NCR,Contract,Small (51-200),Remote,1263639.24,"Data Analysis, C++, Project Management, Excel, Leadership",1,1,2116343.44
34,Female,Diploma,Customer Support Executive,Retail,3.9,Kolkata,Contract,Enterprise (5000+),Remote,221576.69,"Machine Learning, Leadership, Project Management",3,0,345657.68
32,Female,PhD,Executive Director,Government,5.9,Delhi NCR,Full-time,Medium (201-1000),Hybrid,5321155.78,"C++, Cloud Computing, Java",1,1,7764735.55
46,Female,Bachelor's,Sales Manager,Telecommunications,17.7,Chennai,Full-time,Large (1000-5000),On-site,1017047.44,"Project Management, JavaScript, Python",2,1,2656380.89
35,Male,Bachelor's,Executive Director,Retail,11.5,Bangalore,Full-time,Small (51-200),Hybrid,5304392.63,"Java, JavaScript, Cloud Computing",0,1,5449258.75
29,Male,Bachelor's,Executive Director,Telecommunications,5.1,Hyderabad,Contract,Startup (1-50),Remote,3887139.69,"Excel, Cloud Computing",1,1,4218621.47
28,Female,Master's,Data Scientist,Retail,5.5,Mumbai,Full-time,Small (51-200),On-site,1932239.37,"Machine Learning, SQL",3,1,2118831.85
45,Male,Diploma,Data Analyst,Information Technology,22.4,Mumbai,Full-time,Enterprise (5000+),Remote,1362507.68,"JavaScript, C++, Data Analysis, SQL",2,0,1810449.79
34,Male,Bachelor's,Data Scientist,Healthcare,4.7,Pune,Full-time,Startup (1-50),Hybrid,1193621.9,"C++, Leadership, SQL, Communication, JavaScript",0,0,1610084.72
36,Male,Master's,Customer Support Executive,Government,6.9,Jaipur,Full-time,Enterprise (5000+),Remote,397537.71,"Excel, Data Analysis, JavaScript",2,1,593497.32
26,Female,Bachelor's,Research Scientist,Information Technology,6.9,Bangalore,Contract,Startup (1-50),Hybrid,1602395.32,"SQL, Java, Python",1,0,1981160.67
39,Female,Bachelor's,Administrative Assistant,Finance,14.6,Jaipur,Full-time,Large (1000-5000),Hybrid,403380.7,"Excel, C++, Machine Learning, Python",1,0,591192.56
26,Male,Master's,HR Executive,Retail,2.1,Pune,Full-time,Small (51-200),On-site,402178.97,"C++, Java",1,0,437562.89
27,Other,Bachelor's,DevOps Engineer,Telecommunications,4.7,Chennai,Full-time,Enterprise (5000+),Remote,1676615.91,"Python, C++, JavaScript, SQL",3,0,2549364.36
37,Female,Diploma,Customer Support Executive,Education,5.6,Delhi NCR,Full-time,Medium (201-1000),On-site,233531.3,"Project Management, Python, SQL",1,0,373395.75
28,Male,High School,Executive Director,Consulting,4.8,Hyderabad,Full-time,Large (1000-5000),On-site,4298642.77,"Excel, Data Analysis, Leadership, Cloud Computing",0,1,5214642.77
33,Male,Master's,Senior Software Engineer,Telecommunications,5.3,Pune,Full-time,Small (51-200),Hybrid,1554622.65,"Machine Learning, Leadership, Data Analysis, Excel",3,0,2852063.57
31,Male,Master's,HR Executive,Telecommunications,7.2,Jaipur,Full-time,Enterprise (5000+),On-site,558393.79,"Machine Learning, Cloud Computing",0,0,750495.0
39,Male,Master's,Administrative Assistant,Healthcare,13.7,Chennai,Full-time,Medium (201-1000),Remote,520938.42,"Project Management, Data Analysis",3,0,608079.82
28,Male,Diploma,Product Manager,Telecommunications,8.7,Hyderabad,Full-time,Startup (1-50),Remote,1466775.87,"Cloud Computing, Machine Learning, Project Management",2,1,2457493.06
29,Male,Bachelor's,Research Scientist,Education,2.6,Delhi NCR,Full-time,Large (1000-5000),Remote,1306897.33,"Machine Learning, JavaScript, Data Analysis",1,0,1769344.43
33,Female,High School,Customer Support Executive,Telecommunications,6.6,Remote (India),Full-time,Small (51-200),On-site,216777.84,"SQL, Leadership, JavaScript",3,0,307212.27
30,Male,Bachelor's,Graphic Designer,Healthcare,3.4,Hyderabad,Full-time,Small (51-200),Hybrid,508097.98,"C++, Machine Learning",3,0,689613.14
24,Female,Bachelor's,Graphic Designer,Government,4.2,Remote (India),Full-time,Enterprise (5000+),Remote,414504.4,"JavaScript, SQL, C++",3,0,648322.58
35,Female,PhD,Accountant,Media,7.8,Hyderabad,Full-time,Medium (201-1000),On-site,701377.58,"Machine Learning, SQL, Communication",2,0,969375.24
29,Male,Bachelor's,Content Writer,Finance,5.2,Bangalore,Full-time,Startup (1-50),Remote,680648.55,"Machine Learning, C++, SQL, Python",3,0,687523.79
29,Male,Bachelor's,Data Scientist,Telecommunications,5.6,Delhi NCR,Contract,Small (51-200),On-site,1402618.9,"C++, Leadership, SQL, JavaScript",3,0,1696883.26
45,Female,Diploma,Accountant,Telecommunications,18.1,Chennai,Full-time,Enterprise (5000+),On-site,688187.7,"JavaScript, Communication, Java, Excel, C++",1,1,1235852.72
31,Female,High School,HR Executive,Education,4.7,Chennai,Full-time,Large (1000-5000),On-site,240074.59,"JavaScript, Machine Learning",2,0,370930.49
21,Female,Master's,Executive Director,Retail,3.5,Delhi NCR,Full-time,Startup (1-50),Remote,5014338.05,"Project Management, SQL",0,1,5064987.93
35,Female,PhD,Customer Support Executive,Media,10.2,Kolkata,Full-time,Small (51-200),On-site,390241.01,"JavaScript, Communication",1,0,504265.77
32,Male,Bachelor's,Senior Software Engineer,Manufacturing,3.4,Remote (India),Full-time,Medium (201-1000),On-site,1801094.35,"SQL, Excel, C++, Leadership, Python",0,1,2003379.2
29,Male,Bachelor's,DevOps Engineer,Finance,6.8,Delhi NCR,Full-time,Enterprise (5000+),Remote,1499463.04,"JavaScript, Data Analysis, Excel, Python, Machine Learning",3,0,3647868.5
32,Female,Master's,Software Engineer,Education,14.2,Hyderabad,Full-time,Startup (1-50),Hybrid,897592.62,"Machine Learning, Data Analysis, Excel",2,0,1216440.91
27,Male,PhD,Project Manager,Healthcare,5.8,Remote (India),Full-time,Startup (1-50),Remote,2081136.29,"SQL, Python",3,1,2102157.87
44,Male,Bachelor's,Graphic Designer,Finance,15.1,Chennai,Full-time,Large (1000-5000),Hybrid,665271.71,"Communication, Java, Cloud Computing, SQL, Data Analysis",3,0,1013910.22
32,Female,Master's,Senior Software Engineer,Education,6.4,Jaipur,Part-time,Small (51-200),Hybrid,705128.61,"JavaScript, C++, Machine Learning, SQL, Python",3,0,1031723.39
25,Male,Master's,Sales Executive,Government,1.8,Delhi NCR,Full-time,Large (1000-5000),On-site,558341.24,"Leadership, Cloud Computing",3,0,941056.48
34,Female,Bachelor's,Senior Software Engineer,Government,2.6,Kolkata,Full-time,Small (51-200),On-site,1275991.15,"Python, Machine Learning, Communication",1,0,1548699.88
44,Female,Master's,Software Engineer,Healthcare,18.9,Ahmedabad,Contract,Large (1000-5000),On-site,1571189.76,"Cloud Computing, Leadership",2,0,1983439.3
30,Male,Master's,Research Scientist,Manufacturing,2.3,Kolkata,Full-time,Enterprise (5000+),Remote,1209347.46,"Excel, JavaScript, Leadership, SQL",3,0,2118440.81
28,Male,Master's,HR Manager,Education,9.7,Hyderabad,Full-time,Small (51-200),Hybrid,1498259.53,"Data Analysis, C++, Machine Learning, Cloud Computing, Leadership",3,1,1613945.05
39,Female,Diploma,UX Designer,Manufacturing,11.8,Bangalore,Full-time,Small (51-200),Remote,1106898.71,"Machine Learning, Data Analysis, Python",0,0,1197745.01
38,Female,Bachelor's,HR Manager,Information Technology,18.4,Ahmedabad,Full-time,Enterprise (5000+),Remote,1385533.77,"Communication, Data Analysis, Project Management, Excel, Machine Learning",1,1,2665760.55
22,Male,PhD,Executive Director,Finance,0.8,Bangalore,Part-time,Enterprise (5000+),Hybrid,3465772.3,"Python, Java",2,1,5524731.68
35,Male,Bachelor's,Customer Support Executive,Government,11.4,Chennai,Full-time,Medium (201-1000),On-site,442882.04,"SQL, Leadership",2,1,526540.43
38,Male,Bachelor's,Executive Director,Media,8.2,Delhi NCR,Full-time,Medium (201-1000),Hybrid,4080641.57,"Machine Learning, Cloud Computing, JavaScript, Java, Communication",1,1,6723573.8
38,Male,Bachelor's,Administrative Assistant,Retail,12.4,Mumbai,Full-time,Enterprise (5000+),Remote,414044.17,"Leadership, SQL, Project Management, Excel, Python",3,0,625009.45
28,Male,Master's,HR Manager,Consulting,6.7,Delhi NCR,Full-time,Small (51-200),Hybrid,1395911.44,"Communication, C++, Java, Data Analysis, Leadership",1,1,2295984.82
28,Female,Bachelor's,Customer Support Executive,Consulting,8.1,Delhi NCR,Full-time,Small (51-200),On-site,410582.47,"C++, Data Analysis, Communication",0,0,428457.49
32,Male,Diploma,Software Engineer,Manufacturing,6.0,Ahmedabad,Full-time,Enterprise (5000+),On-site,652358.88,"Python, Machine Learning, C++",2,0,1069399.24
29,Male,Master's,Financial Analyst,Healthcare,5.4,Chennai,Full-time,Startup (1-50),On-site,,"JavaScript, C++, Machine Learning, Cloud Computing",0,0,1201222.06
29,Male,Bachelor's,Financial Analyst,Retail,3.3,Kolkata,Full-time,Startup (1-50),On-site,394880.2,"Communication, JavaScript, Leadership, Cloud Computing, Java",2,0,629971.56
29,Male,Bachelor's,UX Designer,Manufacturing,0.8,Delhi NCR,Contract,Large (1000-5000),Hybrid,578547.5,"Python, Cloud Computing, Java",0,0,1120934.95
34,Female,Diploma,Product Manager,Media,7.9,Jaipur,Full-time,Large (1000-5000),On-site,1361603.93,"Data Analysis, Project Management",0,1,2108614.86
29,Male,Bachelor's,Data Scientist,Healthcare,5.9,Hyderabad,Full-time,Medium (201-1000),Hybrid,1301502.58,"Project Management, C++, Excel, JavaScript",3,0,1895987.06
31,Female,Diploma,Data Analyst,Government,8.8,Mumbai,Full-time,Medium (201-1000),Hybrid,721062.79,"Project Management, SQL, Data Analysis, Cloud Computing, Machine Learning",2,0,1023818.91
26,Male,Bachelor's,Accountant,Consulting,3.6,Mumbai,Full-time,Enterprise (5000+),Remote,318794.23,"SQL, Communication, Python, C++, Excel",3,0,1115895.54
30,Male,Bachelor's,Content Writer,Manufacturing,2.6,Jaipur,Full-time,Enterprise (5000+),On-site,291461.2,"Excel, Machine Learning, JavaScript, SQL",1,0,542185.19
40,Female,Bachelor's,Customer Support Executive,Finance,10.9,Bangalore,Full-time,Startup (1-50),Remote,479007.67,"C++, Data Analysis, Excel, Communication",2,0,631734.78
30,Female,High School,HR Manager,Consulting,2.0,Mumbai,Full-time,Enterprise (5000+),Hybrid,869071.15,"Java, Communication, SQL",3,1,1674601.2
37,Male,Master's,Senior Software Engineer,Media,12.1,Pune,Full-time,Medium (201-1000),Hybrid,1594461.6,"Project Management, SQL, Machine Learning",2,0,3112025.09
25,Male,Bachelor's,Product Manager,Telecommunications,4.2,Ahmedabad,Full-time,Large (1000-5000),Remote,2011172.65,"C++, Communication, Java",0,1,2324962.52
46,Male,Bachelor's,Data Scientist,Manufacturing,17.8,Pune,Full-time,Medium (201-1000),Remote,1317129.51,"Communication, Data Analysis, Java, JavaScript, Machine Learning",3,0,2247100.33
37,Male,High School,Business Analyst,Telecommunications,10.7,Delhi NCR,Full-time,Startup (1-50),Hybrid,776718.18,"Python, Excel",0,0,784563.82
42,Female,PhD,HR Manager,Finance,9.7,Jaipur,Full-time,Small (51-200),Remote,1731332.76,"Python, Data Analysis",0,1,1942891.36
30,Male,PhD,Marketing Manager,Media,5.7,Chennai,Full-time,Medium (201-1000),On-site,1927086.76,"Communication, C++, Machine Learning, Java, Excel",2,1,1946552.28
22,Female,Master's,Data Scientist,Media,1.5,Remote (India),Full-time,Startup (1-50),Hybrid,1287620.09,"Project Management, Cloud Computing, Leadership",0,1,1754100.07
21,Male,Bachelor's,Accountant,Consulting,1.4,Bangalore,Contract,Small (51-200),Hybrid,526822.06,"C++, Machine Learning",0,0,748181.64
37,Male,High School,Software Engineer,Information Technology,8.8,Mumbai,Full-time,Enterprise (5000+),On-site,1079319.77,"SQL, Cloud Computing, Excel, Machine Learning, Java",1,0,1690054.36
21,Male,Master's,Content Writer,Information Technology,2.6,Mumbai,Freelance,Large (1000-5000),On-site,455642.14,"Cloud Computing, Data Analysis, C++, Project Management",3,0,967338.27
33,Female,Master's,Operations Manager,Consulting,7.4,Remote (India),Full-time,Enterprise (5000+),Hybrid,1352505.97,"Data Analysis, Machine Learning, Java, C++, Python",1,1,3145114.09
54,Male,Bachelor's,Data Analyst,Retail,29.6,Remote (India),Full-time,Small (51-200),On-site,985729.47,"JavaScript, Machine Learning",1,0,1083727.08
26,Male,PhD,Financial Analyst,Retail,1.7,Jaipur,Full-time,Enterprise (5000+),Hybrid,945277.04,"Machine Learning, Java, Cloud Computing",1,1,1472692.31
31,Male,PhD,HR Manager,Media,6.5,Pune,Full-time,Enterprise (5000+),On-site,1540064.79,"Cloud Computing, Excel, SQL",1,1,2268899.51
37,Male,Bachelor's,QA Engineer,Media,12.6,Jaipur,Part-time,Enterprise (5000+),Remote,376201.23,"Leadership, C++, Cloud Computing, JavaScript, Python",3,0,637492.93
43,Male,Master's,Accountant,Healthcare,19.3,Pune,Full-time,Medium (201-1000),On-site,733756.76,"Project Management, Python",0,0,1127508.05
35,Male,High School,Business Analyst,Telecommunications,4.7,Hyderabad,Full-time,Startup (1-50),Remote,497574.63,"JavaScript, SQL, Cloud Computing",0,0,719760.41
35,Male,High School,Marketing Manager,Healthcare,6.7,Jaipur,Full-time,Enterprise (5000+),Remote,725158.24,"Python, Communication, Data Analysis, Excel",1,1,1253479.71
32,Other,Bachelor's,Customer Support Executive,Telecommunications,3.7,Ahmedabad,Full-time,Large (1000-5000),Hybrid,259052.27,"Project Management, C++, JavaScript, Cloud Computing, Excel",0,0,412804.76
41,Male,Diploma,DevOps Engineer,Telecommunications,16.1,Ahmedabad,Full-time,Enterprise (5000+),Hybrid,841126.75,"JavaScript, Project Management, Excel, Cloud Computing",1,0,2207200.96
27,Male,Bachelor's,Project Manager,Finance,5.3,Kolkata,Full-time,Startup (1-50),On-site,1437766.1,"Excel, SQL, Machine Learning, C++, Cloud Computing",3,1,1612518.83
34,Male,High School,HR Executive,Consulting,3.9,Kolkata,Full-time,Medium (201-1000),On-site,304533.77,"Machine Learning, Communication, Python",3,0,477184.97
27,Female,Master's,HR Executive,Manufacturing,1.2,Chennai,Full-time,Medium (201-1000),Hybrid,412389.68,"Data Analysis, Python, Java, Excel",1,0,602471.59
33,Female,Bachelor's,Graphic Designer,Information Technology,2.9,Delhi NCR,Full-time,Large (1000-5000),Remote,639071.51,"Cloud Computing, Excel",2,0,927925.0
32,Male,Bachelor's,QA Engineer,Media,7.3,Remote (India),Contract,Small (51-200),On-site,773284.59,"Excel, Java, Leadership, Cloud Computing, Python",3,1,967999.77
27,Male,Bachelor's,Data Scientist,Retail,1.5,Hyderabad,Full-time,Enterprise (5000+),On-site,664658.71,"Excel, SQL",2,0,1654222.18
31,Female,PhD,Administrative Assistant,Media,5.9,Delhi NCR,Full-time,Small (51-200),Remote,464607.23,"Excel, Data Analysis, C++, Machine Learning, Cloud Computing",1,0,625041.5
51,Female,Bachelor's,Sales Manager,Education,25.3,Hyderabad,Full-time,Startup (1-50),Hybrid,2206779.0,"Leadership, Data Analysis, C++",3,1,2326391.33
35,Male,Master's,Data Analyst,Finance,3.5,Ahmedabad,Full-time,Startup (1-50),Remote,761453.31,"Java, Cloud Computing, JavaScript",1,0,769144.76
31,Male,Bachelor's,Accountant,Finance,9.8,Remote (India),Full-time,Startup (1-50),Remote,664756.87,"Excel, Project Management, Machine Learning",1,0,671471.59
27,Female,Master's,HR Manager,Finance,7.4,Remote (India),Full-time,Small (51-200),Remote,1261341.08,"JavaScript, C++, Leadership, Machine Learning, Excel",2,1,1944989.9
38,Female,Master's,UX Designer,Manufacturing,4.6,Kolkata,Full-time,Startup (1-50),Hybrid,434473.53,"Excel, SQL, Project Management, Java",0,0,1136694.27
25,Male,Master's,DevOps Engineer,Retail,2.4,Kolkata,Full-time,Enterprise (5000+),Remote,1629318.2,"Python, C++, Communication, Java",1,0,2079828.32
22,Female,High School,Marketing Manager,Manufacturing,1.3,Delhi NCR,Full-time,Startup (1-50),Remote,789177.58,"Excel, Project Management",1,1,1036516.08
35,Female,Master's,UX Designer,Telecommunications,11.7,Hyderabad,Freelance,Enterprise (5000+),On-site,943270.15,"Communication, Project Management, Java",1,0,1976262.89
29,Male,Master's,Senior Software Engineer,Government,3.8,Bangalore,Full-time,Large (1000-5000),Remote,2716501.89,"Cloud Computing, Machine Learning, JavaScript",3,1,3391637.29
33,Male,Bachelor's,Financial Analyst,Education,8.5,Chennai,Full-time,Startup (1-50),On-site,458142.54,"SQL, Communication, Excel, C++, JavaScript",0,0,767393.39
26,Female,Master's,Data Analyst,Retail,8.5,Kolkata,Part-time,Enterprise (5000+),Hybrid,402130.04,"Java, Machine Learning",0,0,575168.87
38,Female,Bachelor's,Financial Analyst,Finance,9.4,Jaipur,Full-time,Small (51-200),Remote,662247.22,"Cloud Computing, SQL, Leadership",2,0,921456.79
29,Male,Master's,Senior Software Engineer,Information Technology,8.0,Jaipur,Full-time,Startup (1-50),Hybrid,1501582.63,"Excel, SQL, Machine Learning",3,0,2458623.66
31,Male,High School,Senior Software Engineer,Government,8.4,Kolkata,Contract,Medium (201-1000),Hybrid,969593.0,"JavaScript, Python, Leadership, Communication, Excel",1,0,1317183.34
43,Female,Bachelor's,Software Engineer,Finance,18.9,Pune,Full-time,Medium (201-1000),Remote,1770669.8,"Leadership, Excel, Java, JavaScript",2,1,2355747.65
28,Female,High School,Accountant,Healthcare,4.4,Remote (India),Contract,Startup (1-50),Hybrid,352181.56,"Java, JavaScript, Python, SQL, Communication",0,0,438364.65
37,Male,Bachelor's,Marketing Manager,Finance,6.4,Mumbai,Contract,Medium (201-1000),Hybrid,1437880.8,"JavaScript, Leadership",0,1,2199848.34
44,Female,Bachelor's,Business Analyst,Media,18.6,Remote (India),Full-time,Startup (1-50),Remote,701781.13,"Project Management, SQL",0,0,918602.35
46,Female,Diploma,Research Scientist,Manufacturing,22.2,Ahmedabad,Full-time,Medium (201-1000),On-site,1473354.5,"Machine Learning, Cloud Computing, Project Management, Excel",2,0,2243809.91
32,Male,PhD,Software Engineer,Consulting,4.3,Kolkata,Full-time,Small (51-200),Hybrid,1366569.63,"Leadership, Project Management, Communication, JavaScript, Data Analysis",3,1,1611075.48
21,Male,Master's,Administrative Assistant,Telecommunications,1.0,Kolkata,Full-time,Large (1000-5000),On-site,210468.63,"Machine Learning, JavaScript",2,0,458186.15
42,Male,Diploma,Sales Executive,Retail,6.9,Hyderabad,Full-time,Startup (1-50),On-site,421734.46,"Data Analysis, Java, Excel, Project Management, Leadership",0,0,451914.32
34,Female,Diploma,QA Engineer,Media,8.1,Kolkata,Full-time,Enterprise (5000+),On-site,666952.21,"Communication, Python, Leadership, Project Management, Cloud Computing",1,0,874920.62
31,Male,Bachelor's,Accountant,Healthcare,5.4,Jaipur,Full-time,Enterprise (5000+),Hybrid,419949.55,"SQL, Data Analysis, Python, Java, Excel",2,0,785128.17
36,Male,Master's,HR Manager,Media,9.2,Hyderabad,Full-time,Enterprise (5000+),Remote,1367674.83,"Python, Data Analysis, Excel",2,1,2401844.07
38,Female,High School,HR Executive,Healthcare,8.5,Chennai,Part-time,Startup (1-50),On-site,143294.13,"C++, Project Management, Java, JavaScript, Python",1,0,237606.34
33,Male,Diploma,Content Writer,Retail,3.8,Pune,Full-time,Small (51-200),Remote,262789.88,"Data Analysis, Machine Learning",0,0,362391.46
27,Male,High School,Accountant,Consulting,15.1,Pune,Full-time,Large (1000-5000),Hybrid,606138.51,"Python, Java, JavaScript, Leadership, Excel",1,1,1013457.1
24,Male,PhD,Accountant,Consulting,2.3,Bangalore,Full-time,Small (51-200),Remote,991797.23,"C++, Excel, JavaScript, Project Management, Java",1,0,1075495.24
26,Female,Bachelor's,Customer Support Executive,Manufacturing,7.8,Remote (India),Contract,Large (1000-5000),Remote,218389.16,"SQL, Project Management",0,0,444004.69
36,Male,Bachelor's,Project Manager,Finance,3.8,Kolkata,Part-time,Large (1000-5000),Hybrid,821329.05,"Data Analysis, Excel, Project Management",1,1,1045541.95
36,Female,Bachelor's,Executive Director,Manufacturing,5.0,Ahmedabad,Full-time,Small (51-200),Hybrid,3891030.3,"SQL, Project Management, Java, JavaScript",2,1,3930333.64
34,Female,Bachelor's,Product Manager,Government,9.1,Delhi NCR,Full-time,Small (51-200),Hybrid,2121137.96,"Data Analysis, Leadership",2,1,2952142.93
21,Other,Diploma,HR Manager,Media,1.3,Bangalore,Contract,Medium (201-1000),On-site,1031258.83,"Data Analysis, C++",3,1,1106270.58
27,Male,Bachelor's,Sales Executive,Government,4.7,Kolkata,Full-time,Startup (1-50),On-site,541041.67,"Data Analysis, Machine Learning, JavaScript, Cloud Computing, Java",1,0,546506.74
28,Female,PhD,Sales Manager,Retail,5.2,Bangalore,Full-time,Startup (1-50),On-site,1398555.52,"Data Analysis, Project Management, JavaScript",2,1,2417824.29
34,Male,Bachelor's,Research Scientist,Education,6.4,Delhi NCR,Full-time,Small (51-200),Hybrid,1217223.29,"Machine Learning, Excel, C++, Data Analysis, Python",1,0,1753531.32
36,Male,Bachelor's,Sales Executive,Finance,7.3,Bangalore,Full-time,Small (51-200),Hybrid,936932.2,"C++, JavaScript, Machine Learning, Python",2,1,1153383.45
28,Other,Master's,QA Engineer,Government,2.1,Remote (India),Full-time,Enterprise (5000+),Hybrid,679324.33,"Cloud Computing, Excel, Communication",3,0,1097320.28
29,Male,Bachelor's,Senior Software Engineer,Manufacturing,1.7,Chennai,Full-time,Enterprise (5000+),Hybrid,1527396.59,"Machine Learning, JavaScript, Leadership, Java",0,1,2898057.65
33,Male,Bachelor's,Accountant,Finance,7.2,Bangalore,Full-time,Startup (1-50),Remote,777462.69,"Excel, Data Analysis, C++",2,0,785315.85
22,Male,Master's,Senior Software Engineer,Information Technology,2.5,Mumbai,Full-time,Enterprise (5000+),Remote,2767006.9,"Project Management, Machine Learning",3,1,4357282.69
23,Male,PhD,Project Manager,Education,1.8,Kolkata,Full-time,Startup (1-50),On-site,,"Project Management, Python, C++, Data Analysis",0,1,1366492.33
48,Male,Bachelor's,Data Analyst,Education,13.7,Chennai,Full-time,Startup (1-50),Remote,651127.65,"Cloud Computing, Data Analysis, Project Management, Leadership",0,0,867593.69
28,Male,Master's,Graphic Designer,Telecommunications,2.8,Ahmedabad,Full-time,Enterprise (5000+),On-site,551704.74,"Python, SQL",0,1,853447.98
31,Male,Master's,Project Manager,Retail,6.1,Jaipur,Full-time,Medium (201-1000),Hybrid,1285666.9,"Data Analysis, Machine Learning",2,1,1470285.71
23,Female,Master's,Customer Support Executive,Education,2.7,Ahmedabad,Full-time,Startup (1-50),Hybrid,289408.28,"Cloud Computing, Leadership, Project Management, Communication",1,0,292331.59
38,Female,Bachelor's,HR Executive,Retail,13.6,Jaipur,Full-time,Enterprise (5000+),Remote,315782.07,"Cloud Computing, C++, SQL, Leadership",3,0,732846.12
36,Male,Diploma,Sales Executive,Retail,11.9,Jaipur,Full-time,Small (51-200),On-site,404314.97,"Cloud Computing, Data Analysis, Python, Machine Learning, Communication",2,1,667398.01
47,Male,Bachelor's,Administrative Assistant,Finance,16.8,Remote (India),Full-time,Medium (201-1000),Remote,421662.21,"C++, Communication, Cloud Computing, SQL, Leadership",2,0,604783.15
42,Female,High School,UX Designer,Telecommunications,12.0,Jaipur,Full-time,Small (51-200),Hybrid,531687.45,"Data Analysis, Python",3,1,1019363.21
23,Male,Master's,Financial Analyst,Telecommunications,6.4,Kolkata,Full-time,Enterprise (5000+),On-site,919556.39,"Leadership, Excel, Communication, Java",0,1,1729386.18
21,Male,Diploma,Software Engineer,Retail,3.2,Ahmedabad,Full-time,Small (51-200),Hybrid,585367.76,"SQL, JavaScript, Excel, Cloud Computing",2,0,759460.97
31,Female,Bachelor's,Marketing Manager,Government,4.7,Mumbai,Freelance,Enterprise (5000+),Remote,834932.8,"Cloud Computing, Data Analysis",3,1,1687757.04
25,Female,Master's,Marketing Manager,Healthcare,1.4,Bangalore,Full-time,Large (1000-5000),Hybrid,1799582.49,"Excel, C++, Leadership, Project Management, Communication",1,1,2469669.23
31,Male,Bachelor's,Sales Manager,Manufacturing,3.5,Bangalore,Full-time,Enterprise (5000+),Remote,1453253.85,"Machine Learning, JavaScript, Project Management, SQL, Communication",3,1,2441010.83
37,Male,PhD,Sales Manager,Telecommunications,9.6,Kolkata,Full-time,Startup (1-50),On-site,1740660.34,"Project Management, C++, Python, SQL, Java",1,1,2223568.59
28,Male,Diploma,HR Executive,Healthcare,5.3,Kolkata,Full-time,Startup (1-50),Hybrid,396708.04,"Python, Project Management, Excel, SQL, JavaScript",1,0,411596.31
39,Male,Bachelor's,Sales Manager,Information Technology,10.7,Remote (India),Full-time,Medium (201-1000),Remote,1401540.08,"Communication, Project Management, Python, Data Analysis, SQL",2,1,2373028.37
21,Female,Bachelor's,QA Engineer,Media,5.1,Delhi NCR,Full-time,Startup (1-50),On-site,846861.51,"Java, Python, Machine Learning",1,0,855415.66
30,Male,Bachelor's,Customer Support Executive,Education,4.9,Kolkata,Full-time,Small (51-200),On-site,204855.6,"Cloud Computing, Leadership, Data Analysis",3,1,391845.15
38,Female,Master's,HR Manager,Retail,12.2,Jaipur,Contract,Large (1000-5000),Remote,1052704.89,"Leadership, JavaScript, Machine Learning",2,1,1753118.13
23,Male,Bachelor's,Financial Analyst,Telecommunications,0.5,Jaipur,Full-time,Enterprise (5000+),Hybrid,578315.44,"Leadership, Cloud Computing, Java, Machine Learning",0,0,1107763.67
35,Female,Master's,Senior Software Engineer,Telecommunications,13.4,Hyderabad,Full-time,Small (51-200),Remote,1889963.69,"Excel, JavaScript, Data Analysis, Python, Java",0,0,3087046.19
36,Male,High School,Administrative Assistant,Telecommunications,12.1,Mumbai,Full-time,Small (51-200),On-site,259809.03,"Data Analysis, SQL, JavaScript, Leadership",3,0,432901.28
32,Male,Master's,Sales Executive,Manufacturing,8.7,Chennai,Full-time,Startup (1-50),Hybrid,592833.66,"Cloud Computing, Leadership",3,0,704089.66
29,Male,Bachelor's,Content Writer,Government,4.8,Jaipur,Full-time,Enterprise (5000+),Remote,326487.85,"SQL, Excel, Machine Learning, Project Management, JavaScript",1,0,606903.46
21,Male,Bachelor's,HR Manager,Retail,5.4,Kolkata,Full-time,Startup (1-50),On-site,699459.02,"Machine Learning, Excel, Java, Data Analysis",1,1,1042439.28
31,Male,Master's,Sales Executive,Finance,7.3,Ahmedabad,Full-time,Enterprise (5000+),Remote,386869.13,"Java, Communication, Leadership",2,0,1207967.71
33,Male,Bachelor's,Data Analyst,Healthcare,4.2,Chennai,Full-time,Large (1000-5000),On-site,,"Excel, Leadership, Java, JavaScript, Python",3,0,1082916.68
30,Male,PhD,Project Manager,Information Technology,6.8,Ahmedabad,Full-time,Large (1000-5000),Remote,1921496.51,"JavaScript, Leadership",2,1,2978631.61
27,Male,Master's,Senior Software Engineer,Consulting,5.8,Chennai,Freelance,Startup (1-50),On-site,1873128.75,"C++, Leadership",0,0,1892049.24
30,Female,PhD,Product Manager,Retail,6.2,Pune,Full-time,Enterprise (5000+),Hybrid,2628398.62,"JavaScript, SQL, Python",0,1,4137035.59
28,Female,Bachelor's,Customer Support Executive,Finance,3.3,Pune,Full-time,Small (51-200),Remote,496066.42,"Python, C++, JavaScript, Java, Project Management",3,1,602805.91
30,Female,Bachelor's,QA Engineer,Finance,8.9,Jaipur,Full-time,Small (51-200),Remote,744892.02,"Data Analysis, SQL, JavaScript, Java",2,0,983434.32
28,Male,Bachelor's,HR Manager,Education,8.2,Remote (India),Contract,Large (1000-5000),On-site,774468.61,"C++, Java, SQL, Machine Learning",0,1,1301687.27
30,Female,Bachelor's,Research Scientist,Consulting,,Kolkata,Full-time,Medium (201-1000),On-site,1635991.64,"Python, Java, Leadership",2,0,1784724.87
31,Male,Master's,Sales Executive,Government,3.1,Hyderabad,Full-time,Small (51-200),Hybrid,613990.45,"JavaScript, Data Analysis, Java, Project Management",1,0,718595.64
29,Female,Master's,Customer Support Executive,Media,4.4,Mumbai,Full-time,Large (1000-5000),Remote,219009.45,"SQL, Communication",3,0,573315.33
29,Female,Diploma,Software Engineer,Healthcare,1.4,Remote (India),Full-time,Medium (201-1000),Hybrid,677341.28,"Project Management, JavaScript, Data Analysis",2,0,836532.62
36,Male,Bachelor's,Research Scientist,Government,8.6,Pune,Full-time,Small (51-200),On-site,1104099.95,"Communication, Excel, Machine Learning, Leadership",2,0,1976283.9
33,Male,Bachelor's,QA Engineer,Government,6.8,Remote (India),Full-time,Medium (201-1000),Remote,723084.45,"JavaScript, Machine Learning, Data Analysis",1,1,910734.92
21,Male,Bachelor's,Data Analyst,Finance,1.3,Kolkata,Full-time,Small (51-200),On-site,651414.11,"Communication, Excel",2,1,953975.61
31,Male,Bachelor's,Data Analyst,Education,6.4,Delhi NCR,Full-time,Enterprise (5000+),Hybrid,595683.28,"Leadership, JavaScript, C++",3,0,1040732.97
28,Female,Master's,Customer Support Executive,Education,6.4,Hyderabad,Full-time,Enterprise (5000+),Hybrid,306903.43,"JavaScript, Project Management, C++",1,0,630657.3
23,Male,Diploma,HR Executive,Media,2.5,Mumbai,Full-time,Enterprise (5000+),Remote,499262.14,"Leadership, Data Analysis, Cloud Computing, Python",0,1,701906.67
29,Male,Bachelor's,Senior Software Engineer,Government,6.6,Remote (India),Full-time,Startup (1-50),Remote,1194519.58,"Project Management, Communication, Python, JavaScript",1,0,1560173.86
21,Female,High School,Business Analyst,Telecommunications,1.6,Remote (India),Full-time,Small (51-200),On-site,414911.43,"SQL, Excel, JavaScript, Python",3,0,665684.67
28,Female,Master's,Product Manager,Finance,3.0,Ahmedabad,Full-time,Enterprise (5000+),Remote,2111073.6,"Communication, Cloud Computing, JavaScript, C++, Machine Learning",2,1,4127230.01
38,Female,PhD,Data Analyst,Healthcare,11.7,Ahmedabad,Full-time,Medium (201-1000),Remote,824843.4,"Data Analysis, Cloud Computing",3,0,1161576.71
39,Male,Bachelor's,Business Analyst,Retail,9.4,Mumbai,Part-time,Large (1000-5000),On-site,499910.83,"Project Management, Machine Learning, Cloud Computing, Leadership",3,0,697294.28
32,Female,High School,Content Writer,Information Technology,3.5,Bangalore,Full-time,Small (51-200),Hybrid,391938.76,"Communication, SQL",1,0,526121.47
28,Female,Master's,Operations Manager,Manufacturing,11.1,Mumbai,Full-time,Small (51-200),On-site,2087456.52,"Leadership, JavaScript",1,1,2192148.93
39,Female,Diploma,Research Scientist,Information Technology,19.0,Remote (India),Full-time,Enterprise (5000+),Remote,1517405.95,"Project Management, JavaScript",0,0,2520507.48
26,Male,Bachelor's,Graphic Designer,Telecommunications,0.6,Pune,Freelance,Small (51-200),Remote,279611.45,"Leadership, SQL, Data Analysis, Python, Java",3,0,532474.73
51,Female,Master's,HR Manager,Information Technology,18.5,Hyderabad,Full-time,Enterprise (5000+),Remote,2453642.7,"Leadership, Data Analysis, Communication",1,1,3832945.72
37,Female,Master's,Graphic Designer,Education,13.7,Pune,Contract,Enterprise (5000+),Remote,577169.75,"Python, Communication, Java",2,0,857489.49
27,Female,Master's,Content Writer,Media,2.3,Bangalore,Full-time,Medium (201-1000),Remote,555214.89,"Excel, C++, Cloud Computing, Java",0,0,670267.33
33,Male,Bachelor's,Customer Support Executive,Education,6.8,Hyderabad,Full-time,Large (1000-5000),Hybrid,336739.08,"Excel, SQL, Machine Learning, Leadership, Project Management",0,0,429386.21
33,Female,High School,Customer Support Executive,Manufacturing,11.3,Hyderabad,Full-time,Large (1000-5000),Hybrid,251666.14,"Communication, C++, JavaScript, Excel",0,0,394715.69
42,Male,Bachelor's,Graphic Designer,Media,19.6,Pune,Part-time,Enterprise (5000+),Hybrid,295840.68,"C++, Data Analysis, Python",1,0,535524.13
33,Female,Bachelor's,Data Analyst,Retail,2.6,Mumbai,Full-time,Medium (201-1000),Hybrid,619065.19,"Excel, Data Analysis",2,0,880818.59
44,Male,Master's,DevOps Engineer,Consulting,17.2,Hyderabad,Full-time,Small (51-200),On-site,3329317.34,"Communication, Java, C++, JavaScript",2,1,3685296.51
37,Female,Bachelor's,Administrative Assistant,Media,8.2,Jaipur,Full-time,Small (51-200),On-site,216834.52,"Excel, JavaScript, Leadership, Cloud Computing, C++",2,0,322703.11
31,Male,Bachelor's,Marketing Manager,Retail,3.5,Jaipur,Part-time,Medium (201-1000),On-site,426960.46,"Excel, Project Management",0,1,593126.72
28,Male,Bachelor's,Sales Manager,Consulting,11.1,Pune,Full-time,Large (1000-5000),Remote,1576405.97,"C++, Python, Communication, Machine Learning",0,1,2471473.8
39,Other,Bachelor's,Product Manager,Retail,12.0,Ahmedabad,Full-time,Small (51-200),On-site,1725128.59,"Data Analysis, Python",0,1,2034982.17
24,Female,Bachelor's,Operations Manager,Information Technology,1.9,Hyderabad,Full-time,Startup (1-50),Hybrid,1143195.09,"C++, Data Analysis",3,1,1670042.63
38,Female,Bachelor's,Executive Director,Education,9.6,Kolkata,Full-time,Medium (201-1000),Remote,2842950.92,"Machine Learning, C++",1,1,4101976.67
32,Male,Bachelor's,Operations Manager,Manufacturing,4.2,Chennai,Full-time,Small (51-200),On-site,1443641.68,"Communication, Cloud Computing, Machine Learning, Project Management",2,1,1458223.92
32,Male,Bachelor's,Business Analyst,Government,5.5,Bangalore,Full-time,Startup (1-50),On-site,824723.5,"Data Analysis, C++, Cloud Computing, Leadership",0,0,833054.04
46,Female,Master's,UX Designer,Government,14.5,Remote (India),Full-time,Enterprise (5000+),Hybrid,,"Python, C++",3,0,2123482.96
29,Male,Master's,QA Engineer,Government,10.0,Remote (India),Full-time,Startup (1-50),On-site,440419.68,"C++, Java, Project Management, Data Analysis",3,0,924730.62
34,Male,Master's,Operations Manager,Telecommunications,5.1,Bangalore,Full-time,Enterprise (5000+),Hybrid,1802716.81,"SQL, Cloud Computing, Leadership",2,1,2876535.55
26,Male,PhD,Business Analyst,Consulting,0.8,Chennai,Full-time,Large (1000-5000),Hybrid,1034429.65,"Leadership, Project Management, Machine Learning",0,0,1372683.21
39,Male,Diploma,Sales Manager,Manufacturing,11.7,Hyderabad,Contract,Enterprise (5000+),On-site,1134194.08,"Python, Data Analysis, Communication, Leadership, Cloud Computing",3,1,2064135.14
31,Male,Bachelor's,DevOps Engineer,Manufacturing,2.1,Mumbai,Full-time,Enterprise (5000+),Hybrid,1590600.18,"SQL, Cloud Computing, C++",3,0,2308574.59
23,Male,Bachelor's,Research Scientist,Media,1.3,Ahmedabad,Contract,Medium (201-1000),On-site,937511.5,"C++, Java, Machine Learning",2,0,1320109.97
39,Female,Bachelor's,Project Manager,Manufacturing,12.5,Ahmedabad,Full-time,Small (51-200),On-site,1279735.15,"Project Management, Communication, C++, Data Analysis, Machine Learning",1,1,1551386.3
33,Male,Bachelor's,HR Executive,Healthcare,3.8,Delhi NCR,Full-time,Enterprise (5000+),On-site,593426.88,"Machine Learning, Cloud Computing, Java",0,0,817099.56
26,Male,Master's,Accountant,Consulting,4.4,Bangalore,Contract,Startup (1-50),On-site,759349.64,"Python, SQL, C++, Cloud Computing, Excel",2,0,892962.57
21,Female,Diploma,Data Scientist,Media,3.5,Bangalore,Full-time,Large (1000-5000),On-site,983001.83,"Data Analysis, Java, Leadership",3,0,1775361.37
28,Female,Bachelor's,Product Manager,Consulting,1.1,Kolkata,Part-time,Small (51-200),On-site,1213510.38,"Java, SQL",3,1,1269586.67
42,Female,Bachelor's,Research Scientist,Finance,8.9,Bangalore,Part-time,Startup (1-50),Remote,782999.94,"SQL, Communication, Python, Cloud Computing, Project Management",2,0,1446872.4
39,Female,Master's,Software Engineer,Manufacturing,10.7,Bangalore,Full-time,Small (51-200),Hybrid,1525791.95,"JavaScript, Python, Java, C++",0,0,1664121.96
26,Female,Master's,Data Analyst,Healthcare,2.4,Delhi NCR,Full-time,Startup (1-50),On-site,622709.42,"C++, Machine Learning, Python, Data Analysis, Java",0,0,920168.38
26,Female,High School,Product Manager,Media,9.0,Kolkata,Full-time,Large (1000-5000),Hybrid,1412260.43,"Project Management, SQL, Java, C++",3,1,2254501.52
23,Male,Master's,Graphic Designer,Information Technology,1.5,Pune,Full-time,Startup (1-50),Hybrid,440808.73,"JavaScript, Leadership, Cloud Computing",3,0,787908.66
33,Male,Bachelor's,Business Analyst,Healthcare,5.3,Pune,Full-time,Medium (201-1000),On-site,862316.29,"Excel, Leadership, Communication",1,1,1146276.54
44,Male,Bachelor's,Customer Support Executive,Manufacturing,22.4,Remote (India),Full-time,Small (51-200),Hybrid,352786.93,"Machine Learning, Python, Data Analysis, Java, Communication",1,0,550364.79
31,Male,Bachelor's,Marketing Manager,Media,6.9,Chennai,Full-time,Large (1000-5000),On-site,1238028.51,"Project Management, Cloud Computing, C++, Python, Java",1,1,1781254.27
31,Male,Bachelor's,UX Designer,Government,1.1,Pune,Full-time,Medium (201-1000),Remote,593447.85,"Machine Learning, Python, Excel, C++, SQL",3,0,1058601.84
43,Male,Bachelor's,Graphic Designer,Government,17.4,Mumbai,Full-time,Startup (1-50),Remote,419551.64,"Java, Data Analysis, Excel, Communication",3,0,754872.68
42,Female,Diploma,HR Executive,Healthcare,11.8,Pune,Full-time,Large (1000-5000),Remote,341878.08,"C++, Machine Learning, JavaScript, Python, Excel",1,0,728546.7
33,Other,Master's,DevOps Engineer,Media,13.1,Mumbai,Full-time,Startup (1-50),On-site,2163248.38,"Project Management, Leadership",0,0,2185099.37
32,Female,Master's,Operations Manager,Media,4.9,Kolkata,Full-time,Enterprise (5000+),Hybrid,1269489.67,"Excel, Java, C++, Python",2,1,2281887.64
31,Female,PhD,Sales Executive,Information Technology,3.7,Hyderabad,Full-time,Large (1000-5000),On-site,615085.42,"Machine Learning, C++",3,0,1316678.57
28,Female,Bachelor's,QA Engineer,Telecommunications,2.1,Remote (India),Full-time,Startup (1-50),On-site,501007.55,"Project Management, Data Analysis, SQL, Excel, Machine Learning",1,0,765551.36
26,Male,Bachelor's,Business Analyst,Media,2.5,Chennai,Full-time,Startup (1-50),Remote,789838.66,"Python, Java, SQL, Data Analysis, Machine Learning",3,0,797816.83
30,Female,Bachelor's,Business Analyst,Retail,4.0,Delhi NCR,Full-time,Large (1000-5000),On-site,529138.92,"Data Analysis, Java",2,0,1102253.83
38,Male,Master's,Sales Executive,Government,9.0,Jaipur,Part-time,Medium (201-1000),On-site,333229.75,"Communication, Java",3,0,390877.5
27,Female,Master's,Software Engineer,Media,1.7,Delhi NCR,Full-time,Enterprise (5000+),Remote,1161346.55,"Project Management, Java, SQL, C++",2,0,1772609.55
30,Female,Master's,Business Analyst,Media,8.5,Chennai,Full-time,Large (1000-5000),Hybrid,1067858.29,"Cloud Computing, SQL, Java, Python, C++",2,1,1612157.99
30,Female,Bachelor's,Software Engineer,Media,4.3,Ahmedabad,Freelance,Enterprise (5000+),Remote,554241.47,"Cloud Computing, Project Management, Python, Java",2,0,1029356.15
30,Male,Bachelor's,Operations Manager,Finance,5.8,Delhi NCR,Full-time,Small (51-200),Hybrid,1623244.69,"JavaScript, Python, SQL, Data Analysis, Excel",3,1,2290870.94
31,Male,Master's,Data Analyst,Education,7.6,Kolkata,Full-time,Small (51-200),Hybrid,696525.28,"Machine Learning, C++, Python, Excel",3,0,787463.12
27,Female,Master's,HR Executive,Telecommunications,4.8,Chennai,Full-time,Small (51-200),Remote,428062.9,"Communication, Excel",1,1,687868.82
35,Male,Bachelor's,Content Writer,Media,5.4,Remote (India),Full-time,Enterprise (5000+),On-site,416782.44,"Communication, Java, Leadership",3,0,558755.0
27,Female,Bachelor's,Project Manager,Information Technology,2.4,Delhi NCR,Full-time,Enterprise (5000+),Remote,1209892.77,"Java, Project Management",1,1,2540821.71
26,Male,Bachelor's,Data Scientist,Media,4.0,Jaipur,Full-time,Small (51-200),On-site,1320358.61,"Communication, C++, Java, Project Management, Leadership",1,1,1531735.0
31,Other,Bachelor's,Accountant,Media,4.7,Hyderabad,Full-time,Small (51-200),Hybrid,583951.41,"Communication, Data Analysis, Machine Learning, SQL",0,1,673901.36
39,Male,Bachelor's,Research Scientist,Finance,17.6,Kolkata,Full-time,Medium (201-1000),On-site,1340668.34,"C++, Excel",1,0,2179341.82
30,Male,Bachelor's,Sales Executive,Manufacturing,4.4,Remote (India),Full-time,Large (1000-5000),Remote,467176.02,"Project Management, Communication, Excel, Java",3,0,797731.63
24,Female,Bachelor's,Content Writer,Retail,6.3,Jaipur,Full-time,Startup (1-50),On-site,360961.97,"JavaScript, Leadership, C++, Python",3,0,397266.62
23,Female,Diploma,QA Engineer,Media,2.3,Kolkata,Full-time,Large (1000-5000),On-site,545939.37,"Cloud Computing, Java, Project Management",2,0,783163.89
34,Male,Bachelor's,Senior Software Engineer,Retail,15.8,Remote (India),Full-time,Small (51-200),On-site,1568501.49,"Machine Learning, SQL",2,0,1791345.86
26,Male,Master's,Administrative Assistant,Manufacturing,3.1,Bangalore,Full-time,Medium (201-1000),Remote,490089.55,"Machine Learning, C++, SQL",1,0,577163.11
35,Female,Bachelor's,Accountant,Healthcare,6.3,Ahmedabad,Part-time,Large (1000-5000),Hybrid,262480.4,"Project Management, Excel, C++, Java, Data Analysis",1,0,424835.3
31,Male,Master's,Software Engineer,Media,4.3,Jaipur,Full-time,Small (51-200),Hybrid,1049083.56,"Java, C++",2,1,1180525.83
27,Male,High School,Sales Executive,Consulting,10.3,Bangalore,Full-time,Medium (201-1000),On-site,628470.66,"Data Analysis, SQL, Python",3,0,842966.69
26,Male,Bachelor's,Administrative Assistant,Telecommunications,5.1,Hyderabad,Full-time,Startup (1-50),Remote,373238.01,"C++, Excel",0,0,377008.1
43,Male,Master's,Sales Executive,Education,20.1,Delhi NCR,Full-time,Medium (201-1000),Remote,637735.27,"Java, Project Management, Cloud Computing, Machine Learning, Excel",1,0,1134982.96
30,Female,Master's,Data Analyst,Healthcare,6.0,Remote (India),Full-time,Small (51-200),Remote,729609.65,"Python, SQL, JavaScript, Leadership, Communication",1,0,1021746.67
42,Female,Master's,Sales Manager,Education,19.3,Remote (India),Full-time,Startup (1-50),Remote,1791520.69,"Leadership, Communication, Project Management, SQL",1,1,2245133.63
30,Female,Master's,Sales Executive,Manufacturing,2.5,Mumbai,Full-time,Large (1000-5000),Remote,574894.52,"Machine Learning, Python",0,0,1080885.16
28,Male,Master's,Customer Support Executive,Retail,6.4,Bangalore,Full-time,Small (51-200),Remote,424890.13,"JavaScript, Cloud Computing",2,0,519125.09
36,Male,Master's,Data Analyst,Consulting,9.8,Kolkata,Full-time,Large (1000-5000),Hybrid,,"Machine Learning, Communication, Python, Java, Leadership",2,0,1345536.97
36,Female,Bachelor's,Research Scientist,Finance,10.2,Chennai,Part-time,Large (1000-5000),Hybrid,952275.69,"Python, JavaScript, Data Analysis, C++",1,0,1472085.67
32,Female,Bachelor's,UX Designer,Manufacturing,5.8,Pune,Full-time,Large (1000-5000),On-site,932229.71,"Machine Learning, Data Analysis",2,0,1442027.04
24,Female,Master's,Data Analyst,Consulting,2.9,Ahmedabad,Full-time,Medium (201-1000),Remote,,"Excel, Data Analysis",0,0,910730.9
23,Female,Master's,Business Analyst,Telecommunications,1.8,Mumbai,Part-time,Enterprise (5000+),Remote,294530.66,"Machine Learning, Java, Communication, Data Analysis, Leadership",3,0,819505.86
42,Female,Bachelor's,Senior Software Engineer,Media,18.5,Delhi NCR,Full-time,Small (51-200),On-site,2136907.48,"C++, Project Management",3,0,2728133.73
31,Male,Bachelor's,Business Analyst,Healthcare,12.0,Hyderabad,Full-time,Enterprise (5000+),Remote,1062448.74,"Cloud Computing, C++, Excel",2,0,1564429.82
41,Female,High School,Project Manager,Consulting,9.0,Mumbai,Full-time,Enterprise (5000+),Hybrid,1518694.56,"Python, JavaScript, C++",2,1,2044542.5
27,Female,Diploma,Research Scientist,Government,6.3,Bangalore,Full-time,Medium (201-1000),Hybrid,982426.58,"Leadership, Python, Machine Learning",2,0,1709252.39
27,Female,High School,Accountant,Consulting,3.5,Remote (India),Full-time,Startup (1-50),Remote,402180.21,"C++, Project Management, Communication, Data Analysis, Python",2,0,450134.57
29,Male,Master's,Sales Manager,Education,5.9,Kolkata,Freelance,Medium (201-1000),Hybrid,1325102.23,"Communication, Python, Cloud Computing",2,1,1371522.82
24,Female,Diploma,Accountant,Telecommunications,3.5,Ahmedabad,Full-time,Small (51-200),Remote,440452.71,"Communication, Python",1,1,536087.53
47,Female,Bachelor's,Marketing Manager,Healthcare,20.7,Remote (India),Contract,Enterprise (5000+),On-site,1632935.96,"Project Management, SQL, Excel, Cloud Computing, Python",1,1,2277660.48
28,Male,PhD,Sales Manager,Healthcare,6.6,Delhi NCR,Part-time,Large (1000-5000),Hybrid,1266819.98,"Java, Project Management, C++",2,1,2116260.19
35,Male,Bachelor's,Customer Support Executive,Finance,8.5,Hyderabad,Full-time,Enterprise (5000+),On-site,487357.64,"Python, Data Analysis, JavaScript",3,0,755258.06
31,Male,PhD,Data Scientist,Consulting,2.3,Bangalore,Contract,Enterprise (5000+),Hybrid,2002538.38,"Cloud Computing, Project Management",0,0,2954969.57
32,Male,Master's,HR Executive,Education,2.7,Ahmedabad,Full-time,Medium (201-1000),Hybrid,320683.25,"Data Analysis, Communication, JavaScript, Python, Project Management",1,0,495925.15
31,Other,Master's,Research Scientist,Information Technology,6.4,Ahmedabad,Full-time,Small (51-200),On-site,1529529.75,"Leadership, Machine Learning, Project Management",3,0,2034172.14
35,Female,Master's,UX Designer,Finance,15.6,Ahmedabad,Full-time,Startup (1-50),On-site,1314385.92,"Communication, Leadership",2,0,1630022.85
36,Male,Bachelor's,Financial Analyst,Consulting,7.6,Remote (India),Full-time,Large (1000-5000),On-site,1009591.96,"Python, C++, Data Analysis, Project Management",0,0,1192025.12
24,Male,PhD,Executive Director,Education,3.5,Remote (India),Full-time,Medium (201-1000),On-site,4288559.51,"JavaScript, Machine Learning, SQL, Python",2,1,5895084.36
35,Male,Bachelor's,Financial Analyst,Information Technology,7.7,Ahmedabad,Full-time,Startup (1-50),Remote,808851.32,"SQL, Communication, Machine Learning, Leadership",2,0,912580.8
35,Female,Bachelor's,Executive Director,Government,7.6,Mumbai,Full-time,Enterprise (5000+),Remote,4203917.23,"Leadership, Cloud Computing, Python, Data Analysis, C++",1,1,8356279.0
41,Female,Master's,Software Engineer,Finance,11.3,Hyderabad,Full-time,Large (1000-5000),Hybrid,1713295.86,"Communication, Data Analysis",2,0,2218175.84
41,Female,Diploma,Financial Analyst,Healthcare,11.6,Pune,Full-time,Large (1000-5000),On-site,793774.1,"Communication, Machine Learning, Cloud Computing, Java",2,0,1183084.46
26,Male,Diploma,Marketing Manager,Healthcare,3.8,Mumbai,Freelance,Enterprise (5000+),Remote,933740.31,"Machine Learning, Excel, C++",0,1,1478079.33
28,Female,High School,Graphic Designer,Telecommunications,3.0,Ahmedabad,Full-time,Startup (1-50),Hybrid,266532.28,"JavaScript, SQL, Excel, Python",0,0,337733.48
24,Male,Master's,Data Scientist,Government,1.2,Chennai,Contract,Startup (1-50),Remote,1154755.38,"Python, Excel",1,0,1192117.74
24,Female,Bachelor's,UX Designer,Media,3.5,Chennai,Full-time,Medium (201-1000),Hybrid,731834.52,"Python, JavaScript, SQL",1,0,1192189.22
34,Male,Bachelor's,HR Executive,Media,10.7,Hyderabad,Full-time,Medium (201-1000),Hybrid,493663.25,"Excel, Python, Java, Data Analysis",1,0,731689.38
39,Female,Diploma,HR Executive,Consulting,11.3,Bangalore,Full-time,Startup (1-50),On-site,533667.61,"Excel, SQL, Cloud Computing",1,1,707782.96
24,Female,Master's,Marketing Manager,Manufacturing,3.1,Ahmedabad,Full-time,Medium (201-1000),Remote,897287.29,"Python, Java, C++",3,1,1503012.74
28,Female,High School,HR Executive,Retail,8.8,Delhi NCR,Full-time,Medium (201-1000),Hybrid,337246.5,"Excel, Java, Machine Learning, SQL",3,0,531696.01
34,Male,Bachelor's,Content Writer,Government,12.9,Chennai,Full-time,Startup (1-50),Hybrid,412010.65,"JavaScript, C++",2,0,527894.41
33,Male,Bachelor's,HR Manager,Government,4.6,Ahmedabad,Full-time,Startup (1-50),Remote,672459.18,"SQL, Project Management, Java, Data Analysis",3,1,1002340.16
35,Female,Diploma,UX Designer,Manufacturing,8.9,Pune,Full-time,Enterprise (5000+),Hybrid,1144444.54,"JavaScript, Machine Learning",3,1,1586709.01
34,Male,PhD,Operations Manager,Government,5.4,Kolkata,Full-time,Medium (201-1000),Hybrid,1439627.57,"Communication, Project Management, Python, Cloud Computing, C++",1,1,1697102.4
30,Female,PhD,Executive Director,Healthcare,3.6,Bangalore,Full-time,Small (51-200),Remote,6667246.95,"C++, SQL",1,1,7662897.9
35,Male,Master's,Senior Software Engineer,Government,3.5,Delhi NCR,Contract,Enterprise (5000+),On-site,1752288.07,"Java, Leadership, SQL",2,0,2704795.84
34,Male,Bachelor's,Data Analyst,Retail,8.3,Chennai,Freelance,Large (1000-5000),Remote,687411.99,"Java, Project Management, Data Analysis",1,1,882700.69
24,Male,High School,Operations Manager,Retail,2.2,Chennai,Full-time,Small (51-200),On-site,695252.35,"Cloud Computing, Excel, Project Management",3,1,904805.55
31,Female,Diploma,Sales Executive,Healthcare,5.6,Mumbai,Full-time,Medium (201-1000),On-site,694019.34,"Python, Data Analysis, JavaScript, Machine Learning, Cloud Computing",1,0,895386.68
28,Female,Master's,Sales Manager,Telecommunications,3.0,Chennai,Full-time,Small (51-200),On-site,1329045.99,"C++, Excel, Machine Learning, Python",2,1,1932975.61
30,Male,PhD,Sales Manager,Telecommunications,5.1,Pune,Full-time,Large (1000-5000),Remote,2145116.53,"JavaScript, Data Analysis, Cloud Computing",2,1,2956079.94
21,Male,Master's,Sales Executive,Telecommunications,3.5,Bangalore,Full-time,Startup (1-50),Remote,737883.07,"Java, Machine Learning, Cloud Computing, C++",3,0,916397.95
26,Male,Bachelor's,HR Executive,Consulting,0.9,Chennai,Full-time,Medium (201-1000),On-site,665990.33,"Leadership, Project Management, Machine Learning",2,1,759906.15
29,Male,Bachelor's,Operations Manager,Healthcare,6.7,Jaipur,Full-time,Medium (201-1000),Remote,1324469.62,"Excel, SQL, Machine Learning, Cloud Computing",3,1,1524414.64
34,Female,Diploma,Senior Software Engineer,Retail,2.4,Hyderabad,Full-time,Startup (1-50),Remote,1352825.56,"C++, Communication, Machine Learning, Excel",1,0,1506064.17
32,Male,Bachelor's,Research Scientist,Retail,,Mumbai,Full-time,Enterprise (5000+),On-site,1345334.14,"Leadership, Java, Communication",3,0,2341339.54
35,Male,Bachelor's,Content Writer,Finance,11.9,Ahmedabad,Freelance,Large (1000-5000),Hybrid,488248.3,"Data Analysis, C++, Python, Excel",3,1,813233.52
34,Male,Bachelor's,Operations Manager,Education,10.4,Ahmedabad,Full-time,Medium (201-1000),Hybrid,705818.34,"Machine Learning, Excel, JavaScript, Communication",1,1,1237103.2
37,Male,Master's,HR Manager,Telecommunications,5.8,Jaipur,Full-time,Medium (201-1000),Remote,1397774.85,"Machine Learning, Python, Leadership",3,1,2042607.58
34,Female,Master's,QA Engineer,Consulting,7.4,Jaipur,Full-time,Small (51-200),Remote,618492.79,"Data Analysis, Excel, Python",2,0,1018508.03
26,Female,Bachelor's,Project Manager,Consulting,6.2,Remote (India),Full-time,Medium (201-1000),Remote,894009.24,"Communication, JavaScript, SQL, Project Management, Python",2,1,1871066.96
22,Female,Bachelor's,Operations Manager,Government,0.5,Remote (India),Full-time,Medium (201-1000),Hybrid,729389.01,"Python, Excel, JavaScript, Data Analysis, Leadership",3,1,1507598.12
42,Female,Bachelor's,HR Manager,Consulting,11.6,Jaipur,Part-time,Small (51-200),Hybrid,382006.28,"Communication, Excel, Leadership, Data Analysis, Cloud Computing",0,1,835115.23
41,Female,Master's,Research Scientist,Education,10.8,Chennai,Full-time,Small (51-200),Hybrid,1656067.88,"Data Analysis, SQL, Excel",2,0,1960675.84
21,Male,Diploma,Project Manager,Media,2.3,Jaipur,Part-time,Startup (1-50),Remote,377641.93,"C++, Communication",1,1,463202.74
33,Male,Bachelor's,Sales Manager,Media,7.1,Remote (India),Full-time,Large (1000-5000),Remote,1514116.32,"SQL, Cloud Computing, Machine Learning, Data Analysis",2,1,1897775.92
32,Male,Bachelor's,Content Writer,Finance,12.2,Jaipur,Contract,Startup (1-50),Hybrid,538109.24,"Java, Excel, Cloud Computing, Machine Learning, Python",2,1,676931.44
30,Male,Bachelor's,Software Engineer,Healthcare,3.2,Bangalore,Full-time,Medium (201-1000),On-site,891098.8,"C++, SQL, Python",0,0,1277943.41
32,Female,Master's,Sales Executive,Education,2.7,Remote (India),Full-time,Large (1000-5000),Remote,568571.57,"C++, Java, JavaScript, Cloud Computing",1,0,689971.46
32,Other,Master's,HR Executive,Finance,3.5,Chennai,Full-time,Small (51-200),Hybrid,781038.87,"Excel, Leadership, Python, Data Analysis",3,1,858730.24
34,Male,Bachelor's,Data Scientist,Finance,10.9,Mumbai,Full-time,Large (1000-5000),Hybrid,1961846.03,"Machine Learning, C++, Java, Leadership",3,0,2992129.38
24,Male,Bachelor's,Executive Director,Education,4.0,Delhi NCR,Full-time,Large (1000-5000),Hybrid,3625702.18,"Leadership, Python, JavaScript, Communication, Project Management",0,1,5234430.18
41,Male,Master's,Accountant,Consulting,16.6,Delhi NCR,Freelance,Startup (1-50),Hybrid,758977.01,"Communication, Data Analysis",0,0,859898.61
25,Female,Bachelor's,Software Engineer,Government,1.8,Delhi NCR,Contract,Large (1000-5000),Remote,588417.81,"Leadership, Python, Excel, Machine Learning, SQL",1,0,1244401.91
28,Male,Bachelor's,Marketing Manager,Manufacturing,2.2,Kolkata,Full-time,Medium (201-1000),On-site,813153.93,"SQL, C++",3,1,1241501.13
29,Female,Bachelor's,Marketing Manager,Media,5.2,Bangalore,Full-time,Large (1000-5000),Remote,1439570.15,"Project Management, C++, SQL, Java, Data Analysis",0,1,1880778.86
35,Male,Bachelor's,Graphic Designer,Media,8.5,Hyderabad,Contract,Small (51-200),On-site,593290.52,"Cloud Computing, Machine Learning, Java",3,0,640122.22
25,Female,Master's,Financial Analyst,Media,4.5,Chennai,Full-time,Large (1000-5000),Hybrid,785749.63,"Project Management, Python",1,0,1268470.47
29,Male,Master's,Product Manager,Telecommunications,8.2,Bangalore,Full-time,Medium (201-1000),Remote,1769664.0,"Machine Learning, Leadership, Excel, Data Analysis, Project Management",0,1,4178428.21
38,Male,Bachelor's,Product Manager,Media,9.2,Bangalore,Contract,Enterprise (5000+),On-site,3142548.18,"Leadership, Java, Data Analysis, Communication",2,1,3298871.19
30,Female,Bachelor's,Business Analyst,Healthcare,5.4,Mumbai,Full-time,Enterprise (5000+),Hybrid,1105568.75,"Java, Project Management, SQL, Leadership, JavaScript",3,1,1876429.99
28,Male,Bachelor's,Graphic Designer,Education,5.5,Remote (India),Full-time,Large (1000-5000),On-site,387835.06,"Data Analysis, Machine Learning, Project Management",2,0,609387.69
31,Male,Master's,HR Executive,Information Technology,5.7,Chennai,Full-time,Startup (1-50),On-site,704176.47,"C++, Python, Cloud Computing, Java",0,0,711289.36
29,Male,Master's,Operations Manager,Consulting,3.9,Chennai,Part-time,Medium (201-1000),Remote,912931.65,"Java, Project Management, C++, Data Analysis",2,1,1141614.16
40,Male,Bachelor's,Research Scientist,Manufacturing,14.7,Chennai,Full-time,Small (51-200),Hybrid,1686186.67,"C++, Cloud Computing, Communication, Excel",0,0,1992783.71
23,Female,Bachelor's,UX Designer,Finance,3.2,Jaipur,Full-time,Large (1000-5000),Hybrid,1183115.78,"C++, Communication, JavaScript, Data Analysis",1,0,1244793.59
28,Female,PhD,Senior Software Engineer,Consulting,4.7,Jaipur,Full-time,Enterprise (5000+),On-site,2424385.03,"Leadership, Machine Learning, Java",2,0,3431420.26
30,Female,Master's,Content Writer,Finance,2.0,Chennai,Contract,Large (1000-5000),Remote,718394.64,"Excel, Leadership, Java",2,1,867779.05
25,Male,High School,Customer Support Executive,Education,3.5,Chennai,Full-time,Large (1000-5000),On-site,230352.76,"C++, Data Analysis, Project Management",3,0,320298.19
28,Other,Master's,HR Manager,Telecommunications,5.8,Chennai,Full-time,Medium (201-1000),Hybrid,1528560.65,"Python, Java, Data Analysis, Excel, Leadership",1,1,1724094.62
36,Female,Bachelor's,Software Engineer,Telecommunications,8.4,Chennai,Full-time,Enterprise (5000+),Remote,869125.09,"Excel, SQL, Data Analysis, Python",3,0,1601068.95
26,Male,Bachelor's,UX Designer,Telecommunications,3.5,Hyderabad,Full-time,Small (51-200),Remote,772063.58,"Java, SQL, JavaScript, Data Analysis",3,0,1247692.51
28,Female,Bachelor's,Product Manager,Retail,7.3,Pune,Full-time,Small (51-200),On-site,2170737.42,"Project Management, C++, Excel, Cloud Computing, Python",2,1,2557691.14
33,Male,Bachelor's,UX Designer,Finance,4.4,Remote (India),Full-time,Startup (1-50),On-site,1187845.11,"Excel, Java, Data Analysis, SQL, Communication",2,0,1199843.54
36,Female,Diploma,QA Engineer,Manufacturing,10.7,Hyderabad,Full-time,Medium (201-1000),Hybrid,556465.51,"Data Analysis, Java, Excel, Python, Leadership",1,0,972749.71
29,Male,Bachelor's,Sales Executive,Healthcare,5.3,Pune,Full-time,Large (1000-5000),Hybrid,609136.27,"Communication, Machine Learning, Java",3,0,932973.81
39,Male,Master's,Senior Software Engineer,Healthcare,5.9,Delhi NCR,Contract,Enterprise (5000+),On-site,1878201.33,"Cloud Computing, Java, Data Analysis, SQL, Python",1,0,3949545.68
25,Female,High School,Software Engineer,Finance,3.6,Chennai,Full-time,Medium (201-1000),Remote,856049.19,"Machine Learning, Java, Communication, SQL",2,1,1065980.52
23,Male,Bachelor's,UX Designer,Consulting,3.0,Chennai,Full-time,Medium (201-1000),Remote,1200969.42,"JavaScript, Java, Excel, Machine Learning",1,0,1213100.42
47,Male,Bachelor's,HR Executive,Education,19.2,Delhi NCR,Full-time,Startup (1-50),Remote,426411.47,"Cloud Computing, Project Management, Python",0,0,634693.21
34,Male,Master's,Executive Director,Government,13.7,Chennai,Full-time,Enterprise (5000+),Remote,6311446.48,"C++, SQL, Leadership, JavaScript",2,1,8370551.89
29,Male,Bachelor's,Senior Software Engineer,Consulting,1.2,Chennai,Contract,Medium (201-1000),Hybrid,958439.34,"Python, Project Management, C++, Java",0,0,1938898.97
45,Female,Bachelor's,Operations Manager,Retail,22.3,Remote (India),Part-time,Small (51-200),On-site,819126.74,"Leadership, Python, Java, Project Management",1,1,959973.32
37,Female,Bachelor's,Project Manager,Healthcare,10.8,Chennai,Full-time,Medium (201-1000),Remote,1837453.88,"SQL, Java, Excel, Communication",2,1,2174450.87
34,Female,Master's,Executive Director,Media,6.0,Chennai,Full-time,Large (1000-5000),Remote,5422813.3,"Leadership, C++",1,1,6437433.06
21,Male,Bachelor's,Content Writer,Manufacturing,2.5,Mumbai,Full-time,Enterprise (5000+),Remote,473803.46,"Java, Machine Learning, Communication",3,0,811407.72
29,Female,High School,Graphic Designer,Government,6.5,Mumbai,Full-time,Small (51-200),Remote,353353.12,"Python, Excel, Data Analysis, JavaScript",3,0,560561.98
38,Female,Diploma,Executive Director,Retail,11.1,Ahmedabad,Full-time,Large (1000-5000),On-site,2617474.14,"Project Management, Communication, JavaScript, Java",1,1,3982993.55
34,Male,Master's,Customer Support Executive,Government,10.7,Bangalore,Full-time,Small (51-200),Remote,377198.2,"SQL, Python",0,0,540302.28
23,Male,High School,Data Scientist,Media,5.5,Kolkata,Full-time,Startup (1-50),On-site,709894.02,"JavaScript, Cloud Computing, Project Management, SQL, C++",3,0,1031948.55
34,Male,High School,Administrative Assistant,Government,11.0,Ahmedabad,Full-time,Enterprise (5000+),Hybrid,205269.73,"SQL, Excel, Cloud Computing, Data Analysis",2,0,344277.48
21,Female,Master's,Customer Support Executive,Information Technology,3.5,Delhi NCR,Contract,Enterprise (5000+),Hybrid,542688.97,"Project Management, Excel",0,0,774837.01
26,Male,Bachelor's,Sales Executive,Manufacturing,7.1,Chennai,Full-time,Large (1000-5000),Remote,461298.04,"Cloud Computing, Leadership",3,0,805923.65
29,Female,Diploma,Customer Support Executive,Government,3.8,Hyderabad,Full-time,Large (1000-5000),On-site,291554.48,"Project Management, Machine Learning, JavaScript, Excel, Java",1,0,362676.22
33,Male,Bachelor's,Administrative Assistant,Finance,4.6,Bangalore,Contract,Enterprise (5000+),Hybrid,305314.46,"Data Analysis, Java",3,0,587815.28
31,Female,Master's,Executive Director,Manufacturing,7.1,Mumbai,Contract,Medium (201-1000),Hybrid,3743904.15,"Project Management, Machine Learning, SQL",0,1,6436963.78
40,Male,Diploma,Sales Manager,Consulting,6.9,Pune,Full-time,Small (51-200),Hybrid,1545238.4,"Communication, Project Management, Python",0,1,1560846.87
37,Female,Master's,Project Manager,Government,5.4,Remote (India),Contract,Startup (1-50),Remote,1430156.51,"Java, SQL, Python, Cloud Computing, C++",2,1,1534041.38
29,Male,Bachelor's,Customer Support Executive,Media,2.5,Kolkata,Full-time,Enterprise (5000+),Hybrid,273165.53,"Leadership, Excel, Project Management, JavaScript",0,0,435850.29
31,Female,Bachelor's,Operations Manager,Retail,5.5,Chennai,Full-time,Enterprise (5000+),On-site,1113437.12,"C++, Machine Learning, Communication, Java, Excel",2,1,1670613.41
32,Female,Bachelor's,Project Manager,Information Technology,6.0,Ahmedabad,Freelance,Large (1000-5000),Hybrid,917759.37,"JavaScript, Project Management, Data Analysis, SQL, Python",1,1,1572499.06
25,Other,Master's,Marketing Manager,Telecommunications,1.5,Remote (India),Full-time,Startup (1-50),Remote,1268251.69,"Java, Python",2,1,1589850.1
39,Male,Master's,Product Manager,Manufacturing,9.6,Jaipur,Full-time,Large (1000-5000),Hybrid,1807742.35,"Data Analysis, Java, C++, Leadership, Communication",3,1,3609641.63
29,Male,PhD,Data Scientist,Healthcare,2.2,Ahmedabad,Part-time,Large (1000-5000),On-site,859208.33,"Java, Leadership, SQL, Communication, Machine Learning",3,0,1247782.21
29,Other,Bachelor's,Product Manager,Telecommunications,3.0,Delhi NCR,Full-time,Large (1000-5000),Hybrid,1573960.49,"Communication, Project Management",1,1,3489384.29
34,Female,Master's,Data Scientist,Finance,7.3,Bangalore,Full-time,Startup (1-50),On-site,1876968.09,"Machine Learning, Cloud Computing, Data Analysis",1,0,2445033.02
39,Female,Bachelor's,QA Engineer,Information Technology,12.4,Ahmedabad,Full-time,Small (51-200),Hybrid,968778.57,"Data Analysis, Project Management",1,0,981343.23
33,Female,Master's,Marketing Manager,Government,3.3,Delhi NCR,Full-time,Enterprise (5000+),Hybrid,1064326.7,"Communication, Excel",1,1,2318226.47
38,Male,Diploma,Data Analyst,Media,9.9,Mumbai,Full-time,Small (51-200),On-site,700950.63,"Machine Learning, SQL, Communication",0,0,831970.34
24,Male,Master's,HR Manager,Government,4.0,Remote (India),Full-time,Large (1000-5000),Remote,1159476.1,"Excel, Java",0,1,1744803.9
26,Female,Bachelor's,Administrative Assistant,Healthcare,5.5,Bangalore,Full-time,Startup (1-50),Hybrid,388798.37,"JavaScript, C++",1,0,419580.7
29,Female,Master's,Data Scientist,Education,,Kolkata,Full-time,Large (1000-5000),On-site,1378745.85,"Communication, C++",3,0,1457228.78
33,Female,Bachelor's,Accountant,Telecommunications,5.0,Bangalore,Full-time,Medium (201-1000),Hybrid,725640.06,"Python, Machine Learning, Data Analysis",1,0,808132.69
23,Male,Master's,Product Manager,Manufacturing,8.3,Remote (India),Full-time,Medium (201-1000),Remote,2193983.57,"Communication, SQL, Leadership, Java",1,1,3381440.24
33,Female,High School,Accountant,Healthcare,6.1,Kolkata,Full-time,Enterprise (5000+),On-site,337820.73,"SQL, Machine Learning, Communication, Cloud Computing",2,0,674848.02
38,Female,High School,Operations Manager,Healthcare,13.0,Mumbai,Full-time,Small (51-200),Remote,1107001.21,"Data Analysis, Python, JavaScript, Cloud Computing",2,1,1758140.22
27,Female,Bachelor's,QA Engineer,Retail,2.5,Ahmedabad,Full-time,Small (51-200),On-site,601067.21,"Communication, SQL, Java, C++",2,1,607138.6
40,Male,Master's,Content Writer,Media,17.4,Mumbai,Part-time,Small (51-200),Remote,558733.27,"Communication, Excel, C++",0,1,564377.04
23,Female,High School,QA Engineer,Information Technology,2.8,Hyderabad,Full-time,Medium (201-1000),On-site,605355.87,"Cloud Computing, C++",1,0,839148.05
28,Female,Master's,Software Engineer,Government,1.9,Kolkata,Full-time,Medium (201-1000),On-site,684597.63,"Python, Java",2,0,964860.9
41,Female,Bachelor's,DevOps Engineer,Retail,11.6,Bangalore,Freelance,Large (1000-5000),Hybrid,1176947.38,"Java, Project Management, Leadership",1,0,2150212.09
36,Female,Bachelor's,Executive Director,Telecommunications,5.4,Mumbai,Full-time,Startup (1-50),Remote,5381811.6,"Java, Data Analysis, Leadership, Cloud Computing",2,1,5436173.34
34,Other,Master's,Customer Support Executive,Telecommunications,2.8,Jaipur,Full-time,Large (1000-5000),On-site,354419.75,"C++, Data Analysis, Python, JavaScript",2,0,430591.13
25,Male,Master's,Administrative Assistant,Consulting,5.7,Remote (India),Full-time,Enterprise (5000+),Remote,221490.73,"Python, Machine Learning, Data Analysis, C++",3,1,905037.3
23,Male,Diploma,DevOps Engineer,Media,4.0,Hyderabad,Full-time,Medium (201-1000),Hybrid,834277.79,"Python, Java, Communication, Data Analysis, Project Management",1,0,1823540.35
30,Female,Bachelor's,Project Manager,Retail,5.8,Chennai,Full-time,Medium (201-1000),On-site,1157849.18,"SQL, Leadership, Java",2,1,1223358.31
52,Female,Bachelor's,Sales Executive,Telecommunications,25.5,Mumbai,Full-time,Small (51-200),On-site,1179758.32,"Java, SQL, Communication, JavaScript",2,0,1191675.07
23,Male,Diploma,Customer Support Executive,Consulting,5.7,Ahmedabad,Full-time,Small (51-200),Remote,397162.91,"Java, Project Management, Cloud Computing, Leadership",1,1,401174.66
44,Male,Diploma,Marketing Manager,Education,16.8,Mumbai,Full-time,Startup (1-50),On-site,1044276.06,"Data Analysis, Leadership, Excel, Java, JavaScript",3,1,1408221.77
35,Female,PhD,Executive Director,Finance,5.0,Kolkata,Full-time,Large (1000-5000),Hybrid,4683065.3,"Excel, Machine Learning, C++, Java, Leadership",0,1,8845552.12
23,Female,High School,Administrative Assistant,Healthcare,1.4,Pune,Full-time,Medium (201-1000),Remote,192537.17,"Cloud Computing, Excel, JavaScript, Communication, SQL",2,1,372795.71
31,Male,High School,HR Manager,Consulting,5.7,Ahmedabad,Full-time,Medium (201-1000),Hybrid,973873.37,"Data Analysis, Communication, Java, C++, Project Management",2,1,1031800.84
34,Male,Master's,Research Scientist,Manufacturing,1.7,Chennai,Full-time,Small (51-200),On-site,1519768.91,"Cloud Computing, SQL, Data Analysis, JavaScript",2,1,1942412.95
34,Male,Master's,DevOps Engineer,Media,7.6,Remote (India),Full-time,Large (1000-5000),On-site,1659143.24,"Project Management, Excel, Communication, Java, SQL",3,0,2618125.47
35,Male,High School,Marketing Manager,Education,12.9,Delhi NCR,Freelance,Small (51-200),On-site,826505.02,"JavaScript, Java, Machine Learning, SQL",3,1,1046627.02
30,Male,Bachelor's,Operations Manager,Media,6.2,Jaipur,Full-time,Large (1000-5000),On-site,1162184.55,"Data Analysis, Excel",2,1,1514363.91
37,Male,Diploma,Operations Manager,Media,13.0,Kolkata,Freelance,Startup (1-50),On-site,,"Communication, Cloud Computing, Leadership, Project Management",1,1,1109171.69
33,Male,Master's,Project Manager,Manufacturing,9.8,Remote (India),Full-time,Small (51-200),On-site,1449793.16,"Cloud Computing, Machine Learning, Project Management, Data Analysis",1,1,1952131.37
31,Male,Bachelor's,Executive Director,Consulting,5.4,Kolkata,Full-time,Medium (201-1000),Hybrid,3451034.61,"Leadership, SQL",3,1,5607322.51
21,Male,PhD,Business Analyst,Consulting,4.7,Jaipur,Part-time,Medium (201-1000),Hybrid,497919.35,"C++, Python, Communication, Leadership, Project Management",0,1,806794.35
23,Female,Master's,Financial Analyst,Consulting,8.1,Remote (India),Full-time,Enterprise (5000+),On-site,952765.94,"Data Analysis, Java, SQL",2,0,1622819.78
38,Female,High School,Financial Analyst,Education,6.7,Pune,Full-time,Large (1000-5000),Remote,534393.5,"Communication, C++, Java, Cloud Computing",0,0,753578.65
33,Female,Master's,UX Designer,Education,6.3,Remote (India),Full-time,Enterprise (5000+),Remote,792174.7,"Leadership, C++, Excel, Machine Learning, SQL",1,0,1656432.55
33,Female,High School,DevOps Engineer,Healthcare,9.2,Kolkata,Full-time,Large (1000-5000),On-site,1127882.8,"Leadership, JavaScript",3,0,1465689.72
34,Female,Bachelor's,Accountant,Consulting,5.8,Hyderabad,Full-time,Startup (1-50),Remote,650405.94,"Leadership, SQL, Cloud Computing",1,0,719814.91
31,Male,Master's,QA Engineer,Education,6.8,Delhi NCR,Full-time,Medium (201-1000),Remote,907328.85,"SQL, Project Management, C++",2,0,1131029.77
25,Male,Bachelor's,Sales Manager,Information Technology,5.6,Ahmedabad,Part-time,Medium (201-1000),On-site,582842.24,"Java, Cloud Computing, Python, SQL, Project Management",1,1,874685.16
22,Male,Bachelor's,Research Scientist,Government,4.9,Hyderabad,Full-time,Medium (201-1000),Remote,1630396.4,"Machine Learning, Python, Data Analysis, Leadership",2,0,1908562.12
62,Female,Bachelor's,Customer Support Executive,Consulting,30.8,Hyderabad,Part-time,Startup (1-50),On-site,407643.51,"Python, Java, Data Analysis",1,0,411761.12
36,Female,High School,HR Executive,Healthcare,10.5,Bangalore,Full-time,Enterprise (5000+),On-site,495246.33,"Leadership, Excel, C++, Cloud Computing",0,0,649290.15
21,Male,High School,HR Executive,Healthcare,2.3,Ahmedabad,Full-time,Large (1000-5000),Remote,270934.52,"Cloud Computing, Machine Learning, JavaScript, SQL",0,0,401557.34
38,Female,Bachelor's,Project Manager,Education,9.7,Kolkata,Full-time,Large (1000-5000),Hybrid,948963.07,"Python, Leadership, Java, Project Management, SQL",2,1,1760102.55
29,Female,Bachelor's,Sales Executive,Education,9.3,Delhi NCR,Full-time,Small (51-200),Hybrid,420479.59,"Python, Cloud Computing, Project Management, Machine Learning, SQL",2,0,695784.36
45,Male,Master's,HR Executive,Manufacturing,22.3,Delhi NCR,Full-time,Small (51-200),Remote,697345.65,"Communication, JavaScript",0,0,884520.44
34,Male,Bachelor's,Administrative Assistant,Telecommunications,5.6,Jaipur,Full-time,Small (51-200),On-site,293114.99,"Python, Cloud Computing",2,0,331925.4
28,Male,High School,DevOps Engineer,Education,0.6,Chennai,Full-time,Small (51-200),Hybrid,498762.57,"Communication, Machine Learning, JavaScript",0,0,886804.62
28,Male,Diploma,Executive Director,Healthcare,5.0,Chennai,Full-time,Small (51-200),Hybrid,4464599.64,"Machine Learning, Java, Excel, Data Analysis",1,1,4509696.61
31,Male,Bachelor's,Data Analyst,Education,8.6,Remote (India),Full-time,Small (51-200),On-site,441708.02,"Python, Leadership",3,0,640493.24
25,Female,Master's,Financial Analyst,Retail,1.0,Kolkata,Full-time,Medium (201-1000),Hybrid,698278.76,"Leadership, Machine Learning, Data Analysis, Cloud Computing, SQL",3,0,1036550.59
30,Male,Bachelor's,QA Engineer,Healthcare,11.7,Pune,Full-time,Small (51-200),On-site,923932.7,"C++, Excel, SQL, Project Management",1,0,1007057.84
30,Female,Master's,Accountant,Telecommunications,7.4,Remote (India),Full-time,Small (51-200),Hybrid,621129.62,"Python, Data Analysis, Machine Learning, Cloud Computing, Excel",0,0,896289.47
38,Male,Diploma,Business Analyst,Education,6.4,Jaipur,Full-time,Startup (1-50),Remote,413238.96,"Python, Cloud Computing",0,0,465484.72
39,Male,Diploma,Research Scientist,Finance,17.2,Ahmedabad,Contract,Large (1000-5000),Remote,1398486.13,"Communication, C++, Excel",2,0,1999820.17
30,Female,Bachelor's,Project Manager,Telecommunications,1.7,Pune,Part-time,Large (1000-5000),Remote,673100.53,"Java, SQL, JavaScript",3,1,1077366.85
35,Male,PhD,QA Engineer,Information Technology,3.9,Kolkata,Full-time,Medium (201-1000),Remote,1210892.15,"Communication, Java, Data Analysis",2,1,1469109.18
23,Male,Bachelor's,Business Analyst,Telecommunications,2.6,Hyderabad,Full-time,Small (51-200),On-site,804667.59,"C++, Communication",0,0,845461.6
31,Male,Master's,DevOps Engineer,Government,5.1,Remote (India),Contract,Medium (201-1000),On-site,1500823.36,"C++, Cloud Computing, Machine Learning, Project Management, Leadership",3,0,1947636.31
38,Female,Bachelor's,Marketing Manager,Education,5.7,Hyderabad,Full-time,Medium (201-1000),Hybrid,1329021.82,"Java, Data Analysis, Excel",2,1,1495104.07
36,Male,Bachelor's,Marketing Manager,Education,9.9,Ahmedabad,Full-time,Small (51-200),Hybrid,962961.85,"Data Analysis, C++, Excel, Cloud Computing",0,1,1169284.52
42,Male,Diploma,Executive Director,Media,15.5,Kolkata,Freelance,Small (51-200),On-site,3007664.49,"C++, Machine Learning, Data Analysis, Communication",1,1,3840416.54
36,Male,Master's,HR Executive,Manufacturing,16.7,Ahmedabad,Full-time,Enterprise (5000+),On-site,615378.17,"C++, Java, Cloud Computing, Python, Communication",2,0,1003362.67
28,Female,PhD,Research Scientist,Consulting,2.8,Pune,Full-time,Medium (201-1000),Remote,2216231.94,"C++, Project Management, Communication, Leadership, Cloud Computing",2,0,2782305.4
24,Male,Bachelor's,Operations Manager,Information Technology,3.7,Bangalore,Full-time,Large (1000-5000),Hybrid,1818857.89,"Excel, JavaScript, Project Management, C++",3,1,2560189.72
27,Female,Bachelor's,Senior Software Engineer,Manufacturing,5.6,Bangalore,Full-time,Medium (201-1000),Remote,1848272.59,"Data Analysis, Python, Leadership, SQL",0,0,2542769.09
39,Male,Bachelor's,Data Scientist,Consulting,12.4,Mumbai,Full-time,Enterprise (5000+),Hybrid,2294675.04,"Communication, JavaScript, SQL, Java, Cloud Computing",2,0,2968543.35
34,Female,Bachelor's,Product Manager,Education,5.7,Remote (India),Full-time,Medium (201-1000),On-site,1296615.17,"Excel, C++",1,1,1833617.58
32,Male,Bachelor's,Financial Analyst,Government,12.1,Delhi NCR,Full-time,Startup (1-50),Hybrid,800979.33,"Java, Data Analysis",0,0,918332.75
34,Male,Master's,Sales Manager,Healthcare,1.8,Ahmedabad,Full-time,Small (51-200),Hybrid,,"Python, Cloud Computing",2,1,1734748.85
27,Male,Bachelor's,Sales Executive,Manufacturing,12.8,Pune,Full-time,Large (1000-5000),On-site,627588.75,"Excel, Communication, C++",0,0,889955.24
31,Female,Bachelor's,Operations Manager,Government,1.5,Kolkata,Full-time,Small (51-200),Hybrid,1061277.42,"Data Analysis, Communication, Excel, Project Management",0,1,1220603.12
40,Female,Bachelor's,HR Manager,Manufacturing,11.6,Hyderabad,Part-time,Startup (1-50),Remote,685421.81,"SQL, Leadership, Communication, Excel, Project Management",0,1,963975.24
21,Male,PhD,HR Executive,Telecommunications,3.2,Delhi NCR,Part-time,Enterprise (5000+),Remote,337180.21,"Cloud Computing, Machine Learning, Java",0,0,528818.38
29,Female,Diploma,Research Scientist,Manufacturing,4.1,Hyderabad,Full-time,Startup (1-50),Hybrid,1225463.25,"Machine Learning, C++",3,0,1237841.67
24,Male,PhD,Data Analyst,Telecommunications,6.4,Ahmedabad,Full-time,Enterprise (5000+),Remote,797179.18,"Excel, Python, Data Analysis",2,0,1328438.29
26,Male,Bachelor's,Administrative Assistant,Telecommunications,1.8,Remote (India),Full-time,Enterprise (5000+),Hybrid,315980.88,"Cloud Computing, Data Analysis, Python, Java, Communication",2,1,547119.02
31,Female,Master's,Administrative Assistant,Government,1.5,Ahmedabad,Full-time,Small (51-200),On-site,293141.03,"SQL, Cloud Computing",2,0,321873.05
41,Male,Master's,Data Scientist,Education,13.8,Delhi NCR,Full-time,Small (51-200),On-site,1824717.98,"JavaScript, Excel",2,0,1859429.59
37,Male,Bachelor's,Project Manager,Government,11.2,Ahmedabad,Full-time,Small (51-200),On-site,1081456.46,"Cloud Computing, Excel, Python",0,1,1316262.64
29,Male,Master's,Marketing Manager,Information Technology,6.6,Chennai,Full-time,Medium (201-1000),On-site,1392273.38,"C++, Java, JavaScript, Cloud Computing, SQL",2,1,2234712.36
30,Female,High School,Content Writer,Media,3.2,Delhi NCR,Full-time,Enterprise (5000+),Remote,331430.75,"Python, SQL, Data Analysis, Leadership, Cloud Computing",2,0,577916.03
31,Male,Bachelor's,Executive Director,Media,5.7,Remote (India),Full-time,Startup (1-50),On-site,2868188.44,"SQL, Excel, Cloud Computing, Leadership, JavaScript",0,1,4065508.78
30,Male,Bachelor's,Project Manager,Government,2.8,Ahmedabad,Full-time,Enterprise (5000+),On-site,1008027.07,"Leadership, Excel",3,1,1717291.58
23,Female,PhD,Data Analyst,Consulting,1.3,Kolkata,Full-time,Medium (201-1000),On-site,914172.7,"Cloud Computing, Python",2,1,1286032.99
34,Male,Bachelor's,Project Manager,Retail,13.6,Mumbai,Full-time,Medium (201-1000),Hybrid,1573133.5,"Java, Data Analysis, C++, Project Management, Python",3,1,2127725.87
47,Other,Bachelor's,Senior Software Engineer,Government,18.3,Bangalore,Full-time,Small (51-200),Hybrid,2259095.61,"Leadership, Java, Excel",3,0,2879656.72
25,Male,Bachelor's,Sales Executive,Manufacturing,3.7,Delhi NCR,Full-time,Medium (201-1000),Remote,537397.01,"SQL, Communication, Project Management, Cloud Computing, Java",2,0,738154.2
43,Male,Bachelor's,Administrative Assistant,Retail,18.6,Delhi NCR,Full-time,Large (1000-5000),On-site,433521.34,"Machine Learning, Java, Leadership, Python",2,0,593637.21
30,Male,Master's,Sales Manager,Information Technology,5.0,Hyderabad,Part-time,Medium (201-1000),On-site,1018270.47,"C++, Excel, Communication, Python, SQL",0,1,1432995.43
42,Male,Bachelor's,Financial Analyst,Media,16.0,Mumbai,Part-time,Enterprise (5000+),Remote,397766.42,"Excel, JavaScript",1,0,921746.1
38,Female,Bachelor's,Customer Support Executive,Government,13.2,Hyderabad,Full-time,Small (51-200),Remote,448011.92,"Communication, Leadership",1,0,493628.63
31,Female,Bachelor's,Accountant,Finance,6.5,Chennai,Full-time,Medium (201-1000),On-site,842552.97,"Cloud Computing, Machine Learning, Excel",3,1,990763.03
32,Male,Master's,Marketing Manager,Education,8.8,Remote (India),Full-time,Medium (201-1000),On-site,1180071.24,"Leadership, Data Analysis, Python, Cloud Computing",2,1,1792339.55
37,Male,PhD,Business Analyst,Government,8.5,Mumbai,Contract,Startup (1-50),Hybrid,1378532.72,"Communication, JavaScript, Python",3,1,1461364.56
28,Male,Master's,Business Analyst,Healthcare,7.7,Mumbai,Full-time,Enterprise (5000+),On-site,1086127.53,"Excel, Communication, C++, Java, Data Analysis",2,0,2273067.11
30,Female,Bachelor's,Project Manager,Telecommunications,6.4,Bangalore,Full-time,Large (1000-5000),Hybrid,1665976.46,"Java, Communication",0,1,2264438.08
34,Male,High School,HR Manager,Education,8.0,Jaipur,Part-time,Medium (201-1000),Remote,343776.44,"Python, Project Management, Communication, Leadership, Cloud Computing",2,1,465580.78
29,Male,Master's,Product Manager,Healthcare,3.3,Kolkata,Full-time,Large (1000-5000),Remote,2613291.46,"Java, Data Analysis, Project Management",2,1,3321210.92
32,Male,Bachelor's,Research Scientist,Consulting,1.3,Chennai,Full-time,Small (51-200),Hybrid,1405874.07,"Cloud Computing, Python, JavaScript, C++, SQL",3,0,1639765.43
31,Male,Bachelor's,Customer Support Executive,Manufacturing,6.1,Ahmedabad,Full-time,Small (51-200),Remote,355657.07,"Cloud Computing, Excel, Leadership",0,0,365943.23
30,Male,Bachelor's,Graphic Designer,Healthcare,6.9,Kolkata,Full-time,Large (1000-5000),Hybrid,523411.45,"C++, Cloud Computing, Leadership, Python, Java",1,0,815516.42
25,Female,Bachelor's,Financial Analyst,Telecommunications,1.7,Bangalore,Freelance,Medium (201-1000),On-site,624755.92,"Python, Cloud Computing, JavaScript",3,0,900203.19
35,Female,Master's,Software Engineer,Retail,6.3,Hyderabad,Full-time,Enterprise (5000+),Remote,835540.79,"Data Analysis, Communication, Java, SQL",0,0,1519639.93
22,Male,Master's,UX Designer,Telecommunications,2.7,Hyderabad,Full-time,Small (51-200),On-site,1267567.96,"JavaScript, Communication, Cloud Computing, Java, Data Analysis",2,0,1280371.68
25,Male,Diploma,Software Engineer,Manufacturing,0.9,Remote (India),Full-time,Startup (1-50),On-site,686422.01,"Data Analysis, Leadership, SQL, Cloud Computing, Project Management",1,0,693355.57
29,Male,Bachelor's,HR Executive,Healthcare,10.6,Ahmedabad,Full-time,Small (51-200),Remote,382749.69,"Leadership, Communication, Data Analysis, Project Management",3,0,633889.21
26,Male,High School,Graphic Designer,Manufacturing,7.4,Jaipur,Full-time,Small (51-200),Remote,328429.93,"Java, C++, Cloud Computing, Python",3,0,396371.57
35,Male,Master's,Sales Manager,Manufacturing,4.8,Pune,Full-time,Startup (1-50),Hybrid,1911318.74,"Cloud Computing, Python, JavaScript, Project Management, Communication",1,1,2005602.01
29,Male,Master's,Marketing Manager,Finance,2.7,Chennai,Full-time,Medium (201-1000),Hybrid,1458627.14,"Project Management, Excel, C++, Python, SQL",1,1,2278482.81
23,Male,High School,Accountant,Education,5.0,Pune,Full-time,Small (51-200),On-site,366575.54,"Communication, Python, Data Analysis, Machine Learning, JavaScript",1,0,405116.46
26,Male,Master's,Customer Support Executive,Education,3.6,Jaipur,Part-time,Startup (1-50),Hybrid,129672.56,"SQL, Excel",3,0,163759.31
29,Female,PhD,DevOps Engineer,Telecommunications,7.4,Ahmedabad,Full-time,Small (51-200),Hybrid,1444501.21,"Communication, C++",2,0,2277303.28
29,Male,PhD,Product Manager,Media,8.2,Remote (India),Full-time,Enterprise (5000+),Hybrid,2693173.13,"Communication, Python",2,1,4498494.09
33,Male,Master's,Administrative Assistant,Education,11.7,Pune,Full-time,Large (1000-5000),Remote,324682.19,"C++, Leadership, Excel, SQL, Project Management",3,0,552419.7
31,Female,Bachelor's,Executive Director,Telecommunications,1.6,Jaipur,Full-time,Medium (201-1000),On-site,3360939.1,"Cloud Computing, SQL, Communication, C++, Project Management",3,1,4816116.02
28,Female,Master's,DevOps Engineer,Manufacturing,1.1,Pune,Full-time,Large (1000-5000),Remote,1480629.26,"Project Management, Leadership, Excel, C++",2,0,2186502.04
40,Male,Diploma,Project Manager,Consulting,16.7,Jaipur,Full-time,Small (51-200),On-site,1419100.58,"Data Analysis, Excel, Leadership, Machine Learning",2,1,1608140.05
28,Male,Bachelor's,Data Scientist,Media,4.9,Delhi NCR,Contract,Medium (201-1000),On-site,856855.8,"Machine Learning, Leadership, Communication, Java, Data Analysis",2,0,1958366.68
38,Female,Bachelor's,Accountant,Finance,16.4,Ahmedabad,Full-time,Medium (201-1000),On-site,738821.73,"C++, Communication, Excel, Project Management, Leadership",3,0,1011431.33
21,Female,Bachelor's,Executive Director,Education,2.4,Pune,Contract,Large (1000-5000),On-site,3330257.64,"Machine Learning, Java, Project Management, SQL, C++",3,1,4736061.15
38,Female,Bachelor's,Sales Executive,Telecommunications,9.4,Hyderabad,Full-time,Startup (1-50),Hybrid,531584.67,"Data Analysis, Leadership, Cloud Computing, Python",1,0,757277.22
23,Male,Master's,HR Manager,Government,3.6,Kolkata,Full-time,Large (1000-5000),Remote,980717.93,"Machine Learning, Java, JavaScript, Communication",1,1,1568712.72
44,Male,Bachelor's,QA Engineer,Finance,23.0,Remote (India),Full-time,Medium (201-1000),Hybrid,1304997.17,"Python, Excel, Communication, C++",1,0,1374393.69
39,Male,High School,Project Manager,Information Technology,10.0,Ahmedabad,Full-time,Enterprise (5000+),Hybrid,1050043.62,"Cloud Computing, Leadership, Python, Project Management",3,1,2038936.01
35,Male,Bachelor's,Marketing Manager,Media,11.3,Chennai,Full-time,Startup (1-50),Remote,1102573.53,"SQL, Machine Learning, Python",3,1,1677106.98
36,Male,Bachelor's,Graphic Designer,Manufacturing,12.5,Chennai,Full-time,Small (51-200),On-site,596893.89,"Java, Project Management, Leadership",1,0,658642.18
31,Male,PhD,Operations Manager,Education,8.9,Chennai,Contract,Small (51-200),Hybrid,1325679.77,"Data Analysis, Project Management, Excel, C++, Leadership",2,1,1755330.24
28,Female,Master's,Research Scientist,Government,2.6,Hyderabad,Full-time,Enterprise (5000+),Hybrid,1780469.63,"Data Analysis, Leadership, Project Management, Communication, JavaScript",0,1,3220084.82
36,Female,High School,Product Manager,Information Technology,7.0,Jaipur,Full-time,Small (51-200),Remote,1261490.91,"Communication, JavaScript, Excel",3,1,2154812.1
34,Female,Bachelor's,Sales Executive,Information Technology,6.9,Hyderabad,Part-time,Enterprise (5000+),Remote,192936.34,"Cloud Computing, Leadership, Machine Learning, Data Analysis",2,0,641501.13
31,Male,Master's,UX Designer,Consulting,6.1,Ahmedabad,Full-time,Enterprise (5000+),Remote,1034205.43,"Data Analysis, SQL, C++, Communication",2,0,1704653.58
35,Male,Bachelor's,Marketing Manager,Government,4.4,Kolkata,Contract,Small (51-200),On-site,764039.15,"Python, Java, Excel, SQL",2,1,1156885.47
39,Female,Master's,Customer Support Executive,Consulting,11.8,Jaipur,Full-time,Enterprise (5000+),Remote,394097.3,"Communication, Java, C++, JavaScript, Project Management",1,0,817919.97
27,Female,Diploma,Operations Manager,Consulting,0.5,Hyderabad,Full-time,Startup (1-50),Remote,1129967.56,"Excel, Data Analysis, Leadership, C++, JavaScript",0,1,1169201.61
31,Other,Bachelor's,Graphic Designer,Telecommunications,3.5,Kolkata,Full-time,Medium (201-1000),Remote,386806.58,"Communication, JavaScript, Data Analysis",3,0,584597.31
26,Male,Bachelor's,Graphic Designer,Education,6.7,Jaipur,Full-time,Enterprise (5000+),Remote,486624.22,"JavaScript, Machine Learning, Project Management, Excel",2,1,676962.84
30,Male,Diploma,UX Designer,Retail,9.8,Kolkata,Full-time,Large (1000-5000),On-site,694000.26,"SQL, C++, Excel, Cloud Computing",2,0,1001117.63
34,Female,Master's,Data Scientist,Finance,9.8,Bangalore,Full-time,Medium (201-1000),On-site,2915895.65,"Machine Learning, Leadership, C++, Excel",0,1,3269838.55
23,Male,Bachelor's,Operations Manager,Information Technology,4.6,Chennai,Full-time,Small (51-200),Hybrid,1681094.43,"Cloud Computing, C++, Data Analysis",1,1,1778264.67
28,Male,High School,Operations Manager,Finance,4.7,Kolkata,Full-time,Small (51-200),On-site,1141333.46,"Machine Learning, C++, Leadership",3,1,1279696.08
27,Female,Master's,Sales Manager,Consulting,3.1,Jaipur,Full-time,Large (1000-5000),On-site,1671640.68,"Project Management, Python, SQL, Machine Learning, Communication",1,1,2095323.5
31,Female,Bachelor's,Business Analyst,Information Technology,2.7,Hyderabad,Full-time,Medium (201-1000),Hybrid,697297.92,"SQL, Project Management, Python, Data Analysis, C++",0,0,1119794.97
25,Female,Diploma,Marketing Manager,Healthcare,3.7,Kolkata,Full-time,Large (1000-5000),Hybrid,1236673.9,"C++, JavaScript, Excel",2,1,1628286.88
31,Male,Bachelor's,Content Writer,Healthcare,6.0,Jaipur,Full-time,Startup (1-50),Hybrid,397633.44,"Cloud Computing, Project Management, Communication, Leadership",0,0,421117.05
33,Female,Master's,Sales Executive,Telecommunications,4.1,Jaipur,Full-time,Large (1000-5000),Hybrid,477775.82,"Leadership, Python, Cloud Computing, Project Management",0,0,752153.17
34,Male,Bachelor's,Data Scientist,Manufacturing,10.9,Pune,Full-time,Enterprise (5000+),Remote,1442710.44,"Excel, Communication",1,0,2192127.43
39,Male,Bachelor's,UX Designer,Government,14.6,Hyderabad,Full-time,Medium (201-1000),Hybrid,1263222.87,"Excel, SQL, Java",0,0,1470250.04
21,Female,Bachelor's,Research Scientist,Consulting,2.2,Remote (India),Full-time,Large (1000-5000),Hybrid,1376569.31,"Excel, Java",2,0,1949798.5
33,Male,Diploma,Administrative Assistant,Finance,7.1,Delhi NCR,Freelance,Large (1000-5000),Remote,300509.31,"JavaScript, C++, Communication, Cloud Computing",0,0,440827.02
32,Male,Diploma,DevOps Engineer,Education,5.5,Kolkata,Full-time,Enterprise (5000+),Hybrid,658788.39,"JavaScript, Python",3,1,1664336.93
44,Male,Master's,Project Manager,Healthcare,17.9,Hyderabad,Full-time,Startup (1-50),Remote,1895135.73,"Communication, Machine Learning",3,1,2712827.85
36,Male,Diploma,Content Writer,Media,10.4,Ahmedabad,Full-time,Small (51-200),On-site,408638.7,"SQL, Data Analysis, Machine Learning, JavaScript, Excel",0,0,430121.61
30,Female,Bachelor's,Research Scientist,Healthcare,1.0,Delhi NCR,Freelance,Large (1000-5000),Remote,1280189.0,"Leadership, Communication",1,1,2322552.43
24,Male,Master's,DevOps Engineer,Retail,2.1,Chennai,Full-time,Medium (201-1000),Remote,1412028.52,"Java, JavaScript, Data Analysis, Communication",2,0,2150137.27
38,Male,PhD,Product Manager,Finance,11.1,Hyderabad,Full-time,Medium (201-1000),Remote,3380518.55,"Communication, Machine Learning",0,1,5431395.9
35,Male,Diploma,DevOps Engineer,Telecommunications,5.9,Remote (India),Full-time,Startup (1-50),On-site,1241196.76,"Communication, JavaScript",1,1,1429026.13
32,Male,Diploma,QA Engineer,Media,3.7,Remote (India),Full-time,Small (51-200),Remote,549334.71,"Cloud Computing, Machine Learning",0,0,643481.89
30,Male,Bachelor's,Senior Software Engineer,Consulting,0.8,Jaipur,Full-time,Small (51-200),On-site,1622315.2,"JavaScript, C++, Leadership",2,0,1665980.6
38,Female,Master's,Sales Manager,Information Technology,6.8,Kolkata,Full-time,Medium (201-1000),Hybrid,2221525.66,"Project Management, JavaScript, C++",2,1,2636865.23
34,Female,Master's,Marketing Manager,Finance,13.7,Jaipur,Full-time,Small (51-200),Remote,1161243.14,"Python, C++, Machine Learning, Cloud Computing",1,1,2252827.28
29,Male,Bachelor's,Software Engineer,Information Technology,4.4,Bangalore,Full-time,Large (1000-5000),On-site,1243511.27,"Project Management, C++, Excel",2,0,1404462.99
30,Male,Master's,Graphic Designer,Finance,6.3,Bangalore,Full-time,Medium (201-1000),Remote,737775.67,"Java, Communication",2,0,976329.76
37,Male,High School,Customer Support Executive,Education,7.1,Pune,Full-time,Large (1000-5000),Hybrid,245342.28,"Excel, SQL, C++, Communication, Python",0,0,363635.17
32,Female,Bachelor's,Operations Manager,Healthcare,4.7,Chennai,Full-time,Startup (1-50),On-site,1103638.99,"Communication, Machine Learning",2,1,1377341.02
33,Female,High School,Sales Executive,Finance,5.7,Chennai,Full-time,Small (51-200),On-site,492014.01,"Project Management, Python, Cloud Computing, Communication",3,0,554451.01
26,Male,PhD,Operations Manager,Media,3.7,Ahmedabad,Full-time,Enterprise (5000+),Hybrid,1677870.52,"Java, Cloud Computing",0,1,2249567.53
35,Female,Master's,DevOps Engineer,Healthcare,2.5,Pune,Full-time,Small (51-200),On-site,1461149.89,"Machine Learning, C++, Java, Data Analysis, Cloud Computing",0,0,2113491.54
37,Other,PhD,Financial Analyst,Government,13.5,Ahmedabad,Full-time,Medium (201-1000),Hybrid,1017625.91,"Python, Project Management, Leadership",2,0,1360550.57
34,Female,Bachelor's,Content Writer,Retail,8.5,Chennai,Full-time,Startup (1-50),Hybrid,430269.11,"Cloud Computing, SQL, C++, Communication",2,0,486730.76
34,Female,Bachelor's,Business Analyst,Telecommunications,5.5,Hyderabad,Full-time,Large (1000-5000),On-site,801404.58,"Cloud Computing, Excel, Leadership, JavaScript",2,0,1230362.82
21,Female,Bachelor's,Graphic Designer,Education,3.1,Jaipur,Full-time,Small (51-200),Hybrid,396387.76,"SQL, Project Management, Leadership, C++, JavaScript",2,0,400391.68
21,Male,Bachelor's,Graphic Designer,Government,3.4,Pune,Full-time,Startup (1-50),On-site,445907.05,"Communication, Leadership, C++, Data Analysis",3,1,551596.45
23,Male,Diploma,Content Writer,Retail,1.8,Pune,Full-time,Enterprise (5000+),Hybrid,304202.87,"Communication, C++, Leadership, Data Analysis",2,0,528726.88
23,Male,High School,Marketing Manager,Education,5.3,Chennai,Full-time,Medium (201-1000),Hybrid,706524.26,"Data Analysis, Project Management",0,1,1041505.03
31,Male,Diploma,HR Executive,Government,6.7,Remote (India),Full-time,Small (51-200),Hybrid,363111.07,"JavaScript, Python, Data Analysis, Java, C++",2,0,479652.33
24,Male,Bachelor's,UX Designer,Media,3.6,Kolkata,Full-time,Medium (201-1000),Remote,426090.78,"Excel, Python, Cloud Computing",3,0,1064969.19
27,Male,Bachelor's,Data Analyst,Healthcare,2.5,Mumbai,Contract,Small (51-200),On-site,588760.44,"SQL, Excel, Machine Learning, Python",0,0,894087.05
28,Male,Bachelor's,Content Writer,Manufacturing,4.6,Hyderabad,Full-time,Startup (1-50),Remote,491987.58,"Project Management, JavaScript, Cloud Computing, Leadership",2,0,545794.63
36,Female,Bachelor's,Customer Support Executive,Consulting,5.6,Delhi NCR,Freelance,Large (1000-5000),Remote,393598.48,"Data Analysis, C++",3,1,600294.49
32,Male,Bachelor's,Accountant,Healthcare,6.5,Ahmedabad,Full-time,Startup (1-50),Remote,535366.93,"JavaScript, Java, Communication, Data Analysis",0,0,591220.16
30,Male,Bachelor's,Operations Manager,Telecommunications,4.7,Mumbai,Contract,Startup (1-50),Remote,1365331.61,"Project Management, Communication, Machine Learning",2,1,1379122.84
37,Female,Master's,Customer Support Executive,Media,11.2,Hyderabad,Full-time,Startup (1-50),Hybrid,600382.29,"Cloud Computing, Excel, Machine Learning, Communication",1,1,633122.1
32,Female,Master's,Marketing Manager,Media,5.2,Delhi NCR,Part-time,Medium (201-1000),On-site,906643.01,"Cloud Computing, JavaScript, Leadership, Machine Learning, Data Analysis",2,1,1168406.12
30,Male,PhD,Administrative Assistant,Finance,8.1,Kolkata,Full-time,Startup (1-50),Remote,533772.06,"Project Management, Java, C++",1,0,572852.39
34,Female,Diploma,Financial Analyst,Education,4.4,Delhi NCR,Full-time,Enterprise (5000+),Hybrid,542995.0,"Leadership, Java",3,0,959524.81
28,Male,PhD,Data Analyst,Education,7.2,Chennai,Part-time,Startup (1-50),Remote,225491.4,"Communication, Java, Python, JavaScript, Cloud Computing",0,0,458203.96
32,Female,Bachelor's,HR Manager,Information Technology,6.8,Chennai,Freelance,Enterprise (5000+),Remote,995271.48,"SQL, Java, Python, C++, Leadership",1,1,2008658.26
27,Male,Diploma,Product Manager,Education,,Chennai,Full-time,Startup (1-50),On-site,1844255.05,"Project Management, Leadership, Excel, Data Analysis, C++",3,1,1977945.81
32,Female,PhD,Sales Manager,Telecommunications,2.6,Hyderabad,Full-time,Enterprise (5000+),Remote,1815966.82,"JavaScript, SQL, Python",3,1,2899098.4
26,Female,Bachelor's,Customer Support Executive,Finance,6.8,Kolkata,Full-time,Enterprise (5000+),Hybrid,354146.65,"Python, Leadership, Java",2,0,610743.33
35,Male,Diploma,Operations Manager,Manufacturing,11.8,Chennai,Full-time,Large (1000-5000),Hybrid,1188613.36,"Data Analysis, Communication, Python",0,1,1741251.92
30,Female,Diploma,Operations Manager,Retail,6.4,Ahmedabad,Full-time,Medium (201-1000),On-site,781939.24,"Excel, Machine Learning",2,1,1041078.61
45,Male,Master's,Business Analyst,Retail,18.0,Remote (India),Full-time,Enterprise (5000+),On-site,1262326.54,"Communication, Data Analysis",0,0,1454623.27
25,Female,Diploma,Business Analyst,Manufacturing,5.6,Bangalore,Full-time,Startup (1-50),Remote,590793.51,"Cloud Computing, Python, Project Management, SQL",2,0,868906.3
30,Male,Diploma,HR Manager,Retail,3.1,Jaipur,Full-time,Medium (201-1000),On-site,762075.45,"Communication, Leadership, JavaScript, Excel, Java",2,1,925227.85
36,Male,Diploma,Graphic Designer,Manufacturing,6.6,Mumbai,Full-time,Small (51-200),On-site,559583.66,"Project Management, Excel, Python, Cloud Computing, SQL",1,0,569147.15
25,Male,Bachelor's,Sales Executive,Retail,4.4,Delhi NCR,Contract,Large (1000-5000),On-site,488370.91,"JavaScript, Project Management",3,0,749660.63
27,Male,Diploma,Accountant,Government,1.6,Kolkata,Full-time,Large (1000-5000),Remote,416448.18,"Cloud Computing, C++, JavaScript, Python",0,1,570235.93
26,Male,High School,Sales Executive,Government,5.2,Kolkata,Full-time,Enterprise (5000+),Remote,422423.55,"Data Analysis, Python, Project Management, Excel, Machine Learning",3,1,644353.62
30,Male,Bachelor's,DevOps Engineer,Finance,8.2,Jaipur,Full-time,Small (51-200),On-site,1176848.11,"Data Analysis, C++",3,0,1842048.22
23,Female,High School,Project Manager,Finance,3.6,Bangalore,Contract,Startup (1-50),Remote,950430.2,"Leadership, Project Management, Java, C++, Excel",1,1,1239712.57
27,Female,Bachelor's,Marketing Manager,Telecommunications,8.2,Ahmedabad,Freelance,Enterprise (5000+),On-site,1150831.01,"Java, Project Management",0,1,1409278.42
23,Male,Bachelor's,Product Manager,Government,4.5,Delhi NCR,Full-time,Medium (201-1000),Hybrid,1218069.0,"Leadership, JavaScript, Excel, Machine Learning, Project Management",1,1,2761665.56
37,Male,Bachelor's,Research Scientist,Telecommunications,14.9,Chennai,Full-time,Medium (201-1000),Hybrid,1511755.17,"Communication, Leadership, C++, Data Analysis, SQL",1,0,2211353.1
28,Male,Bachelor's,HR Manager,Education,10.9,Pune,Full-time,Enterprise (5000+),Hybrid,1046962.74,"Machine Learning, Data Analysis, Excel",2,1,1686743.84
30,Male,Bachelor's,Data Analyst,Telecommunications,3.8,Delhi NCR,Full-time,Enterprise (5000+),On-site,841583.19,"C++, SQL, Cloud Computing, Data Analysis, Excel",0,0,1211247.77
34,Male,Master's,HR Executive,Media,5.9,Remote (India),Full-time,Startup (1-50),On-site,546322.26,"C++, Project Management",2,1,693847.16
27,Female,Master's,Research Scientist,Retail,1.5,Ahmedabad,Full-time,Small (51-200),Hybrid,965414.74,"Machine Learning, JavaScript, Java, Project Management, SQL",2,0,1803906.67
33,Male,Diploma,Sales Manager,Media,10.7,Kolkata,Full-time,Enterprise (5000+),Remote,1248422.98,"Leadership, Excel, Cloud Computing",3,1,1823111.44
28,Female,Bachelor's,Accountant,Information Technology,3.4,Hyderabad,Contract,Small (51-200),Remote,548695.97,"Python, Machine Learning, C++, SQL, Cloud Computing",1,0,709426.22
22,Male,Bachelor's,Software Engineer,Telecommunications,3.6,Ahmedabad,Full-time,Large (1000-5000),Remote,885144.34,"JavaScript, Data Analysis, C++, Project Management",0,1,1113845.21
22,Female,Master's,Project Manager,Information Technology,2.8,Pune,Part-time,Enterprise (5000+),Remote,908010.11,"JavaScript, Cloud Computing",3,1,1545035.98
30,Male,Bachelor's,Financial Analyst,Education,5.5,Chennai,Part-time,Startup (1-50),Hybrid,357240.84,"Project Management, Excel",0,0,360849.34
30,Male,Diploma,Accountant,Consulting,8.8,Chennai,Contract,Enterprise (5000+),Hybrid,391476.12,"Java, Cloud Computing, SQL, Python",0,0,894003.03
26,Male,Master's,Sales Manager,Education,4.0,Delhi NCR,Full-time,Medium (201-1000),Remote,1119749.23,"Java, Project Management",3,1,2050410.39
27,Female,Bachelor's,Marketing Manager,Consulting,4.6,Kolkata,Part-time,Small (51-200),Remote,664422.9,"JavaScript, Leadership",3,1,771860.73
31,Female,Bachelor's,Financial Analyst,Finance,2.9,Mumbai,Full-time,Enterprise (5000+),Hybrid,963061.71,"Machine Learning, SQL, Project Management, JavaScript",3,0,1837807.01
35,Female,Diploma,Project Manager,Government,7.3,Pune,Full-time,Enterprise (5000+),Remote,799518.61,"Project Management, Cloud Computing, Excel",3,1,1763576.52
35,Female,Master's,DevOps Engineer,Government,16.7,Hyderabad,Part-time,Enterprise (5000+),On-site,1305224.21,"SQL, Python",1,0,1612079.43
39,Male,Bachelor's,Accountant,Consulting,11.8,Chennai,Full-time,Enterprise (5000+),On-site,545075.43,"Excel, Cloud Computing, Java",2,0,1164730.42
34,Male,Bachelor's,DevOps Engineer,Healthcare,6.6,Jaipur,Full-time,Large (1000-5000),Hybrid,1305823.39,"Project Management, Machine Learning, Python",3,0,2354249.1
32,Female,Bachelor's,QA Engineer,Information Technology,12.2,Kolkata,Full-time,Medium (201-1000),On-site,773070.32,"Cloud Computing, Machine Learning, Leadership, Python, Data Analysis",2,0,1283947.53
34,Male,PhD,Administrative Assistant,Retail,4.2,Remote (India),Full-time,Enterprise (5000+),Remote,313592.65,"Java, Excel, Data Analysis",1,0,559865.12
36,Female,PhD,Financial Analyst,Consulting,8.8,Delhi NCR,Full-time,Startup (1-50),On-site,1376145.38,"JavaScript, Data Analysis, Leadership, Project Management, Machine Learning",1,0,1646139.85
27,Male,High School,Financial Analyst,Retail,5.8,Hyderabad,Full-time,Enterprise (5000+),Hybrid,565923.32,"Data Analysis, C++, Communication, Project Management, JavaScript",2,0,926733.7
24,Male,Bachelor's,Accountant,Consulting,0.9,Ahmedabad,Full-time,Startup (1-50),Hybrid,370646.03,"C++, JavaScript",2,0,525131.73
31,Female,Master's,Customer Support Executive,Government,11.6,Mumbai,Full-time,Enterprise (5000+),On-site,536361.59,"Java, Project Management, Data Analysis",1,0,774854.39
35,Female,Bachelor's,Content Writer,Telecommunications,10.3,Mumbai,Freelance,Startup (1-50),On-site,515342.98,"Python, Cloud Computing, Java",2,0,616114.62
36,Female,Bachelor's,Accountant,Information Technology,12.6,Hyderabad,Full-time,Medium (201-1000),On-site,823397.32,"Communication, Leadership, Python",0,0,1069682.05
29,Male,Master's,UX Designer,Telecommunications,8.1,Mumbai,Part-time,Small (51-200),On-site,788155.33,"Excel, Communication, Python",1,0,944873.31
39,Male,PhD,Data Scientist,Retail,12.8,Hyderabad,Full-time,Medium (201-1000),On-site,2268408.34,"Java, Communication, Data Analysis, Machine Learning, Cloud Computing",2,0,2831462.62
34,Male,Bachelor's,HR Executive,Government,9.7,Remote (India),Full-time,Enterprise (5000+),Remote,437678.87,"Communication, Java, Excel",3,0,634168.39
29,Female,Master's,Executive Director,Manufacturing,6.8,Remote (India),Contract,Small (51-200),Remote,3756621.66,"JavaScript, Java",2,1,5165684.68
29,Male,Bachelor's,Data Scientist,Information Technology,7.4,Hyderabad,Full-time,Medium (201-1000),Hybrid,1820355.53,"JavaScript, Python, Java",1,0,2331138.72
42,Female,Master's,Graphic Designer,Finance,12.3,Pune,Full-time,Large (1000-5000),Remote,765236.01,"Communication, Leadership, Excel",3,0,1359991.12
32,Male,PhD,Executive Director,Manufacturing,4.6,Pune,Full-time,Startup (1-50),On-site,4085456.92,"Communication, Leadership, Java",0,1,6449491.11
31,Male,Bachelor's,Executive Director,Healthcare,8.3,Kolkata,Full-time,Enterprise (5000+),Remote,4252287.86,"Excel, C++, Python, SQL",1,1,6927725.55
30,Male,Bachelor's,Product Manager,Education,4.7,Pune,Full-time,Large (1000-5000),On-site,1501533.81,"Project Management, Excel, Java",1,1,2527501.24
32,Female,Bachelor's,Software Engineer,Government,7.3,Remote (India),Full-time,Enterprise (5000+),Remote,720179.86,"Python, Project Management, Java",1,1,1674446.82
23,Male,PhD,Operations Manager,Retail,1.8,Delhi NCR,Full-time,Large (1000-5000),Remote,1195746.95,"JavaScript, SQL",3,1,2347114.63
35,Male,PhD,Product Manager,Finance,10.7,Jaipur,Full-time,Medium (201-1000),Hybrid,3531353.35,"Leadership, Excel, JavaScript, Cloud Computing, Java",3,1,4724261.99
35,Female,Master's,Executive Director,Media,7.0,Mumbai,Full-time,Medium (201-1000),Remote,4839279.09,"JavaScript, SQL",2,1,7235216.03
25,Female,Diploma,Data Scientist,Information Technology,3.7,Chennai,Contract,Medium (201-1000),Hybrid,1112644.69,"JavaScript, SQL",1,0,1560754.37
37,Female,Master's,Executive Director,Education,12.8,Jaipur,Full-time,Enterprise (5000+),Remote,3625551.17,"Excel, Machine Learning, Java",0,1,6102127.59
28,Female,Diploma,Customer Support Executive,Education,7.8,Mumbai,Freelance,Startup (1-50),On-site,216068.68,"Python, Java, Machine Learning, Project Management, SQL",1,0,295571.34
34,Male,High School,Graphic Designer,Telecommunications,13.2,Chennai,Full-time,Large (1000-5000),Remote,473508.69,"Python, Leadership, Data Analysis",2,0,727151.1
32,Male,Bachelor's,Senior Software Engineer,Healthcare,5.1,Hyderabad,Full-time,Startup (1-50),Remote,1865406.73,"Data Analysis, C++",2,1,2390545.82
29,Male,Bachelor's,Project Manager,Healthcare,12.3,Kolkata,Full-time,Startup (1-50),Remote,1419808.1,"Excel, Python, Communication, Data Analysis",1,1,1524836.13
44,Male,Master's,Data Analyst,Education,15.7,Remote (India),Full-time,Startup (1-50),Remote,645169.13,"Data Analysis, Java, Project Management, C++, SQL",2,0,864006.44
39,Female,PhD,Data Analyst,Education,,Chennai,Part-time,Medium (201-1000),Hybrid,278652.97,"Project Management, SQL, Cloud Computing",1,0,605680.8
31,Male,High School,Customer Support Executive,Government,4.4,Jaipur,Full-time,Enterprise (5000+),Hybrid,161663.53,"Cloud Computing, Excel, Python",2,0,292728.51
43,Male,High School,Sales Manager,Information Technology,23.1,Hyderabad,Full-time,Startup (1-50),On-site,2230592.18,"Project Management, Leadership, Python, Data Analysis, Communication",3,1,2253123.41
26,Male,High School,Financial Analyst,Telecommunications,5.6,Pune,Full-time,Small (51-200),Hybrid,827963.95,"Java, Communication, JavaScript",3,1,942971.41
38,Female,High School,DevOps Engineer,Manufacturing,14.3,Ahmedabad,Full-time,Large (1000-5000),Remote,1210269.25,"Leadership, SQL, Communication",1,0,1353893.86
29,Male,Bachelor's,Executive Director,Consulting,5.6,Hyderabad,Part-time,Large (1000-5000),On-site,2975848.27,"Python, C++, JavaScript, Cloud Computing, Machine Learning",0,1,4186685.95
25,Male,Master's,Business Analyst,Media,3.0,Bangalore,Full-time,Small (51-200),On-site,784519.17,"Data Analysis, SQL, Leadership",2,0,1047163.1
22,Male,Diploma,Sales Executive,Government,2.5,Bangalore,Full-time,Medium (201-1000),Hybrid,383128.93,"C++, JavaScript, Python, Data Analysis",3,0,600073.53
25,Male,Bachelor's,Graphic Designer,Information Technology,,Hyderabad,Full-time,Large (1000-5000),Remote,496010.49,"Data Analysis, C++, Python",0,0,820532.5
35,Male,Bachelor's,Sales Executive,Education,3.4,Kolkata,Contract,Large (1000-5000),Hybrid,362757.05,"JavaScript, Java, Python, Data Analysis, C++",2,1,662228.49
28,Male,Master's,DevOps Engineer,Information Technology,10.8,Kolkata,Full-time,Large (1000-5000),Hybrid,2102805.73,"Communication, JavaScript",3,0,3191209.16
26,Male,PhD,Research Scientist,Manufacturing,3.0,Ahmedabad,Full-time,Large (1000-5000),Hybrid,1222421.71,"Communication, Cloud Computing, Leadership, Data Analysis, JavaScript",1,0,2024526.76
36,Female,Bachelor's,Graphic Designer,Education,10.0,Bangalore,Part-time,Startup (1-50),On-site,281763.09,"Machine Learning, Python, C++, Data Analysis",2,0,343356.74
33,Male,Master's,HR Manager,Healthcare,6.3,Kolkata,Full-time,Small (51-200),On-site,1195881.21,"JavaScript, Communication, Leadership, Java, Machine Learning",1,1,1900525.57
22,Female,Diploma,HR Manager,Manufacturing,,Delhi NCR,Full-time,Startup (1-50),Hybrid,1061783.72,"Java, Cloud Computing, Project Management",1,1,1072508.81
41,Male,Bachelor's,HR Executive,Information Technology,13.7,Pune,Full-time,Enterprise (5000+),Remote,550028.87,"Java, SQL, Data Analysis, Excel",0,0,929137.72
34,Female,Master's,HR Manager,Education,7.8,Pune,Full-time,Small (51-200),On-site,1069322.78,"Python, Machine Learning, Cloud Computing, JavaScript",1,1,1452573.31
40,Male,Diploma,Data Analyst,Education,11.8,Mumbai,Full-time,Large (1000-5000),On-site,611281.08,"JavaScript, C++, Data Analysis, Machine Learning",2,0,872841.12
37,Male,Bachelor's,Research Scientist,Manufacturing,16.2,Chennai,Part-time,Large (1000-5000),Remote,907408.86,"C++, Machine Learning, Python, Leadership",2,0,1562082.48
30,Male,Bachelor's,Customer Support Executive,Retail,6.1,Pune,Full-time,Startup (1-50),Remote,365747.97,"C++, Machine Learning, Excel, Python",1,0,374063.95
26,Male,Master's,Marketing Manager,Healthcare,2.8,Remote (India),Full-time,Enterprise (5000+),Remote,1507818.09,"Java, Project Management, JavaScript",3,1,2332588.12
43,Male,PhD,Executive Director,Finance,10.3,Mumbai,Full-time,Large (1000-5000),Hybrid,8225125.64,"SQL, Project Management, Python, C++, Leadership",1,1,13296775.99
27,Male,Master's,Sales Manager,Government,8.1,Bangalore,Full-time,Startup (1-50),Remote,2061519.4,"JavaScript, Machine Learning, Communication",3,1,2152356.6
29,Male,Bachelor's,Data Scientist,Finance,3.5,Jaipur,Part-time,Medium (201-1000),Hybrid,575198.39,"Data Analysis, Leadership, Machine Learning, JavaScript, Python",1,0,914428.71
39,Male,Bachelor's,Operations Manager,Information Technology,5.5,Ahmedabad,Full-time,Startup (1-50),Remote,1230215.04,"Machine Learning, Data Analysis, Leadership",0,1,1457597.6
33,Male,Bachelor's,Research Scientist,Finance,7.0,Remote (India),Full-time,Startup (1-50),On-site,1588988.08,"Communication, JavaScript, Java, Machine Learning",0,0,1605038.47
44,Female,Master's,Administrative Assistant,Healthcare,10.2,Kolkata,Part-time,Enterprise (5000+),Hybrid,249187.23,"SQL, JavaScript, Python",0,0,340656.08
36,Male,High School,Marketing Manager,Consulting,9.4,Jaipur,Full-time,Enterprise (5000+),Remote,1009853.44,"Project Management, Excel, Machine Learning",3,1,1433368.32
28,Female,Master's,QA Engineer,Manufacturing,2.7,Kolkata,Full-time,Large (1000-5000),On-site,557902.43,"Project Management, Cloud Computing, Java, Machine Learning, C++",2,0,1043229.27
30,Female,Diploma,Software Engineer,Telecommunications,3.5,Kolkata,Full-time,Large (1000-5000),On-site,867711.44,"Machine Learning, JavaScript, Java, Leadership",0,0,967803.84
23,Female,Bachelor's,HR Executive,Education,2.2,Hyderabad,Full-time,Enterprise (5000+),On-site,290234.83,"Communication, Java, C++",1,0,582280.55
30,Female,Bachelor's,Data Scientist,Media,6.0,Hyderabad,Full-time,Small (51-200),Remote,754963.67,"Excel, JavaScript, Data Analysis, Communication",3,0,1571485.71
30,Male,Master's,Content Writer,Education,11.8,Chennai,Part-time,Small (51-200),On-site,299131.94,"SQL, Data Analysis, Project Management",3,0,365420.75
36,Female,Master's,DevOps Engineer,Information Technology,13.5,Chennai,Full-time,Enterprise (5000+),Remote,1597232.26,"Excel, SQL",1,0,4187547.59
37,Male,Diploma,QA Engineer,Education,,Remote (India),Full-time,Small (51-200),Remote,500399.81,"Leadership, Java, Data Analysis, Python, Project Management",1,0,621995.32
28,Male,Diploma,Financial Analyst,Education,4.0,Hyderabad,Part-time,Large (1000-5000),Remote,258472.02,"Leadership, JavaScript, Communication",1,0,428303.79
28,Female,Master's,Product Manager,Media,7.7,Mumbai,Full-time,Startup (1-50),On-site,2972439.2,"Java, Python, Data Analysis, Excel",2,1,3195887.73
27,Female,Bachelor's,Marketing Manager,Healthcare,9.7,Remote (India),Full-time,Medium (201-1000),On-site,1419223.3,"JavaScript, Python",0,1,1974642.53
27,Female,High School,Marketing Manager,Manufacturing,3.0,Kolkata,Freelance,Large (1000-5000),Remote,707122.82,"Machine Learning, C++, Excel, Cloud Computing, Java",1,1,951845.1
25,Female,Master's,Senior Software Engineer,Healthcare,2.6,Kolkata,Part-time,Medium (201-1000),On-site,1033759.84,"Machine Learning, SQL",1,0,1134164.97
35,Male,Bachelor's,Operations Manager,Finance,14.9,Remote (India),Contract,Enterprise (5000+),Remote,2013096.75,"Java, Python, Communication, SQL, C++",3,1,2746745.17
31,Female,Master's,Marketing Manager,Media,6.3,Jaipur,Full-time,Small (51-200),Remote,987376.41,"Machine Learning, Project Management, Excel",1,1,1656875.99
35,Male,Bachelor's,Administrative Assistant,Information Technology,6.4,Bangalore,Full-time,Small (51-200),Remote,385253.36,"Data Analysis, Python, C++, JavaScript, Project Management",2,1,622581.58
29,Male,Diploma,Sales Manager,Manufacturing,4.9,Jaipur,Full-time,Enterprise (5000+),Hybrid,895533.67,"Cloud Computing, Communication, Machine Learning, Java",0,1,1706724.8
42,Male,High School,Data Analyst,Media,11.2,Delhi NCR,Freelance,Small (51-200),Remote,711633.91,"JavaScript, Project Management, C++, Machine Learning, Python",2,1,750388.97
32,Male,Master's,Graphic Designer,Retail,4.6,Delhi NCR,Full-time,Startup (1-50),Hybrid,623101.46,"Data Analysis, JavaScript",1,0,629395.41
35,Other,Bachelor's,Accountant,Education,8.1,Ahmedabad,Full-time,Enterprise (5000+),Hybrid,323047.21,"Excel, Data Analysis, Leadership, Machine Learning, Java",0,0,649499.6
21,Female,Bachelor's,Senior Software Engineer,Manufacturing,2.9,Kolkata,Full-time,Medium (201-1000),Hybrid,1015527.71,"Machine Learning, Leadership, Excel",3,0,1772546.94
37,Female,Diploma,HR Manager,Manufacturing,12.9,Remote (India),Full-time,Startup (1-50),Hybrid,1020399.47,"Data Analysis, Communication, Leadership, C++, Java",2,1,1190428.91
47,Male,Master's,DevOps Engineer,Healthcare,15.0,Mumbai,Contract,Large (1000-5000),On-site,2090296.29,"JavaScript, Python, Data Analysis, Excel, Project Management",3,0,3615077.39
35,Male,Bachelor's,Customer Support Executive,Healthcare,8.4,Kolkata,Part-time,Large (1000-5000),On-site,159603.19,"Java, Python, Cloud Computing",1,0,313029.63
34,Female,Bachelor's,Executive Director,Finance,9.4,Kolkata,Full-time,Enterprise (5000+),On-site,4378299.93,"Project Management, Java, JavaScript",2,1,7171237.67
32,Female,Bachelor's,Graphic Designer,Retail,2.5,Bangalore,Freelance,Large (1000-5000),Hybrid,314413.71,"Cloud Computing, Project Management",3,0,682196.54
33,Female,Bachelor's,HR Executive,Healthcare,13.4,Bangalore,Full-time,Large (1000-5000),Remote,533013.43,"Excel, Project Management, Machine Learning, JavaScript, Leadership",0,0,977461.98
27,Male,Bachelor's,DevOps Engineer,Telecommunications,4.0,Kolkata,Full-time,Enterprise (5000+),On-site,1288957.75,"Project Management, Data Analysis, Machine Learning, SQL, Communication",0,0,2336213.6
32,Male,Bachelor's,Financial Analyst,Information Technology,6.7,Bangalore,Full-time,Small (51-200),Remote,1201349.14,"Cloud Computing, Machine Learning, Java, Project Management, Data Analysis",1,0,1308620.58
23,Male,PhD,Marketing Manager,Education,3.0,Delhi NCR,Full-time,Large (1000-5000),On-site,1427787.83,"Python, Cloud Computing, JavaScript, Project Management, SQL",3,1,2703558.58
35,Male,Master's,HR Manager,Education,7.5,Jaipur,Full-time,Small (51-200),Remote,918231.21,"SQL, JavaScript, Excel, Project Management, Communication",3,1,1252554.42
22,Male,Bachelor's,Graphic Designer,Manufacturing,1.6,Remote (India),Contract,Medium (201-1000),Hybrid,276816.08,"Excel, Java, Leadership, Communication",2,0,531141.89
35,Female,PhD,Operations Manager,Telecommunications,12.6,Chennai,Full-time,Small (51-200),On-site,1847314.36,"Python, Cloud Computing",0,1,2150376.88
34,Male,Master's,QA Engineer,Healthcare,7.5,Mumbai,Full-time,Startup (1-50),Hybrid,1213405.29,"Communication, Java, SQL, C++",3,0,1225661.91
36,Male,Diploma,Data Scientist,Finance,9.4,Ahmedabad,Full-time,Startup (1-50),Remote,1161563.23,"Java, C++, Communication",2,1,1521897.37
29,Male,Bachelor's,Financial Analyst,Finance,3.8,Bangalore,Full-time,Large (1000-5000),Hybrid,1194132.87,"SQL, Cloud Computing",0,0,1364433.6
30,Female,Bachelor's,Product Manager,Retail,6.5,Delhi NCR,Full-time,Large (1000-5000),On-site,1418540.24,"Python, Data Analysis",2,1,3346091.29
24,Female,High School,Financial Analyst,Information Technology,3.1,Delhi NCR,Full-time,Large (1000-5000),Hybrid,770425.56,"Machine Learning, Excel",2,0,1092691.56
36,Female,Master's,Software Engineer,Manufacturing,2.6,Jaipur,Full-time,Startup (1-50),Hybrid,880590.02,"Data Analysis, SQL, Machine Learning",1,0,921611.79
44,Male,Bachelor's,Sales Manager,Retail,11.6,Jaipur,Contract,Small (51-200),On-site,1251872.59,"C++, Project Management",3,1,1336917.8
45,Male,Bachelor's,Administrative Assistant,Manufacturing,13.3,Remote (India),Full-time,Small (51-200),On-site,491843.09,"Python, Leadership, Excel",3,1,528846.3
41,Male,Bachelor's,HR Executive,Healthcare,15.0,Bangalore,Full-time,Large (1000-5000),On-site,739289.6,"C++, Excel, Machine Learning",1,0,877903.12
29,Female,Diploma,Customer Support Executive,Consulting,,Hyderabad,Full-time,Medium (201-1000),Remote,394970.03,"Machine Learning, Excel",2,0,398959.62
34,Male,Bachelor's,Accountant,Retail,6.9,Jaipur,Full-time,Small (51-200),Remote,479592.65,"Machine Learning, Cloud Computing",3,0,551454.25
27,Male,High School,Graphic Designer,Education,1.4,Hyderabad,Full-time,Enterprise (5000+),Hybrid,314660.74,"Machine Learning, Excel, Cloud Computing, Python",3,0,552543.41
26,Male,Bachelor's,Sales Manager,Education,6.3,Mumbai,Full-time,Large (1000-5000),Hybrid,1745646.17,"Machine Learning, Data Analysis, JavaScript",3,1,2018071.41
31,Female,Master's,Marketing Manager,Government,5.2,Ahmedabad,Full-time,Small (51-200),Remote,1109873.34,"Java, Python, Data Analysis",0,1,1475701.41
42,Male,Master's,Administrative Assistant,Consulting,10.9,Bangalore,Full-time,Small (51-200),On-site,291790.7,"Excel, C++, Machine Learning, Leadership",3,0,686707.68
32,Male,High School,HR Manager,Consulting,9.9,Pune,Full-time,Startup (1-50),Remote,607392.83,"Machine Learning, Java, Project Management, Python",0,1,1068309.74
38,Male,Bachelor's,Senior Software Engineer,Information Technology,9.3,Ahmedabad,Full-time,Startup (1-50),On-site,1755253.49,"Excel, Machine Learning, Leadership, SQL, JavaScript",3,0,2164516.64
33,Male,PhD,Research Scientist,Manufacturing,8.1,Bangalore,Part-time,Medium (201-1000),Remote,1248354.96,"Excel, Java",1,0,1601275.77
36,Male,Bachelor's,HR Executive,Information Technology,4.5,Jaipur,Full-time,Large (1000-5000),Remote,356023.94,"Java, Cloud Computing, Data Analysis, Project Management",1,0,629416.28
30,Female,PhD,Project Manager,Telecommunications,4.0,Delhi NCR,Full-time,Large (1000-5000),Remote,1855307.41,"Communication, Data Analysis, Leadership, C++",2,1,2803457.51
42,Male,Master's,HR Executive,Healthcare,18.0,Ahmedabad,Full-time,Large (1000-5000),Hybrid,692821.16,"Python, Project Management",3,0,874838.18
25,Male,Bachelor's,Software Engineer,Manufacturing,1.9,Mumbai,Full-time,Small (51-200),On-site,964593.57,"C++, SQL, Data Analysis, Excel",1,0,974336.94
31,Male,Master's,Project Manager,Retail,7.7,Remote (India),Freelance,Startup (1-50),Remote,1049493.32,"Project Management, Machine Learning, Cloud Computing",0,1,1304160.47
36,Male,Master's,Product Manager,Retail,10.5,Pune,Full-time,Small (51-200),Hybrid,3031296.66,"Leadership, Python",1,1,3099410.95
25,Male,Master's,HR Executive,Information Technology,0.8,Remote (India),Full-time,Large (1000-5000),On-site,629534.6,"JavaScript, SQL",3,0,858113.71
33,Male,Master's,UX Designer,Education,9.5,Kolkata,Full-time,Medium (201-1000),Remote,1169395.56,"Cloud Computing, Communication",0,1,1312432.6
25,Female,Bachelor's,Content Writer,Information Technology,4.2,Pune,Full-time,Large (1000-5000),Remote,464281.49,"Machine Learning, Java, Excel",2,0,848882.37
28,Male,Master's,Project Manager,Media,2.6,Hyderabad,Full-time,Enterprise (5000+),On-site,1236532.06,"SQL, C++",3,1,2382590.39
35,Male,High School,Graphic Designer,Finance,13.2,Pune,Full-time,Large (1000-5000),On-site,539985.81,"Cloud Computing, Communication, Leadership, Machine Learning",0,1,800509.84
32,Male,Bachelor's,Research Scientist,Government,3.8,Ahmedabad,Full-time,Medium (201-1000),Remote,1010274.0,"C++, Java, Communication, Project Management",1,0,1515821.7
27,Male,Master's,HR Manager,Media,3.3,Jaipur,Full-time,Startup (1-50),Remote,1174933.01,"Leadership, Excel, SQL",2,1,1186801.02
35,Female,High School,Sales Executive,Government,8.7,Bangalore,Full-time,Enterprise (5000+),Hybrid,562676.69,"Python, C++, Communication, Project Management, Data Analysis",2,0,813686.03
33,Male,Diploma,Senior Software Engineer,Government,12.0,Jaipur,Full-time,Large (1000-5000),Remote,1508003.94,"Leadership, SQL",1,1,1848238.41
35,Female,Master's,Marketing Manager,Media,8.3,Jaipur,Full-time,Enterprise (5000+),Remote,1277227.6,"Data Analysis, Leadership, Java, Cloud Computing, SQL",0,1,2148629.2
29,Female,Bachelor's,UX Designer,Healthcare,3.2,Chennai,Full-time,Medium (201-1000),Remote,1039382.31,"Java, Python, Machine Learning, Data Analysis",2,0,1537370.66
31,Male,Bachelor's,Executive Director,Healthcare,5.9,Jaipur,Full-time,Small (51-200),On-site,3527977.62,"Machine Learning, SQL",1,1,4086184.7
25,Male,Bachelor's,Data Scientist,Media,2.1,Mumbai,Full-time,Startup (1-50),On-site,1044545.4,"Python, Data Analysis, Machine Learning, Project Management",3,0,1576780.83
22,Female,Bachelor's,DevOps Engineer,Finance,3.6,Mumbai,Full-time,Small (51-200),On-site,1123118.95,"Communication, Project Management, Excel",0,0,2360373.71
24,Male,Bachelor's,Operations Manager,Consulting,5.3,Hyderabad,Full-time,Small (51-200),Hybrid,1474551.01,"C++, SQL, Excel, Data Analysis",0,1,1945933.61
41,Male,Diploma,Content Writer,Manufacturing,11.2,Hyderabad,Full-time,Startup (1-50),Remote,448162.69,"Data Analysis, Communication, Java, Python",2,0,452689.58
25,Female,Bachelor's,Accountant,Consulting,7.0,Ahmedabad,Part-time,Medium (201-1000),On-site,293398.69,"Machine Learning, JavaScript, Cloud Computing, Project Management",3,0,406270.95
32,Female,PhD,DevOps Engineer,Consulting,,Ahmedabad,Contract,Enterprise (5000+),Remote,1418865.04,"Leadership, Python, Excel",1,0,2704295.09
36,Female,Diploma,Project Manager,Healthcare,4.7,Pune,Full-time,Small (51-200),On-site,1133971.18,"Data Analysis, JavaScript",3,1,1391435.86
42,Male,Diploma,DevOps Engineer,Telecommunications,16.8,Delhi NCR,Full-time,Small (51-200),Hybrid,2672202.37,"JavaScript, C++, Excel, Communication, Leadership",1,1,2699194.32
25,Female,Bachelor's,Data Scientist,Media,4.6,Bangalore,Full-time,Large (1000-5000),Remote,1280426.6,"Data Analysis, C++",3,0,2008470.94
28,Male,Master's,Data Scientist,Finance,5.7,Hyderabad,Full-time,Small (51-200),Remote,2243998.11,"Cloud Computing, Project Management, C++, JavaScript",2,0,2312165.4
27,Male,PhD,HR Executive,Media,3.3,Bangalore,Full-time,Small (51-200),Hybrid,764579.2,"SQL, Cloud Computing, JavaScript",3,0,825109.92
30,Male,Bachelor's,Financial Analyst,Retail,4.8,Remote (India),Full-time,Medium (201-1000),Hybrid,520597.9,"Java, JavaScript, SQL, Cloud Computing",1,0,833903.17
43,Female,Bachelor's,QA Engineer,Telecommunications,12.8,Remote (India),Full-time,Medium (201-1000),On-site,878303.34,"Cloud Computing, Python, Excel, Leadership, JavaScript",1,1,1399259.09
43,Male,PhD,Accountant,Telecommunications,15.5,Mumbai,Contract,Startup (1-50),Remote,1077433.2,"Cloud Computing, C++, Project Management, Python",0,0,1192388.71
21,Female,Diploma,Financial Analyst,Education,2.6,Delhi NCR,Full-time,Enterprise (5000+),Hybrid,724620.97,"Project Management, Leadership, Cloud Computing, SQL, Data Analysis",0,0,898477.93
38,Male,Bachelor's,Product Manager,Government,10.3,Remote (India),Full-time,Large (1000-5000),Hybrid,2070970.55,"SQL, Machine Learning",1,1,2738258.73
43,Male,High School,Content Writer,Telecommunications,20.2,Ahmedabad,Full-time,Startup (1-50),Hybrid,452351.81,"Project Management, JavaScript, Java, Cloud Computing",1,0,507546.37
25,Male,Bachelor's,UX Designer,Media,3.4,Remote (India),Full-time,Medium (201-1000),On-site,669908.77,"Communication, JavaScript, Data Analysis",0,0,1124081.91
31,Male,Master's,Administrative Assistant,Government,8.5,Remote (India),Full-time,Enterprise (5000+),On-site,416638.12,"C++, Communication, Machine Learning, Java, Python",0,0,581576.07
37,Female,Master's,UX Designer,Healthcare,7.0,Delhi NCR,Full-time,Small (51-200),Hybrid,1197872.23,"Communication, JavaScript, Leadership, Project Management, Excel",2,0,1732675.71
30,Female,Bachelor's,HR Manager,Media,10.8,Hyderabad,Full-time,Medium (201-1000),On-site,1356217.15,"Project Management, JavaScript, Leadership, Machine Learning",1,1,1665597.85
28,Female,Diploma,Graphic Designer,Consulting,4.8,Mumbai,Full-time,Enterprise (5000+),Hybrid,438202.28,"Python, Cloud Computing, C++, Java, Leadership",0,0,850958.48
37,Female,Diploma,Accountant,Education,10.6,Delhi NCR,Part-time,Large (1000-5000),On-site,309822.23,"Java, Machine Learning, JavaScript, Project Management, Data Analysis",1,1,448712.38
36,Male,Bachelor's,Business Analyst,Education,12.2,Jaipur,Full-time,Large (1000-5000),On-site,595177.22,"Cloud Computing, Data Analysis, Project Management, Python, Excel",2,0,846091.01
26,Female,Bachelor's,Operations Manager,Retail,2.4,Pune,Full-time,Small (51-200),On-site,885101.85,"Project Management, Communication, Leadership, Cloud Computing",0,1,1252718.38
30,Male,Master's,QA Engineer,Government,1.4,Bangalore,Full-time,Medium (201-1000),Hybrid,900805.79,"JavaScript, Leadership, Java, SQL",2,0,985356.1
32,Male,Master's,Content Writer,Consulting,2.0,Remote (India),Full-time,Enterprise (5000+),Remote,496526.43,"Communication, Project Management, Machine Learning, SQL, Java",1,0,811772.25
32,Male,Diploma,Operations Manager,Telecommunications,3.4,Jaipur,Full-time,Startup (1-50),Remote,831039.99,"Python, SQL",1,1,839434.34
32,Female,Master's,Marketing Manager,Telecommunications,4.3,Hyderabad,Full-time,Startup (1-50),On-site,1639212.67,"Machine Learning, Data Analysis, C++, Communication",1,1,1655770.38
29,Female,Bachelor's,Business Analyst,Information Technology,7.2,Kolkata,Full-time,Enterprise (5000+),Remote,587292.38,"JavaScript, Leadership, Data Analysis, Excel, Machine Learning",3,0,1457822.11
26,Female,Bachelor's,Customer Support Executive,Government,1.5,Hyderabad,Full-time,Startup (1-50),Hybrid,342906.41,"C++, JavaScript",2,0,348540.39
29,Female,Bachelor's,Data Analyst,Education,2.9,Remote (India),Full-time,Large (1000-5000),Remote,493013.16,"Java, Python, JavaScript",1,0,709464.92
32,Female,Bachelor's,Sales Manager,Manufacturing,10.0,Bangalore,Full-time,Small (51-200),Remote,1060086.4,"Data Analysis, Java, Project Management",2,1,2068364.27
32,Male,Master's,Research Scientist,Education,8.4,Jaipur,Full-time,Enterprise (5000+),On-site,1108096.85,"Python, Data Analysis, Java, Cloud Computing",1,0,1907027.55
26,Female,Diploma,UX Designer,Manufacturing,4.6,Kolkata,Full-time,Startup (1-50),Remote,768050.33,"Communication, Machine Learning, Data Analysis, Cloud Computing, Project Management",3,0,884014.28
23,Male,Bachelor's,Content Writer,Government,7.4,Hyderabad,Full-time,Large (1000-5000),Hybrid,520880.54,"Leadership, Machine Learning, Excel, Data Analysis",2,0,740527.34
25,Female,Bachelor's,HR Manager,Information Technology,1.8,Delhi NCR,Full-time,Small (51-200),On-site,1219927.67,"SQL, Excel",3,1,1650319.32
25,Male,Bachelor's,UX Designer,Education,1.6,Jaipur,Contract,Startup (1-50),Hybrid,591259.68,"C++, Project Management",3,0,601457.18
36,Male,Master's,Data Scientist,Media,8.0,Remote (India),Full-time,Startup (1-50),Remote,1645945.55,"Project Management, JavaScript, Machine Learning, SQL",0,0,1676765.09
25,Male,Bachelor's,Graphic Designer,Finance,0.9,Chennai,Full-time,Large (1000-5000),On-site,508376.99,"Data Analysis, Communication, Project Management",0,0,812683.71
28,Female,Master's,Financial Analyst,Information Technology,5.1,Pune,Full-time,Small (51-200),On-site,1170264.7,"C++, JavaScript",0,1,1533917.64
36,Female,Bachelor's,Sales Executive,Healthcare,8.2,Chennai,Full-time,Small (51-200),Hybrid,666014.3,"Data Analysis, JavaScript, Communication",1,0,690358.61
34,Male,PhD,Project Manager,Finance,6.6,Hyderabad,Contract,Large (1000-5000),Remote,1370095.1,"Excel, Data Analysis, Machine Learning, Project Management",2,1,3419366.74
34,Female,Bachelor's,Content Writer,Retail,5.8,Bangalore,Full-time,Large (1000-5000),On-site,416514.39,"Data Analysis, Machine Learning, Communication, Java",0,0,708906.01
21,Female,Master's,Sales Executive,Manufacturing,2.9,Chennai,Full-time,Enterprise (5000+),Remote,672318.37,"Data Analysis, Python, Excel, SQL, Communication",3,0,915934.62
25,Female,Bachelor's,UX Designer,Media,3.1,Delhi NCR,Contract,Large (1000-5000),On-site,900164.53,"Communication, Java, Data Analysis, Python, SQL",0,0,1348946.45
39,Female,Diploma,QA Engineer,Healthcare,10.0,Jaipur,Full-time,Small (51-200),On-site,547212.16,"Project Management, Cloud Computing",3,0,693672.99
28,Male,Master's,Product Manager,Healthcare,8.3,Hyderabad,Full-time,Small (51-200),Remote,3425008.29,"C++, Leadership, Project Management",0,1,3459604.33
44,Female,Bachelor's,Data Scientist,Retail,11.6,Bangalore,Full-time,Startup (1-50),On-site,1531123.48,"Machine Learning, Leadership, Cloud Computing, Python",0,0,1546589.38
42,Female,Bachelor's,Senior Software Engineer,Government,11.6,Chennai,Part-time,Medium (201-1000),On-site,875801.21,"SQL, Python, Data Analysis, Java",2,0,1169859.16
37,Male,Bachelor's,Software Engineer,Finance,13.6,Mumbai,Full-time,Enterprise (5000+),On-site,1724986.05,"Machine Learning, Cloud Computing, JavaScript, Data Analysis",0,0,2225106.75
37,Male,Master's,Financial Analyst,Media,7.8,Hyderabad,Part-time,Medium (201-1000),Remote,672903.71,"Machine Learning, Leadership, Java, Python",3,1,863818.78
28,Female,Bachelor's,DevOps Engineer,Healthcare,3.9,Hyderabad,Full-time,Large (1000-5000),Hybrid,1804501.29,"C++, Machine Learning",0,0,2172338.32
46,Male,Bachelor's,Senior Software Engineer,Healthcare,19.7,Jaipur,Part-time,Enterprise (5000+),On-site,666445.87,"SQL, Data Analysis",3,0,1560230.13
31,Female,Bachelor's,Sales Executive,Telecommunications,3.1,Delhi NCR,Full-time,Medium (201-1000),Hybrid,515464.95,"C++, Leadership",3,0,864070.49
33,Male,Bachelor's,Project Manager,Government,7.8,Ahmedabad,Freelance,Large (1000-5000),On-site,783856.11,"Communication, C++",2,1,1293865.88
29,Female,Bachelor's,Business Analyst,Retail,12.8,Mumbai,Full-time,Startup (1-50),Remote,1018585.94,"Project Management, Excel, C++, Data Analysis",3,0,1028874.68
26,Male,Diploma,Graphic Designer,Manufacturing,3.3,Hyderabad,Full-time,Medium (201-1000),Remote,619052.35,"Communication, Cloud Computing",0,1,661128.29
24,Male,High School,Data Analyst,Consulting,3.2,Kolkata,Full-time,Medium (201-1000),Hybrid,508088.66,"Communication, Cloud Computing, JavaScript, Project Management",3,0,638921.72
36,Male,Bachelor's,Senior Software Engineer,Healthcare,8.0,Hyderabad,Full-time,Medium (201-1000),Hybrid,1632610.41,"Excel, Communication, Python, C++, Data Analysis",2,1,2795939.39
31,Female,Bachelor's,Project Manager,Finance,2.4,Ahmedabad,Full-time,Medium (201-1000),Hybrid,995616.54,"Leadership, Data Analysis, SQL",3,1,1627773.54
21,Female,Master's,Business Analyst,Finance,0.5,Remote (India),Full-time,Startup (1-50),On-site,899035.06,"Communication, Cloud Computing, Leadership, Machine Learning, C++",0,0,1022907.18
29,Female,High School,Product Manager,Consulting,3.1,Hyderabad,Full-time,Large (1000-5000),Hybrid,1665040.85,"Communication, Java, Data Analysis, Machine Learning, Project Management",2,1,2429633.34
26,Female,Bachelor's,HR Manager,Government,2.5,Hyderabad,Full-time,Small (51-200),Remote,961745.35,"Project Management, SQL",2,1,1369206.95
28,Male,Diploma,Accountant,Media,3.2,Chennai,Full-time,Medium (201-1000),Remote,378583.32,"Cloud Computing, SQL, Java, Python",2,0,607819.67
30,Female,Diploma,Executive Director,Telecommunications,3.6,Bangalore,Full-time,Small (51-200),On-site,3547216.41,"Java, C++",0,1,4514332.02
31,Male,Master's,Customer Support Executive,Information Technology,9.4,Remote (India),Freelance,Enterprise (5000+),Hybrid,344031.4,"Leadership, Cloud Computing, Data Analysis",3,0,725147.58
31,Female,PhD,UX Designer,Finance,4.3,Chennai,Full-time,Enterprise (5000+),Remote,1618033.01,"Project Management, Leadership",2,0,2058865.06
40,Male,Bachelor's,Data Scientist,Finance,12.9,Delhi NCR,Full-time,Enterprise (5000+),Remote,2011014.66,"Python, C++, Excel, Communication, Data Analysis",3,0,3277941.09
21,Male,Bachelor's,QA Engineer,Telecommunications,3.3,Chennai,Part-time,Medium (201-1000),Remote,428357.79,"Communication, Excel, Data Analysis",2,0,491207.58
34,Female,Bachelor's,Customer Support Executive,Information Technology,10.2,Hyderabad,Full-time,Enterprise (5000+),Remote,508706.14,"Java, Data Analysis, C++",3,1,901822.98
26,Female,Bachelor's,Data Scientist,Education,3.8,Chennai,Full-time,Enterprise (5000+),On-site,1058120.33,"Data Analysis, JavaScript",3,0,1616113.28
42,Female,Bachelor's,Operations Manager,Consulting,21.1,Ahmedabad,Full-time,Startup (1-50),Hybrid,1508665.84,"JavaScript, Data Analysis",3,1,1523904.89
34,Male,Master's,Executive Director,Retail,5.9,Chennai,Full-time,Enterprise (5000+),Remote,4002510.83,"Data Analysis, Machine Learning, Java, Communication",1,1,7360025.65
29,Male,Master's,Business Analyst,Education,2.3,Kolkata,Contract,Startup (1-50),Hybrid,765451.37,"Machine Learning, Data Analysis, Java",3,0,773314.04
31,Other,Master's,Executive Director,Telecommunications,4.4,Pune,Full-time,Enterprise (5000+),On-site,4146522.38,"Machine Learning, Leadership",2,1,9593446.47
48,Male,Bachelor's,QA Engineer,Government,21.6,Jaipur,Part-time,Medium (201-1000),Remote,417041.4,"Leadership, SQL",1,0,537583.32
42,Female,Bachelor's,Financial Analyst,Retail,9.6,Chennai,Full-time,Large (1000-5000),Remote,690542.5,"SQL, Leadership, Machine Learning, Cloud Computing",3,0,1261916.39
32,Female,Bachelor's,Product Manager,Manufacturing,14.1,Jaipur,Full-time,Large (1000-5000),On-site,2085742.53,"C++, Data Analysis, Excel",2,1,3083597.32
34,Male,Master's,Operations Manager,Information Technology,9.5,Hyderabad,Full-time,Small (51-200),Remote,1538484.93,"SQL, Excel, C++, Java",3,1,2676248.85
23,Female,PhD,Executive Director,Media,7.3,Remote (India),Freelance,Small (51-200),Remote,3824720.09,"C++, Leadership, Data Analysis",0,1,5243858.04
30,Male,Master's,UX Designer,Retail,4.6,Bangalore,Full-time,Startup (1-50),Hybrid,1097549.48,"JavaScript, Python, Excel, Leadership, Data Analysis",0,0,1219927.84
23,Female,Bachelor's,Administrative Assistant,Information Technology,0.9,Kolkata,Full-time,Medium (201-1000),Remote,343928.5,"Data Analysis, SQL, Excel, Leadership, C++",0,1,413398.51
27,Male,Bachelor's,Financial Analyst,Retail,4.9,Chennai,Contract,Medium (201-1000),On-site,355522.32,"Machine Learning, Leadership",2,0,786271.17
44,Male,Diploma,Marketing Manager,Healthcare,15.0,Remote (India),Full-time,Enterprise (5000+),Hybrid,1071261.61,"Cloud Computing, JavaScript",3,1,2227354.11
31,Female,Master's,HR Manager,Government,10.0,Pune,Full-time,Startup (1-50),On-site,1213723.32,"JavaScript, Project Management, C++, Java, Excel",1,1,1527105.35
38,Male,Diploma,Data Analyst,Consulting,4.6,Remote (India),Freelance,Enterprise (5000+),On-site,474456.24,"Leadership, Project Management",1,0,816514.8
32,Male,Bachelor's,Administrative Assistant,Healthcare,4.1,Hyderabad,Full-time,Startup (1-50),Hybrid,267118.22,"Machine Learning, Python, SQL, C++, JavaScript",3,0,404592.55
32,Male,Diploma,Graphic Designer,Government,5.6,Bangalore,Full-time,Enterprise (5000+),Hybrid,440681.09,"Communication, Project Management, Python, Cloud Computing",2,0,711074.57
29,Female,Bachelor's,Product Manager,Healthcare,4.9,Bangalore,Full-time,Medium (201-1000),On-site,1788297.94,"Machine Learning, SQL, JavaScript, Cloud Computing, Excel",3,1,3288525.4
33,Female,Bachelor's,Sales Executive,Healthcare,8.7,Kolkata,Full-time,Small (51-200),On-site,481555.06,"JavaScript, Java, Data Analysis, Communication, Machine Learning",1,0,636747.03
31,Female,Bachelor's,Accountant,Telecommunications,6.9,Hyderabad,Full-time,Enterprise (5000+),On-site,714871.71,"Machine Learning, SQL, Java, Excel, JavaScript",3,0,1108869.13
39,Male,High School,Graphic Designer,Telecommunications,16.9,Remote (India),Part-time,Large (1000-5000),On-site,165985.8,"Java, Machine Learning",0,0,354971.0
28,Male,Bachelor's,DevOps Engineer,Media,4.8,Remote (India),Full-time,Small (51-200),Remote,1238647.74,"JavaScript, SQL, Leadership",0,1,1854709.43
33,Male,Master's,Data Scientist,Healthcare,12.1,Chennai,Full-time,Medium (201-1000),Hybrid,1692985.03,"Java, Machine Learning, C++, Data Analysis, Communication",2,0,2577016.6
32,Female,Master's,Customer Support Executive,Finance,3.2,Mumbai,Full-time,Medium (201-1000),Hybrid,575790.07,"C++, JavaScript, Java, Leadership",3,0,740134.51
35,Male,Bachelor's,QA Engineer,Government,12.9,Bangalore,Full-time,Small (51-200),Remote,1026419.92,"Machine Learning, Cloud Computing, C++",3,1,1279648.16
31,Male,Diploma,Data Analyst,Retail,4.4,Delhi NCR,Full-time,Enterprise (5000+),Hybrid,443313.02,"SQL, Communication, Python",0,0,755366.74
39,Male,PhD,Research Scientist,Government,6.1,Mumbai,Full-time,Startup (1-50),Remote,1933954.88,"Excel, Data Analysis",0,0,2299203.67
39,Female,Master's,Software Engineer,Healthcare,9.3,Pune,Full-time,Medium (201-1000),On-site,1611924.25,"SQL, Machine Learning, Data Analysis, Java, Excel",0,1,2072595.69
28,Male,Master's,Sales Manager,Healthcare,5.9,Mumbai,Full-time,Startup (1-50),Hybrid,2399210.99,"JavaScript, Cloud Computing, Python",1,1,2725981.7
41,Male,Bachelor's,QA Engineer,Education,14.3,Pune,Freelance,Enterprise (5000+),On-site,693623.92,"Leadership, Excel, Data Analysis, Python",3,0,930028.87
23,Female,Master's,Project Manager,Information Technology,2.0,Pune,Full-time,Small (51-200),On-site,1843846.18,"Leadership, Project Management",3,1,2027421.96
22,Male,High School,Product Manager,Retail,2.9,Bangalore,Full-time,Large (1000-5000),On-site,1482316.37,"SQL, JavaScript",1,1,2473140.16
36,Female,Bachelor's,Sales Manager,Telecommunications,9.6,Mumbai,Full-time,Enterprise (5000+),Hybrid,2172561.14,"Machine Learning, Communication, Excel, Python, C++",2,1,3016693.98
33,Male,Master's,Sales Executive,Telecommunications,9.6,Ahmedabad,Full-time,Small (51-200),On-site,517427.41,"Machine Learning, JavaScript, Data Analysis, SQL",1,0,852651.58
28,Female,Diploma,QA Engineer,Manufacturing,5.4,Pune,Full-time,Enterprise (5000+),On-site,485180.99,"Excel, Java, Data Analysis",1,0,857548.69
34,Male,Bachelor's,HR Manager,Consulting,5.8,Bangalore,Full-time,Enterprise (5000+),Remote,1288095.67,"Cloud Computing, SQL",1,1,2209008.17
25,Male,Diploma,Research Scientist,Consulting,4.2,Kolkata,Full-time,Large (1000-5000),On-site,1271260.91,"JavaScript, Data Analysis, C++, Leadership, Cloud Computing",2,0,1849180.94
36,Male,High School,DevOps Engineer,Healthcare,7.4,Ahmedabad,Full-time,Large (1000-5000),On-site,1358806.31,"Python, Machine Learning",0,0,1457710.81
31,Male,Master's,Software Engineer,Government,5.3,Kolkata,Full-time,Medium (201-1000),Hybrid,845737.41,"Python, JavaScript, SQL, Project Management, Communication",2,1,1402424.99
27,Male,Bachelor's,Product Manager,Retail,8.7,Delhi NCR,Full-time,Small (51-200),Remote,2125788.62,"Project Management, Leadership, Cloud Computing",3,1,2807913.71
30,Female,PhD,HR Executive,Manufacturing,10.4,Jaipur,Full-time,Enterprise (5000+),Remote,443788.29,"Data Analysis, Python, C++, Java",0,0,882629.33
34,Male,Master's,Product Manager,Retail,4.4,Mumbai,Full-time,Medium (201-1000),Remote,2475373.54,"Data Analysis, C++, Excel, Machine Learning, Leadership",0,1,3445452.84
37,Male,High School,Sales Executive,Consulting,10.7,Jaipur,Full-time,Small (51-200),On-site,421636.66,"Java, Machine Learning, Data Analysis",3,0,464307.16
41,Male,Master's,Marketing Manager,Healthcare,14.2,Ahmedabad,Full-time,Startup (1-50),Remote,1667418.63,"Python, Java, C++, Data Analysis",3,1,1966416.47
30,Male,Master's,UX Designer,Education,3.8,Mumbai,Full-time,Large (1000-5000),Hybrid,1119450.32,"Communication, Leadership",2,1,1748573.93
36,Male,Bachelor's,Operations Manager,Finance,4.7,Kolkata,Freelance,Small (51-200),Hybrid,1052273.36,"Data Analysis, SQL, Java",1,1,1408276.12
36,Male,PhD,Research Scientist,Manufacturing,6.3,Delhi NCR,Full-time,Small (51-200),On-site,1642194.04,"Leadership, Data Analysis, Project Management",3,0,2575303.3
31,Male,Master's,Business Analyst,Retail,2.1,Chennai,Full-time,Large (1000-5000),On-site,621156.37,"Excel, Leadership, Cloud Computing",3,0,1106363.75
28,Female,Diploma,Marketing Manager,Finance,9.0,Hyderabad,Full-time,Enterprise (5000+),On-site,1247697.03,"Java, C++, Communication, Cloud Computing",1,1,2416915.26
27,Female,Master's,Data Scientist,Finance,5.7,Hyderabad,Full-time,Enterprise (5000+),Hybrid,1801841.13,"Machine Learning, Data Analysis, Project Management, Java, Cloud Computing",1,0,3338308.32
40,Female,Master's,QA Engineer,Consulting,6.6,Chennai,Full-time,Medium (201-1000),On-site,1086919.29,"Project Management, Data Analysis, Communication",1,0,1217286.55
34,Female,PhD,QA Engineer,Healthcare,6.5,Chennai,Full-time,Small (51-200),Hybrid,810739.73,"Machine Learning, JavaScript",2,0,1236708.51
24,Male,Bachelor's,UX Designer,Consulting,1.3,Chennai,Full-time,Enterprise (5000+),Remote,1093168.18,"Java, SQL",0,0,1436402.45
31,Female,Bachelor's,Customer Support Executive,Manufacturing,6.0,Hyderabad,Full-time,Startup (1-50),Remote,338329.17,"Java, Communication, Cloud Computing",0,0,374790.75
31,Male,High School,Content Writer,Consulting,6.5,Bangalore,Full-time,Small (51-200),On-site,335401.32,"SQL, Data Analysis, Machine Learning, Java",0,0,456397.47
29,Female,Bachelor's,Executive Director,Consulting,2.6,Jaipur,Full-time,Small (51-200),Remote,3080778.45,"Leadership, Cloud Computing, Data Analysis",3,1,4254353.54
38,Female,Bachelor's,Sales Executive,Information Technology,12.9,Delhi NCR,Full-time,Large (1000-5000),Remote,808620.2,"JavaScript, Project Management, Data Analysis",3,0,1338414.08
31,Female,Master's,UX Designer,Retail,,Kolkata,Full-time,Large (1000-5000),Hybrid,965670.1,"Python, Communication, JavaScript",1,1,1789326.21
34,Male,Bachelor's,Project Manager,Government,5.6,Mumbai,Contract,Startup (1-50),On-site,1520796.85,"Machine Learning, Excel, Java, Communication",1,1,1536158.43
43,Male,High School,Data Analyst,Information Technology,12.7,Chennai,Full-time,Medium (201-1000),Remote,704576.99,"Data Analysis, Python, Project Management, SQL, C++",3,0,1004320.49
39,Male,PhD,Executive Director,Finance,11.8,Bangalore,Full-time,Large (1000-5000),Remote,7840632.91,"Communication, Java, Leadership",0,1,11988818.6
41,Female,PhD,Accountant,Healthcare,16.8,Mumbai,Full-time,Large (1000-5000),On-site,926567.06,"SQL, Leadership",3,0,1862727.16
42,Male,Bachelor's,DevOps Engineer,Media,12.6,Remote (India),Full-time,Medium (201-1000),Hybrid,1375675.35,"Cloud Computing, Excel, Machine Learning, Java",3,1,2640727.21
26,Male,Diploma,Graphic Designer,Retail,0.6,Chennai,Full-time,Enterprise (5000+),On-site,369077.64,"Excel, C++, Cloud Computing, Python, Java",2,0,606575.58
28,Male,Bachelor's,Business Analyst,Media,7.0,Ahmedabad,Full-time,Enterprise (5000+),Hybrid,750361.09,"Cloud Computing, Python, Leadership, Project Management, Machine Learning",3,0,1062833.03
35,Female,Diploma,Project Manager,Telecommunications,9.2,Mumbai,Full-time,Medium (201-1000),Hybrid,1466493.69,"Communication, Excel, Leadership",2,1,1862118.87
21,Male,Master's,Senior Software Engineer,Government,2.1,Jaipur,Full-time,Startup (1-50),On-site,1438325.93,"Excel, Machine Learning",3,0,1527750.59
30,Female,Bachelor's,Accountant,Media,3.3,Hyderabad,Full-time,Startup (1-50),Hybrid,501163.48,"Data Analysis, Communication, Leadership, Python, C++",2,0,620060.27
35,Male,Bachelor's,Product Manager,Information Technology,9.3,Chennai,Full-time,Enterprise (5000+),On-site,2363154.98,"Leadership, Machine Learning, Cloud Computing",1,1,4470879.33
32,Female,Bachelor's,Senior Software Engineer,Media,12.1,Pune,Full-time,Startup (1-50),Remote,1322712.21,"Excel, Communication, Python, Java",0,0,1906270.27
34,Male,High School,Accountant,Retail,8.2,Pune,Full-time,Enterprise (5000+),On-site,272652.62,"Cloud Computing, Java, Project Management, Excel, Machine Learning",1,0,628605.49
38,Male,Bachelor's,Financial Analyst,Finance,6.8,Hyderabad,Part-time,Small (51-200),On-site,575045.03,"C++, Machine Learning, Communication, Data Analysis, Project Management",1,0,620681.96
21,Male,Bachelor's,HR Executive,Telecommunications,2.2,Ahmedabad,Full-time,Medium (201-1000),Remote,384502.16,"C++, SQL, Cloud Computing",2,0,474159.17
41,Female,Master's,Content Writer,Government,21.3,Chennai,Full-time,Small (51-200),Hybrid,808455.47,"SQL, Cloud Computing",3,0,847724.9
28,Female,Master's,QA Engineer,Finance,3.5,Remote (India),Full-time,Large (1000-5000),Hybrid,883800.07,"Java, C++, Project Management, Machine Learning",2,0,1360907.92
26,Female,High School,Executive Director,Consulting,2.8,Ahmedabad,Full-time,Startup (1-50),Remote,1935779.25,"Java, JavaScript",3,1,2968225.54
33,Male,Master's,Data Analyst,Consulting,8.9,Hyderabad,Part-time,Medium (201-1000),On-site,536980.33,"Machine Learning, Project Management, Java, Cloud Computing, Communication",0,0,721860.79
23,Male,Bachelor's,Project Manager,Telecommunications,1.1,Ahmedabad,Full-time,Medium (201-1000),On-site,,"SQL, Java, Leadership, C++, Excel",1,1,1399985.56
37,Female,Master's,Senior Software Engineer,Media,2.5,Ahmedabad,Full-time,Large (1000-5000),Hybrid,1303002.51,"Excel, JavaScript, Java",0,0,2000354.09
28,Male,Bachelor's,Administrative Assistant,Consulting,5.6,Ahmedabad,Full-time,Large (1000-5000),Hybrid,286276.21,"Leadership, SQL, Excel, Machine Learning",1,1,468946.11
26,Male,Master's,Business Analyst,Manufacturing,2.4,Mumbai,Full-time,Large (1000-5000),On-site,942312.93,"Java, SQL",3,0,1244598.38
33,Male,Diploma,Operations Manager,Government,9.6,Delhi NCR,Full-time,Startup (1-50),On-site,1091103.71,"Excel, JavaScript, Machine Learning",0,1,1477473.49
38,Male,High School,UX Designer,Education,14.8,Mumbai,Part-time,Enterprise (5000+),Remote,441001.93,"Leadership, Project Management, Machine Learning, Excel",1,0,686303.07
45,Male,Bachelor's,Customer Support Executive,Healthcare,20.6,Chennai,Full-time,Enterprise (5000+),On-site,497359.5,"Machine Learning, JavaScript, Data Analysis, Project Management, Leadership",0,0,813780.47
45,Male,Bachelor's,Graphic Designer,Healthcare,15.9,Pune,Part-time,Medium (201-1000),Remote,405170.27,"Communication, Java, SQL, Data Analysis",1,0,482949.75
31,Female,Bachelor's,Financial Analyst,Retail,3.8,Ahmedabad,Full-time,Large (1000-5000),Hybrid,571325.52,"Java, Leadership, Excel",2,0,874190.5
26,Female,Bachelor's,Product Manager,Consulting,0.6,Hyderabad,Full-time,Enterprise (5000+),Hybrid,2357685.43,"Data Analysis, Leadership",2,1,3448309.5
33,Female,Diploma,Graphic Designer,Manufacturing,3.5,Chennai,Full-time,Startup (1-50),On-site,372267.39,"SQL, Excel, Project Management, JavaScript, Cloud Computing",2,0,376027.66
25,Female,Bachelor's,Data Scientist,Consulting,1.1,Chennai,Full-time,Medium (201-1000),On-site,1401946.43,"Data Analysis, SQL, Python, Excel, Machine Learning",3,0,1861397.72
35,Male,PhD,HR Manager,Education,8.5,Jaipur,Full-time,Large (1000-5000),Hybrid,1016039.52,"SQL, Data Analysis, Excel, Java",3,1,1740232.15
42,Female,Bachelor's,Sales Manager,Media,11.0,Delhi NCR,Full-time,Startup (1-50),Hybrid,1781866.52,"C++, SQL, Communication, Java, Cloud Computing",1,1,1978268.69
38,Male,Bachelor's,Operations Manager,Finance,10.4,Kolkata,Full-time,Large (1000-5000),Hybrid,1513726.34,"SQL, Machine Learning, Python, Java",1,1,2411384.14
28,Male,Bachelor's,Graphic Designer,Media,2.8,Bangalore,Full-time,Medium (201-1000),Remote,406263.06,"Project Management, Machine Learning",0,0,634202.75
33,Female,Bachelor's,UX Designer,Finance,7.1,Mumbai,Contract,Small (51-200),Remote,1261393.72,"Communication, Project Management",3,0,1369743.37
34,Female,PhD,Marketing Manager,Media,2.8,Hyderabad,Part-time,Enterprise (5000+),Remote,893566.64,"Data Analysis, Python, Java, C++, Leadership",0,1,1461758.08
21,Male,Diploma,HR Executive,Finance,1.9,Delhi NCR,Full-time,Startup (1-50),Hybrid,323500.46,"Communication, Java, SQL, JavaScript, Excel",2,0,536247.47
36,Male,Bachelor's,UX Designer,Government,4.4,Ahmedabad,Freelance,Enterprise (5000+),On-site,675321.46,"Leadership, Python, Java",1,1,1212493.33
26,Female,Bachelor's,Sales Manager,Education,3.0,Remote (India),Full-time,Startup (1-50),On-site,970523.05,"Java, C++, Leadership, Project Management",1,1,1164051.17
22,Male,Bachelor's,Project Manager,Finance,2.4,Delhi NCR,Full-time,Startup (1-50),Hybrid,1560169.51,"Machine Learning, Python, C++",2,1,1798877.28
28,Male,Diploma,Executive Director,Manufacturing,3.8,Remote (India),Full-time,Small (51-200),Hybrid,3000038.59,"Python, Project Management",2,1,3888363.51
34,Female,Bachelor's,Executive Director,Education,10.0,Kolkata,Full-time,Large (1000-5000),Hybrid,3774561.74,"Python, Cloud Computing, Data Analysis, JavaScript, C++",0,1,5626233.69
43,Male,Master's,Administrative Assistant,Finance,12.6,Delhi NCR,Full-time,Enterprise (5000+),Remote,624070.94,"Project Management, Java, JavaScript",1,0,1003330.2
27,Female,Bachelor's,DevOps Engineer,Consulting,6.2,Mumbai,Freelance,Large (1000-5000),Hybrid,2439560.49,"Leadership, Excel, SQL, Python",3,0,2464202.52
33,Female,Bachelor's,DevOps Engineer,Retail,4.5,Ahmedabad,Full-time,Small (51-200),Remote,1251389.35,"C++, SQL",1,0,1264029.65
28,Female,Bachelor's,Sales Executive,Manufacturing,4.3,Ahmedabad,Full-time,Large (1000-5000),Hybrid,606992.43,"Communication, Data Analysis, Leadership, C++",0,1,850402.43
27,Female,Bachelor's,Accountant,Manufacturing,0.1,Remote (India),Full-time,Large (1000-5000),Remote,574289.41,"C++, Data Analysis",1,1,748084.26
32,Male,Diploma,Marketing Manager,Healthcare,1.6,Hyderabad,Part-time,Small (51-200),Remote,615071.04,"Java, JavaScript, Project Management, Leadership, Communication",0,1,758482.9
29,Female,Bachelor's,HR Manager,Media,4.8,Jaipur,Full-time,Medium (201-1000),On-site,965309.95,"Communication, Project Management",3,1,1302570.47
37,Male,Master's,HR Manager,Government,11.4,Delhi NCR,Contract,Small (51-200),Remote,1353472.86,"C++, Data Analysis",0,1,1831009.13
42,Female,Master's,Data Analyst,Media,7.3,Hyderabad,Contract,Enterprise (5000+),On-site,911309.86,"Java, SQL",2,1,1166171.31
30,Female,Master's,Software Engineer,Media,4.3,Hyderabad,Full-time,Medium (201-1000),Hybrid,1083780.72,"Communication, Java, Leadership",1,0,1442180.96
31,Male,Bachelor's,Graphic Designer,Information Technology,4.1,Pune,Full-time,Startup (1-50),Remote,553405.27,"Project Management, C++, Excel, Communication",3,0,752967.23
47,Female,High School,Customer Support Executive,Government,16.9,Kolkata,Part-time,Medium (201-1000),On-site,205567.81,"Python, Leadership",1,1,228417.63
26,Female,High School,DevOps Engineer,Manufacturing,2.4,Ahmedabad,Part-time,Startup (1-50),Remote,325998.72,"SQL, C++, Leadership, Data Analysis, Machine Learning",2,0,626665.77
36,Male,Master's,Senior Software Engineer,Telecommunications,10.3,Remote (India),Full-time,Small (51-200),On-site,2064100.38,"Java, Project Management, Machine Learning, C++, Excel",2,0,2463424.53
21,Female,Bachelor's,Research Scientist,Finance,0.6,Remote (India),Full-time,Startup (1-50),Remote,1362770.85,"Leadership, Cloud Computing, JavaScript",1,0,1438050.01
36,Male,Diploma,Operations Manager,Consulting,15.2,Ahmedabad,Full-time,Startup (1-50),Hybrid,1239899.31,"SQL, Java, Machine Learning, Communication, Excel",2,1,1329422.77
37,Female,Master's,Sales Executive,Media,7.4,Ahmedabad,Contract,Large (1000-5000),Hybrid,550033.97,"C++, JavaScript",1,0,747319.17
31,Female,Master's,Sales Executive,Media,9.3,Jaipur,Full-time,Large (1000-5000),Hybrid,672344.45,"SQL, Python, JavaScript",0,1,915569.89
31,Male,Master's,HR Executive,Consulting,8.2,Chennai,Full-time,Large (1000-5000),Hybrid,799877.25,"Leadership, Cloud Computing",2,0,973869.84
26,Male,Master's,QA Engineer,Information Technology,7.6,Remote (India),Full-time,Small (51-200),Hybrid,1063926.2,"Excel, SQL, C++, Java, Communication",1,1,1472533.66
23,Female,Master's,Executive Director,Finance,1.6,Ahmedabad,Part-time,Large (1000-5000),Hybrid,2697600.85,"JavaScript, Java, C++, Excel, Cloud Computing",1,1,3668355.79
21,Female,Bachelor's,Software Engineer,Healthcare,8.4,Bangalore,Full-time,Medium (201-1000),On-site,1438831.24,"Excel, SQL, C++, Project Management",1,0,1639168.92
37,Male,High School,Executive Director,Information Technology,14.0,Bangalore,Full-time,Medium (201-1000),On-site,4453231.78,"Project Management, Machine Learning, Java, Communication",1,1,6307677.49
32,Male,Bachelor's,Data Scientist,Manufacturing,5.8,Kolkata,Full-time,Large (1000-5000),Remote,,"Communication, Cloud Computing",2,0,1693143.41
30,Female,Bachelor's,HR Manager,Education,7.4,Bangalore,Full-time,Enterprise (5000+),Hybrid,956517.7,"Machine Learning, SQL, C++",2,1,1728229.27
48,Male,Master's,Software Engineer,Education,16.1,Pune,Full-time,Enterprise (5000+),Hybrid,1002524.35,"Communication, Python, JavaScript, Excel",0,0,1703934.12
37,Female,Master's,Sales Manager,Information Technology,3.9,Kolkata,Contract,Startup (1-50),On-site,1361704.32,"C++, Cloud Computing, Excel, JavaScript",1,1,1957495.79
33,Male,Bachelor's,Customer Support Executive,Finance,6.8,Ahmedabad,Full-time,Small (51-200),On-site,451742.61,"Leadership, Communication, Excel",1,1,475976.12
36,Male,Bachelor's,Administrative Assistant,Manufacturing,12.4,Chennai,Full-time,Medium (201-1000),On-site,352558.66,"Java, Data Analysis, Leadership, Communication, Machine Learning",2,0,483231.3
39,Other,Bachelor's,Project Manager,Information Technology,11.0,Mumbai,Full-time,Small (51-200),Hybrid,1845972.16,"JavaScript, Communication, SQL, Project Management, Leadership",0,1,2768282.05
33,Female,Master's,Customer Support Executive,Media,4.4,Ahmedabad,Full-time,Small (51-200),Hybrid,319434.61,"SQL, C++, JavaScript",1,1,479507.63
43,Male,Master's,Content Writer,Education,13.7,Ahmedabad,Contract,Enterprise (5000+),On-site,409320.68,"Communication, JavaScript, Excel",3,0,700200.63
26,Female,Master's,Executive Director,Media,2.1,Ahmedabad,Full-time,Small (51-200),On-site,2990082.51,"Cloud Computing, Python, Machine Learning",2,1,4662821.41
23,Male,Bachelor's,Operations Manager,Manufacturing,4.4,Jaipur,Full-time,Large (1000-5000),Hybrid,1030687.52,"Excel, Communication, C++, Machine Learning, Cloud Computing",3,1,1429675.46
32,Male,Bachelor's,UX Designer,Government,7.6,Pune,Full-time,Enterprise (5000+),On-site,938046.87,"C++, Leadership, Cloud Computing, Communication, Project Management",0,0,1403262.55
33,Female,Master's,HR Executive,Education,3.6,Pune,Full-time,Small (51-200),Hybrid,532084.49,"Project Management, Cloud Computing",3,1,569168.81
28,Female,High School,Graphic Designer,Government,5.0,Bangalore,Full-time,Enterprise (5000+),Remote,350599.6,"JavaScript, Java, Project Management",0,0,595105.07
24,Male,PhD,Graphic Designer,Retail,0.8,Jaipur,Full-time,Enterprise (5000+),On-site,407056.3,"Communication, Java, Data Analysis",0,0,709470.02
38,Female,Master's,Customer Support Executive,Information Technology,12.7,Ahmedabad,Full-time,Medium (201-1000),On-site,492058.83,"C++, Java",2,0,662361.16
41,Female,Master's,DevOps Engineer,Healthcare,10.4,Hyderabad,Full-time,Medium (201-1000),On-site,2238012.79,"Project Management, Python",1,0,3143662.95
40,Female,Bachelor's,Product Manager,Healthcare,15.6,Chennai,Full-time,Small (51-200),Remote,2661377.53,"Communication, Machine Learning, Data Analysis, Python",0,1,3386208.97
30,Male,Bachelor's,Executive Director,Information Technology,3.1,Chennai,Full-time,Small (51-200),Remote,4492102.94,"SQL, Communication",2,1,5611423.26
28,Male,Master's,Data Analyst,Finance,7.9,Remote (India),Full-time,Small (51-200),Hybrid,746709.96,"Python, Data Analysis",2,0,1080657.59
38,Female,Master's,QA Engineer,Media,9.9,Mumbai,Full-time,Medium (201-1000),Hybrid,1041872.89,"Communication, C++, Project Management",3,0,1183851.87
25,Female,Bachelor's,Graphic Designer,Education,3.6,Ahmedabad,Full-time,Startup (1-50),Hybrid,452201.08,"C++, JavaScript",0,1,456768.77
26,Male,Bachelor's,QA Engineer,Media,4.3,Delhi NCR,Full-time,Startup (1-50),On-site,741827.75,"Cloud Computing, Java, Leadership, Project Management",1,1,919659.71
40,Female,Bachelor's,Content Writer,Manufacturing,16.9,Remote (India),Full-time,Large (1000-5000),Hybrid,598240.01,"Java, Project Management, Leadership",1,0,729581.49
25,Male,High School,Product Manager,Telecommunications,1.3,Mumbai,Full-time,Startup (1-50),Remote,1716849.03,"Data Analysis, C++, Machine Learning",1,1,1734190.94
30,Female,Diploma,Graphic Designer,Healthcare,5.8,Remote (India),Full-time,Medium (201-1000),On-site,268754.46,"Excel, C++",2,0,580549.7
33,Male,PhD,Data Scientist,Telecommunications,8.7,Kolkata,Full-time,Small (51-200),On-site,2081755.53,"Project Management, Data Analysis, Java, Machine Learning",1,0,2219853.59
28,Female,Bachelor's,Sales Executive,Healthcare,5.8,Mumbai,Full-time,Small (51-200),Remote,734141.64,"JavaScript, Project Management",0,1,914085.25
36,Female,Master's,Project Manager,Retail,11.9,Remote (India),Full-time,Large (1000-5000),Hybrid,1812615.24,"Machine Learning, Project Management, Java",3,1,2418078.51
43,Male,Bachelor's,Administrative Assistant,Government,14.4,Delhi NCR,Full-time,Startup (1-50),Remote,312126.69,"Communication, Machine Learning",3,1,564184.18
26,Female,Bachelor's,UX Designer,Education,5.5,Chennai,Full-time,Small (51-200),Hybrid,634521.64,"Data Analysis, Communication, SQL, Leadership, Excel",1,0,988233.09
37,Male,Bachelor's,Marketing Manager,Media,13.6,Jaipur,Full-time,Large (1000-5000),On-site,1088774.86,"Excel, Java, Data Analysis, JavaScript, SQL",3,1,1853724.05
28,Female,Bachelor's,Business Analyst,Finance,5.1,Kolkata,Full-time,Large (1000-5000),Remote,726781.8,"Java, Python, Machine Learning, Project Management, Communication",2,0,1244124.31
25,Female,Master's,Financial Analyst,Manufacturing,2.6,Hyderabad,Contract,Small (51-200),Remote,619827.47,"C++, Leadership, Python, Cloud Computing, SQL",3,0,1147284.46
45,Male,Master's,Content Writer,Education,14.2,Bangalore,Full-time,Enterprise (5000+),Remote,536605.89,"Excel, Communication",1,0,762218.3
36,Female,Bachelor's,DevOps Engineer,Finance,9.3,Kolkata,Part-time,Enterprise (5000+),Remote,803897.59,"Excel, Communication, Machine Learning, Project Management, C++",0,0,1387694.81
26,Male,Bachelor's,HR Manager,Media,6.3,Ahmedabad,Full-time,Small (51-200),On-site,1262885.89,"Machine Learning, Python, Leadership",1,1,1279022.59
36,Male,Bachelor's,Business Analyst,Telecommunications,5.6,Bangalore,Full-time,Large (1000-5000),On-site,722922.89,"Java, Python, Cloud Computing",0,0,1195388.45
36,Male,Master's,Marketing Manager,Media,7.7,Kolkata,Full-time,Startup (1-50),On-site,1336256.55,"Leadership, SQL, C++",2,1,1486314.45
31,Female,Master's,Data Scientist,Education,13.0,Delhi NCR,Full-time,Medium (201-1000),Remote,2429861.91,"JavaScript, Python",0,1,2454405.97
30,Female,Bachelor's,Financial Analyst,Information Technology,3.3,Remote (India),Full-time,Medium (201-1000),Hybrid,898393.92,"Leadership, JavaScript, Data Analysis, Project Management, Machine Learning",2,0,1330934.42
32,Female,Bachelor's,UX Designer,Media,8.6,Ahmedabad,Full-time,Large (1000-5000),Hybrid,921464.67,"Project Management, JavaScript, Excel",3,1,1455736.81
27,Male,Diploma,Sales Executive,Government,6.5,Kolkata,Full-time,Startup (1-50),Hybrid,475054.97,"Leadership, C++, Java, SQL",2,0,479853.51
33,Male,Bachelor's,Project Manager,Information Technology,7.2,Jaipur,Part-time,Large (1000-5000),Remote,573355.18,"Java, Machine Learning",1,1,1102335.96
30,Male,Bachelor's,Graphic Designer,Media,11.2,Delhi NCR,Full-time,Enterprise (5000+),On-site,501715.99,"Communication, Machine Learning",1,0,934517.65
28,Female,Bachelor's,Product Manager,Information Technology,3.9,Bangalore,Full-time,Large (1000-5000),On-site,2280193.59,"Leadership, JavaScript, Communication",0,1,4321802.42
26,Female,Bachelor's,Data Analyst,Telecommunications,7.5,Remote (India),Full-time,Startup (1-50),Hybrid,663915.06,"Machine Learning, Data Analysis, Project Management, C++",0,0,670621.27
32,Male,Bachelor's,Accountant,Consulting,13.1,Delhi NCR,Full-time,Large (1000-5000),On-site,924095.86,"SQL, Data Analysis",3,0,1299970.33
35,Male,Master's,Customer Support Executive,Finance,13.6,Delhi NCR,Full-time,Startup (1-50),On-site,505836.1,"Python, Excel, Cloud Computing, C++",3,0,762851.27
28,Female,Bachelor's,Financial Analyst,Media,4.8,Bangalore,Full-time,Startup (1-50),Hybrid,557407.42,"Cloud Computing, Python, Java",0,0,997068.84
43,Male,Diploma,HR Manager,Manufacturing,13.5,Kolkata,Full-time,Enterprise (5000+),On-site,977144.74,"Communication, C++",0,1,1477067.83
36,Female,Bachelor's,Sales Executive,Finance,10.7,Jaipur,Full-time,Startup (1-50),Remote,732533.67,"Project Management, Leadership, Machine Learning, Java",0,1,796647.0
33,Male,PhD,DevOps Engineer,Manufacturing,8.9,Pune,Full-time,Small (51-200),Remote,2503426.23,"Machine Learning, C++, JavaScript",2,0,2816697.02
35,Male,Master's,Customer Support Executive,Consulting,3.1,Hyderabad,Full-time,Small (51-200),Remote,433099.58,"Java, Excel, Project Management, Leadership",3,0,531999.22
30,Female,Bachelor's,Software Engineer,Government,4.5,Hyderabad,Full-time,Small (51-200),Remote,1056870.44,"Java, Data Analysis, Project Management, JavaScript",2,1,1314049.72
40,Male,Bachelor's,Content Writer,Media,7.3,Jaipur,Part-time,Small (51-200),On-site,150547.36,"Java, SQL, Machine Learning, Leadership",1,0,256249.03
24,Male,Master's,Financial Analyst,Finance,2.8,Kolkata,Full-time,Small (51-200),Remote,854108.06,"JavaScript, Project Management, C++",2,0,1140288.3
27,Male,Bachelor's,Sales Executive,Retail,2.2,Hyderabad,Full-time,Enterprise (5000+),Hybrid,,"JavaScript, Excel, Project Management",0,0,692534.94
38,Female,Bachelor's,Product Manager,Retail,9.1,Chennai,Full-time,Small (51-200),Remote,2137650.93,"JavaScript, SQL",1,1,2328996.04
35,Male,Bachelor's,Software Engineer,Education,11.0,Remote (India),Part-time,Small (51-200),Remote,467398.78,"Java, Communication",2,0,505891.67
24,Female,High School,Software Engineer,Government,2.9,Mumbai,Part-time,Small (51-200),Remote,472511.27,"C++, Java",0,0,477284.11
28,Male,Bachelor's,Project Manager,Finance,2.1,Chennai,Full-time,Medium (201-1000),On-site,1433445.82,"Communication, Excel, Machine Learning, C++",0,1,1718611.19
37,Male,Bachelor's,HR Manager,Manufacturing,12.1,Delhi NCR,Full-time,Startup (1-50),On-site,1252769.91,"Data Analysis, Communication, Java",2,1,1531075.49
31,Male,High School,Sales Executive,Finance,5.7,Hyderabad,Full-time,Small (51-200),Remote,595504.83,"Machine Learning, JavaScript, Java, Cloud Computing, Excel",1,1,706070.82
25,Male,Bachelor's,Research Scientist,Government,7.7,Delhi NCR,Full-time,Medium (201-1000),Remote,1277200.93,"Machine Learning, Data Analysis, C++, JavaScript",1,0,2167818.48
29,Male,High School,Sales Executive,Manufacturing,7.3,Bangalore,Full-time,Medium (201-1000),Hybrid,362824.04,"Project Management, Java, SQL",1,0,655525.45
34,Female,Bachelor's,Sales Manager,Manufacturing,9.3,Jaipur,Contract,Small (51-200),On-site,1138965.3,"Machine Learning, SQL, Project Management",1,1,1262656.63
37,Male,Master's,Operations Manager,Retail,14.2,Kolkata,Full-time,Enterprise (5000+),Hybrid,1631080.25,"Data Analysis, Project Management, Java, Leadership",0,1,2888800.79
26,Female,High School,Financial Analyst,Media,0.4,Bangalore,Full-time,Medium (201-1000),On-site,590424.04,"SQL, Python, Leadership, JavaScript, Machine Learning",3,1,964955.27
21,Male,Master's,HR Executive,Retail,0.8,Mumbai,Part-time,Enterprise (5000+),Remote,246367.88,"Communication, SQL, Leadership",2,0,394247.56
31,Female,Master's,Financial Analyst,Education,1.4,Kolkata,Full-time,Small (51-200),On-site,630034.73,"Excel, SQL",0,0,710815.2
27,Female,Bachelor's,HR Manager,Finance,1.7,Delhi NCR,Contract,Small (51-200),Remote,1115137.88,"Python, Java, Machine Learning, JavaScript",2,1,1756268.21
39,Female,Bachelor's,DevOps Engineer,Education,16.0,Hyderabad,Full-time,Enterprise (5000+),Hybrid,1838764.34,"SQL, Cloud Computing, Data Analysis, C++, Leadership",1,0,2411246.85
38,Male,Bachelor's,Data Scientist,Consulting,11.2,Pune,Full-time,Medium (201-1000),Hybrid,1571853.11,"Communication, SQL",0,1,2481950.76
36,Male,Bachelor's,Graphic Designer,Manufacturing,10.8,Jaipur,Full-time,Large (1000-5000),Remote,432475.66,"Leadership, Cloud Computing, JavaScript, Project Management",0,0,694497.28
30,Male,Master's,Executive Director,Finance,8.0,Remote (India),Full-time,Large (1000-5000),Hybrid,6150432.62,"Cloud Computing, Project Management",3,1,8484883.07
33,Female,Master's,Graphic Designer,Government,7.9,Delhi NCR,Full-time,Large (1000-5000),Remote,592877.03,"Java, Python, Excel, Cloud Computing, Project Management",0,0,947432.82
29,Male,Bachelor's,QA Engineer,Manufacturing,2.0,Pune,Full-time,Large (1000-5000),Hybrid,597973.01,"Python, Machine Learning",1,0,923859.14
38,Male,Master's,Executive Director,Retail,11.3,Pune,Part-time,Large (1000-5000),Hybrid,2977459.43,"JavaScript, Leadership, Machine Learning",2,1,4340544.12
31,Male,Master's,Administrative Assistant,Consulting,2.6,Hyderabad,Full-time,Startup (1-50),Hybrid,360867.69,"Communication, Java, Leadership, Cloud Computing, JavaScript",2,0,460209.0
36,Female,Master's,Executive Director,Education,7.0,Hyderabad,Full-time,Small (51-200),Hybrid,3883586.42,"Java, C++, Cloud Computing, Python",3,1,6044937.9
26,Female,Bachelor's,Senior Software Engineer,Government,1.1,Delhi NCR,Part-time,Small (51-200),Remote,591174.44,"SQL, Java",1,0,966981.0
46,Male,Bachelor's,HR Executive,Government,16.7,Chennai,Full-time,Startup (1-50),Remote,400401.03,"Python, JavaScript, Leadership, SQL, Cloud Computing",3,0,575011.89
37,Female,Bachelor's,Business Analyst,Government,8.8,Pune,Full-time,Enterprise (5000+),On-site,733140.07,"Java, C++, SQL, Communication",0,0,1150990.41
33,Male,Master's,Business Analyst,Retail,4.7,Ahmedabad,Contract,Enterprise (5000+),On-site,520780.25,"Project Management, Leadership, C++, Excel",0,0,960470.51
31,Female,High School,Financial Analyst,Education,4.0,Chennai,Full-time,Enterprise (5000+),Hybrid,574055.94,"C++, Machine Learning, Excel",1,1,832887.27
24,Male,Master's,Data Analyst,Healthcare,2.2,Jaipur,Full-time,Enterprise (5000+),Remote,498379.78,"Excel, C++, Data Analysis, Cloud Computing",1,0,994353.19
33,Female,Bachelor's,Administrative Assistant,Information Technology,12.7,Hyderabad,Full-time,Large (1000-5000),On-site,721381.34,"Excel, Communication",3,1,855339.14
32,Male,Bachelor's,Marketing Manager,Media,4.1,Kolkata,Full-time,Medium (201-1000),On-site,1076530.6,"Project Management, Cloud Computing",0,1,1346467.48
26,Female,Bachelor's,Accountant,Telecommunications,4.7,Ahmedabad,Full-time,Startup (1-50),Hybrid,483215.23,"Cloud Computing, Leadership, Excel, JavaScript",3,0,612991.61
22,Male,PhD,Sales Executive,Manufacturing,1.1,Delhi NCR,Full-time,Small (51-200),Hybrid,724794.97,"C++, Leadership, Cloud Computing, Data Analysis, Machine Learning",1,0,846492.12
35,Male,Bachelor's,Customer Support Executive,Healthcare,7.1,Remote (India),Full-time,Small (51-200),On-site,367041.07,"Leadership, Java",3,0,470733.16
21,Male,Bachelor's,Accountant,Finance,2.4,Kolkata,Full-time,Small (51-200),On-site,422462.22,"C++, Python",3,1,767231.01
28,Male,Master's,Administrative Assistant,Government,7.4,Mumbai,Full-time,Medium (201-1000),Remote,432881.45,"JavaScript, Python",0,1,602921.37
26,Female,Diploma,Research Scientist,Consulting,2.0,Kolkata,Full-time,Medium (201-1000),On-site,919114.63,"C++, Excel, Machine Learning, Java, Communication",0,0,1755323.76
44,Female,Bachelor's,Research Scientist,Telecommunications,17.5,Delhi NCR,Full-time,Large (1000-5000),Remote,2529724.42,"Excel, Machine Learning, Python",1,1,3674366.73
25,Male,Bachelor's,Data Analyst,Finance,7.0,Delhi NCR,Full-time,Small (51-200),Remote,743200.26,"SQL, Leadership, Python, C++",3,0,1250842.89
34,Female,Master's,QA Engineer,Information Technology,14.6,Jaipur,Part-time,Medium (201-1000),On-site,434232.12,"Communication, Leadership, Python, Project Management",2,0,793359.89
31,Other,Bachelor's,Administrative Assistant,Media,10.4,Remote (India),Full-time,Small (51-200),Hybrid,367907.91,"Java, Communication, Data Analysis",3,1,467282.33
34,Female,Diploma,DevOps Engineer,Media,5.7,Remote (India),Freelance,Startup (1-50),On-site,865460.86,"Data Analysis, SQL, Python",3,0,1150351.62
27,Female,Bachelor's,Business Analyst,Government,7.1,Remote (India),Full-time,Enterprise (5000+),On-site,583618.43,"Python, Machine Learning, C++, Java",1,0,980673.81
52,Male,Master's,QA Engineer,Consulting,23.9,Kolkata,Full-time,Startup (1-50),On-site,1269457.25,"C++, Communication, Leadership, Project Management",2,0,1282280.05
21,Male,Bachelor's,HR Manager,Education,1.4,Delhi NCR,Full-time,Enterprise (5000+),Remote,731498.44,"SQL, Leadership",3,1,1578153.4
45,Female,Bachelor's,Project Manager,Healthcare,,Hyderabad,Part-time,Startup (1-50),Hybrid,1136739.22,"Machine Learning, Python",2,1,1207405.48
30,Male,Bachelor's,Graphic Designer,Consulting,4.9,Delhi NCR,Full-time,Medium (201-1000),On-site,738369.24,"Data Analysis, SQL, Machine Learning, Communication",3,0,809313.67
38,Male,High School,HR Executive,Manufacturing,16.4,Jaipur,Full-time,Small (51-200),Remote,207620.09,"Machine Learning, C++",3,0,469109.82
36,Female,Diploma,HR Executive,Information Technology,6.6,Ahmedabad,Full-time,Startup (1-50),Hybrid,326707.33,"Cloud Computing, Leadership, Project Management, Excel",3,0,493708.94
30,Female,Bachelor's,Product Manager,Consulting,9.0,Bangalore,Full-time,Enterprise (5000+),On-site,2173090.09,"Java, Machine Learning",1,1,4012775.59
33,Female,Bachelor's,Customer Support Executive,Retail,9.4,Kolkata,Full-time,Startup (1-50),On-site,349713.76,"Data Analysis, Java, Communication",0,0,353246.22
26,Female,Bachelor's,Marketing Manager,Telecommunications,6.8,Jaipur,Full-time,Small (51-200),On-site,1132464.79,"Communication, C++",1,1,1143903.83
36,Female,Master's,Customer Support Executive,Government,6.0,Remote (India),Full-time,Small (51-200),Remote,238485.22,"Data Analysis, Cloud Computing, Machine Learning",2,0,469149.33
35,Male,Master's,HR Executive,Information Technology,5.6,Chennai,Part-time,Small (51-200),Remote,364103.4,"Data Analysis, JavaScript, Excel, Python, Leadership",3,1,510353.61
40,Male,Diploma,Marketing Manager,Manufacturing,11.8,Jaipur,Full-time,Large (1000-5000),On-site,1172170.9,"Machine Learning, Excel, Data Analysis",0,1,1264077.37
32,Male,Master's,DevOps Engineer,Finance,4.4,Hyderabad,Full-time,Enterprise (5000+),On-site,2523101.72,"Excel, Machine Learning",0,0,3017610.36
29,Female,Bachelor's,Data Scientist,Healthcare,7.5,Remote (India),Full-time,Enterprise (5000+),Hybrid,1468602.91,"JavaScript, Java",0,0,1961223.62
30,Male,Master's,Product Manager,Education,3.9,Delhi NCR,Full-time,Small (51-200),On-site,2605968.88,"Project Management, Data Analysis, SQL",0,1,2632291.8
36,Male,Diploma,Financial Analyst,Consulting,14.6,Chennai,Full-time,Medium (201-1000),Hybrid,1090497.08,"Communication, JavaScript, Cloud Computing",1,0,1155751.75
28,Female,Bachelor's,Software Engineer,Telecommunications,4.7,Ahmedabad,Part-time,Startup (1-50),Remote,309503.1,"Java, Project Management",0,0,459363.32
26,Male,Diploma,Data Analyst,Telecommunications,6.9,Mumbai,Full-time,Enterprise (5000+),Hybrid,639181.81,"Excel, Leadership, Data Analysis, Communication",0,0,1129441.6
31,Female,PhD,Customer Support Executive,Consulting,9.6,Jaipur,Full-time,Small (51-200),Hybrid,525926.73,"Communication, SQL, JavaScript",0,0,595521.66
29,Female,Master's,Content Writer,Education,10.6,Chennai,Full-time,Enterprise (5000+),Hybrid,349134.46,"Cloud Computing, Java, Data Analysis, SQL, JavaScript",0,0,695368.62
29,Male,Diploma,Software Engineer,Government,5.5,Hyderabad,Full-time,Large (1000-5000),Remote,678310.45,"SQL, Project Management, Excel, Machine Learning",3,0,1065590.11
30,Male,Diploma,Executive Director,Education,2.6,Jaipur,Full-time,Large (1000-5000),On-site,2114025.55,"Java, Leadership, JavaScript, Project Management",3,1,3065215.57
31,Female,Bachelor's,Content Writer,Healthcare,7.9,Kolkata,Full-time,Small (51-200),Hybrid,305506.1,"Leadership, C++, Cloud Computing, Data Analysis",0,0,579540.12
34,Male,Master's,Software Engineer,Retail,8.0,Pune,Contract,Small (51-200),Remote,917554.52,"SQL, JavaScript, Machine Learning",2,0,1170080.97
27,Female,Bachelor's,Operations Manager,Information Technology,3.8,Chennai,Part-time,Medium (201-1000),Hybrid,827951.7,"Leadership, Cloud Computing, Data Analysis, Machine Learning, Java",0,1,1111596.39
26,Female,Master's,Business Analyst,Media,5.6,Remote (India),Full-time,Large (1000-5000),On-site,666989.21,"SQL, JavaScript, Excel, Communication",0,0,1178346.27
35,Male,Bachelor's,Product Manager,Government,6.3,Pune,Full-time,Startup (1-50),Remote,1622090.25,"JavaScript, Project Management",0,1,2294371.67
31,Female,Master's,Sales Manager,Retail,4.2,Mumbai,Full-time,Enterprise (5000+),Remote,1527340.43,"JavaScript, C++, Leadership, Project Management",2,1,2797601.26
33,Male,Bachelor's,Product Manager,Education,5.9,Ahmedabad,Full-time,Medium (201-1000),Remote,1448372.92,"SQL, Cloud Computing, Leadership, Project Management",1,1,2120223.38
32,Female,Bachelor's,Administrative Assistant,Finance,5.5,Hyderabad,Full-time,Medium (201-1000),On-site,516351.4,"JavaScript, Cloud Computing, Java, Python, Excel",1,1,721261.63
34,Female,Bachelor's,Graphic Designer,Telecommunications,16.2,Remote (India),Full-time,Large (1000-5000),Hybrid,467655.91,"C++, Cloud Computing, Communication, SQL, Data Analysis",0,0,938025.61
27,Male,Master's,HR Manager,Telecommunications,1.1,Jaipur,Full-time,Startup (1-50),Hybrid,965067.9,"C++, SQL",3,1,974816.06
33,Male,Bachelor's,Customer Support Executive,Telecommunications,4.3,Chennai,Full-time,Small (51-200),Hybrid,,"Project Management, Machine Learning, Cloud Computing, C++",2,0,438189.85
36,Female,Bachelor's,Graphic Designer,Consulting,10.7,Pune,Full-time,Enterprise (5000+),On-site,569853.55,"Java, Excel, Machine Learning, Project Management, Communication",2,0,1143236.82
24,Male,Bachelor's,HR Manager,Education,1.1,Mumbai,Full-time,Large (1000-5000),Hybrid,1015126.56,"Data Analysis, Machine Learning, Python, Cloud Computing",1,1,1341481.25
44,Female,Master's,Senior Software Engineer,Retail,16.4,Kolkata,Full-time,Large (1000-5000),On-site,2423335.88,"Project Management, Python",3,1,3238874.85
25,Female,PhD,DevOps Engineer,Finance,10.4,Jaipur,Full-time,Medium (201-1000),On-site,1958829.51,"Project Management, Excel, Leadership",0,1,3349704.7
31,Male,Master's,Project Manager,Finance,8.0,Pune,Full-time,Small (51-200),Hybrid,2158122.85,"Machine Learning, JavaScript, Data Analysis",0,1,2179922.07
23,Male,Bachelor's,Research Scientist,Information Technology,3.0,Pune,Full-time,Medium (201-1000),On-site,1874428.03,"JavaScript, Machine Learning, C++, Communication, Data Analysis",0,0,2187041.09
26,Male,Diploma,Operations Manager,Information Technology,3.8,Mumbai,Full-time,Enterprise (5000+),Remote,1086744.47,"Machine Learning, Cloud Computing",0,1,2306957.72
27,Female,Bachelor's,Senior Software Engineer,Retail,2.3,Hyderabad,Full-time,Enterprise (5000+),Hybrid,1250906.58,"Communication, JavaScript, Java",2,0,2432542.15
27,Male,Master's,Operations Manager,Finance,4.2,Mumbai,Full-time,Startup (1-50),Remote,2217976.88,"Communication, C++, Python, Project Management, Leadership",3,1,2513375.49
21,Female,Master's,Accountant,Telecommunications,2.3,Delhi NCR,Full-time,Enterprise (5000+),Remote,869253.24,"Excel, Communication, Leadership, Project Management, SQL",2,1,1325024.81
33,Male,Master's,QA Engineer,Finance,9.7,Pune,Full-time,Small (51-200),Hybrid,1178607.64,"JavaScript, Java, Machine Learning, Excel, Cloud Computing",2,0,1197187.76
24,Male,Bachelor's,DevOps Engineer,Retail,2.1,Hyderabad,Full-time,Medium (201-1000),Remote,733382.19,"Communication, Cloud Computing",2,0,1579772.42
25,Male,Master's,Business Analyst,Finance,2.2,Kolkata,Full-time,Enterprise (5000+),On-site,829154.03,"C++, Excel",1,0,1246406.46
26,Male,Master's,Project Manager,Government,0.6,Bangalore,Full-time,Startup (1-50),Remote,1698930.35,"C++, Java, Machine Learning, Communication",3,1,1730537.19
31,Female,PhD,Software Engineer,Finance,5.8,Hyderabad,Full-time,Large (1000-5000),Hybrid,1123450.5,"C++, Data Analysis, SQL, Communication, Project Management",2,0,2294870.86
33,Female,Diploma,Financial Analyst,Telecommunications,5.2,Hyderabad,Full-time,Small (51-200),Remote,,"Cloud Computing, Project Management, Leadership",3,0,895004.35
33,Female,High School,QA Engineer,Telecommunications,5.3,Hyderabad,Full-time,Large (1000-5000),On-site,701618.88,"Leadership, Project Management, JavaScript, Data Analysis, C++",0,0,708705.94
28,Male,Diploma,Sales Manager,Education,6.2,Bangalore,Contract,Enterprise (5000+),On-site,962870.09,"C++, Cloud Computing, Communication, Data Analysis, Machine Learning",0,1,1672409.83
40,Male,Master's,Content Writer,Telecommunications,9.5,Pune,Full-time,Enterprise (5000+),On-site,586102.1,"JavaScript, Communication, Excel, Machine Learning",0,0,889983.68
36,Male,Master's,Customer Support Executive,Education,9.7,Mumbai,Freelance,Medium (201-1000),On-site,424218.3,"Communication, C++, Python",2,0,455429.19
29,Female,High School,Product Manager,Telecommunications,10.9,Jaipur,Full-time,Enterprise (5000+),On-site,1295943.7,"Communication, C++, Data Analysis, Cloud Computing, Python",2,1,2673401.08
42,Female,Master's,Product Manager,Information Technology,12.6,Bangalore,Full-time,Medium (201-1000),Remote,3273694.84,"Python, Leadership, C++",1,1,5650495.07
40,Female,Diploma,Customer Support Executive,Manufacturing,15.6,Chennai,Full-time,Enterprise (5000+),Remote,349459.2,"SQL, JavaScript",1,0,519483.44
36,Male,Bachelor's,Marketing Manager,Healthcare,11.8,Pune,Full-time,Enterprise (5000+),Remote,1771038.02,"Java, Data Analysis",0,1,2359577.93
34,Male,Bachelor's,Financial Analyst,Education,2.9,Kolkata,Full-time,Medium (201-1000),Hybrid,486980.77,"Java, Python, Data Analysis, Excel, Project Management",1,0,838899.09
29,Male,Bachelor's,Content Writer,Consulting,7.0,Ahmedabad,Freelance,Medium (201-1000),Remote,444908.93,"JavaScript, Cloud Computing, Data Analysis, C++, Python",1,0,517380.86
29,Female,PhD,Senior Software Engineer,Media,9.6,Hyderabad,Freelance,Large (1000-5000),Remote,2392074.35,"Excel, Python, Leadership, SQL",2,1,3930681.5
29,Male,Bachelor's,QA Engineer,Information Technology,6.5,Remote (India),Part-time,Enterprise (5000+),Remote,352140.84,"SQL, Data Analysis, Machine Learning, Python",1,0,698032.02
26,Male,Master's,HR Executive,Finance,3.9,Bangalore,Full-time,Medium (201-1000),Hybrid,684529.82,"Project Management, Excel, C++, Python",1,0,891168.15
29,Female,Master's,QA Engineer,Finance,6.7,Chennai,Full-time,Startup (1-50),On-site,688461.43,"Cloud Computing, Machine Learning, JavaScript, SQL, Communication",3,0,1228310.59
32,Female,Master's,Marketing Manager,Manufacturing,2.6,Hyderabad,Full-time,Medium (201-1000),On-site,1198340.7,"Project Management, Data Analysis, C++",0,1,1711814.69
41,Male,Master's,Data Scientist,Retail,14.3,Hyderabad,Full-time,Medium (201-1000),Hybrid,1638927.34,"Excel, Communication, Python",0,0,2396299.03
39,Male,Bachelor's,UX Designer,Manufacturing,4.8,Jaipur,Full-time,Small (51-200),Hybrid,744046.2,"Project Management, Data Analysis, C++, Machine Learning",0,1,1046974.27
33,Male,Master's,Business Analyst,Media,5.1,Chennai,Full-time,Large (1000-5000),On-site,559623.25,"C++, Data Analysis, SQL",2,0,1287134.73
30,Female,Bachelor's,HR Manager,Media,4.2,Delhi NCR,Full-time,Medium (201-1000),Remote,1234292.4,"Java, Excel, Machine Learning, C++, JavaScript",3,1,1598361.73
33,Female,Bachelor's,Customer Support Executive,Healthcare,6.6,Pune,Freelance,Enterprise (5000+),Remote,294776.78,"SQL, Python, Project Management, Machine Learning",2,0,593459.39
22,Female,Master's,Sales Executive,Healthcare,4.9,Pune,Contract,Startup (1-50),On-site,561627.08,"SQL, Python, Machine Learning, Cloud Computing",1,0,689412.68
32,Female,Diploma,Graphic Designer,Finance,5.8,Ahmedabad,Full-time,Medium (201-1000),On-site,398936.22,"Cloud Computing, Data Analysis, Excel, SQL, Communication",1,0,560033.83
37,Male,Bachelor's,Customer Support Executive,Finance,5.5,Bangalore,Full-time,Startup (1-50),On-site,443658.08,"SQL, Java, C++, JavaScript",3,0,542283.19
32,Male,Master's,Administrative Assistant,Healthcare,3.1,Jaipur,Full-time,Startup (1-50),Hybrid,323555.95,"Project Management, Excel, Cloud Computing",3,0,343797.82
25,Female,Bachelor's,Senior Software Engineer,Retail,4.5,Kolkata,Full-time,Small (51-200),Hybrid,1646196.49,"Cloud Computing, Leadership",2,1,1798208.58
26,Male,Bachelor's,Data Analyst,Manufacturing,7.6,Delhi NCR,Full-time,Large (1000-5000),On-site,747365.19,"Cloud Computing, Excel",1,0,1021209.31
32,Male,Master's,Data Analyst,Healthcare,12.1,Hyderabad,Full-time,Enterprise (5000+),Remote,1138370.82,"Machine Learning, Data Analysis, Project Management",3,0,1879247.77
26,Female,Bachelor's,Customer Support Executive,Retail,6.4,Chennai,Contract,Large (1000-5000),Hybrid,273210.61,"Excel, Java, Leadership",0,0,431442.91
27,Female,Diploma,UX Designer,Finance,6.9,Chennai,Full-time,Small (51-200),On-site,1126114.03,"JavaScript, Cloud Computing, Data Analysis, Communication",0,0,1137488.92
21,Male,Diploma,Accountant,Education,1.4,Mumbai,Full-time,Large (1000-5000),On-site,528965.11,"SQL, Excel, Project Management",1,0,598369.82
32,Female,Master's,Financial Analyst,Retail,2.4,Hyderabad,Full-time,Enterprise (5000+),Hybrid,983856.77,"Project Management, Communication",1,0,1198782.66
26,Female,Bachelor's,Data Scientist,Manufacturing,4.6,Chennai,Full-time,Startup (1-50),Remote,1210684.43,"Python, Java, Excel, Communication, SQL",3,0,1468084.06
29,Female,Master's,Data Scientist,Retail,4.6,Hyderabad,Full-time,Small (51-200),Remote,1717270.11,"JavaScript, Python, Excel, C++, Cloud Computing",1,0,1778296.33
27,Male,Bachelor's,Software Engineer,Media,1.6,Remote (India),Full-time,Startup (1-50),Remote,756800.32,"Project Management, Python, Communication",1,0,816317.42
32,Male,High School,Data Scientist,Retail,5.7,Delhi NCR,Contract,Medium (201-1000),Remote,928261.44,"C++, Machine Learning",3,0,1217087.48
22,Male,Master's,Data Analyst,Finance,1.7,Bangalore,Full-time,Enterprise (5000+),Remote,1094985.0,"Data Analysis, Machine Learning, Leadership, Java",2,0,1763024.44
35,Female,Bachelor's,Senior Software Engineer,Telecommunications,5.6,Delhi NCR,Full-time,Startup (1-50),On-site,1695983.83,"Leadership, Project Management, C++, Machine Learning",3,0,2199494.25
39,Male,Bachelor's,Accountant,Education,6.6,Mumbai,Freelance,Small (51-200),Hybrid,424524.89,"Excel, Machine Learning, SQL",2,0,496206.75
29,Female,Bachelor's,Executive Director,Information Technology,6.8,Pune,Contract,Medium (201-1000),Remote,5930619.2,"Excel, C++, JavaScript",1,1,6492262.03
35,Male,Master's,Operations Manager,Government,4.4,Bangalore,Full-time,Small (51-200),On-site,1724640.66,"Project Management, JavaScript, Excel, Machine Learning, Python",1,1,1915924.44
27,Male,PhD,Product Manager,Manufacturing,2.2,Hyderabad,Full-time,Small (51-200),Hybrid,2244169.51,"Java, Cloud Computing, Python, Excel",0,1,3162169.9
24,Male,Master's,Data Scientist,Retail,4.3,Hyderabad,Full-time,Small (51-200),Remote,1325349.13,"Python, Communication, SQL",2,0,1553672.69
34,Other,Diploma,Accountant,Media,5.2,Bangalore,Full-time,Medium (201-1000),Remote,518374.56,"Project Management, Machine Learning, Communication, JavaScript",2,0,699095.59
25,Male,High School,Senior Software Engineer,Telecommunications,1.9,Bangalore,Contract,Large (1000-5000),On-site,961535.57,"Leadership, SQL, Excel",2,0,1773534.06
27,Female,Master's,Product Manager,Finance,3.5,Chennai,Contract,Small (51-200),On-site,3081321.09,"Communication, Machine Learning, JavaScript, Project Management",0,1,3112445.55
24,Male,Bachelor's,HR Manager,Media,1.3,Pune,Full-time,Startup (1-50),Remote,833099.97,"Excel, SQL",2,1,1267878.61
29,Male,Master's,Graphic Designer,Information Technology,6.6,Bangalore,Full-time,Large (1000-5000),Hybrid,808146.21,"JavaScript, Leadership, Java, Communication",0,0,1239119.59
39,Female,Bachelor's,Accountant,Media,14.5,Chennai,Full-time,Startup (1-50),Hybrid,643674.2,"Python, Leadership, Machine Learning, Data Analysis, C++",3,0,816903.94
34,Male,Bachelor's,Data Analyst,Finance,9.8,Delhi NCR,Full-time,Medium (201-1000),On-site,681270.03,"C++, JavaScript, Leadership, Machine Learning, Project Management",0,0,1121658.16
40,Male,Bachelor's,HR Executive,Education,8.9,Jaipur,Full-time,Startup (1-50),On-site,325046.07,"Data Analysis, JavaScript",3,0,379047.3
26,Female,Bachelor's,UX Designer,Manufacturing,2.3,Remote (India),Full-time,Medium (201-1000),On-site,905353.53,"Communication, Data Analysis, Python",0,0,961959.48
32,Female,Bachelor's,Project Manager,Retail,5.3,Chennai,Full-time,Small (51-200),On-site,1070494.28,"Cloud Computing, JavaScript, Leadership, C++",2,1,1470668.17
29,Male,Master's,Business Analyst,Information Technology,3.5,Chennai,Full-time,Large (1000-5000),Remote,708568.27,"SQL, Java, Data Analysis",0,0,1414585.71
34,Male,Bachelor's,Business Analyst,Healthcare,5.2,Chennai,Full-time,Medium (201-1000),On-site,721831.15,"SQL, JavaScript, Excel, Machine Learning, Cloud Computing",2,0,1168730.62
30,Male,Bachelor's,Financial Analyst,Government,2.7,Bangalore,Contract,Enterprise (5000+),On-site,578052.52,"SQL, Machine Learning",3,0,1280825.65
35,Male,High School,Sales Manager,Education,13.5,Remote (India),Contract,Startup (1-50),Hybrid,612777.55,"Java, Machine Learning, Python, Cloud Computing",2,1,1182350.85
32,Male,Master's,Sales Manager,Retail,9.3,Chennai,Full-time,Medium (201-1000),On-site,1468173.3,"Java, JavaScript, Communication",2,1,2167899.36
29,Female,Bachelor's,Customer Support Executive,Consulting,4.7,Delhi NCR,Full-time,Startup (1-50),Hybrid,431375.74,"Data Analysis, Machine Learning, Leadership, Python",2,0,510045.9
21,Male,Master's,Data Scientist,Manufacturing,3.9,Hyderabad,Full-time,Startup (1-50),Hybrid,1788565.08,"C++, Communication, Data Analysis, Cloud Computing",1,1,1857015.13
30,Female,High School,Data Analyst,Finance,3.0,Chennai,Full-time,Enterprise (5000+),Remote,567944.06,"SQL, JavaScript, Excel",3,0,789269.07
28,Male,High School,DevOps Engineer,Information Technology,8.2,Mumbai,Full-time,Enterprise (5000+),Hybrid,1423869.25,"Data Analysis, JavaScript, Python, Java, Project Management",3,0,2791999.1
31,Male,Bachelor's,Executive Director,Education,2.3,Delhi NCR,Full-time,Startup (1-50),Hybrid,3087011.17,"Project Management, Leadership, Java",1,1,3844256.02
44,Male,Master's,HR Executive,Government,20.9,Ahmedabad,Contract,Medium (201-1000),Remote,556338.9,"SQL, Cloud Computing, Java",0,0,714786.0
27,Female,Master's,UX Designer,Consulting,5.8,Pune,Full-time,Medium (201-1000),On-site,1335201.59,"Excel, Data Analysis, C++, JavaScript, Communication",3,0,1763270.78
29,Male,Bachelor's,Research Scientist,Education,7.6,Delhi NCR,Part-time,Medium (201-1000),Remote,732419.81,"Java, Project Management",1,0,961549.53
38,Female,PhD,Financial Analyst,Consulting,14.3,Pune,Full-time,Medium (201-1000),On-site,1534288.12,"Project Management, Excel, Java, Machine Learning, Communication",0,0,2054589.85
37,Male,Master's,Product Manager,Retail,10.0,Mumbai,Full-time,Enterprise (5000+),On-site,2356730.78,"Leadership, Python, Cloud Computing",2,1,5072690.06
24,Male,Diploma,Product Manager,Finance,6.7,Chennai,Full-time,Small (51-200),On-site,1636010.0,"Leadership, Java, SQL",0,1,2389510.23
24,Female,Diploma,Customer Support Executive,Manufacturing,4.4,Kolkata,Full-time,Startup (1-50),Hybrid,257794.97,"Cloud Computing, C++, Leadership, JavaScript, Python",1,0,310655.6
28,Male,Bachelor's,HR Manager,Consulting,7.3,Ahmedabad,Full-time,Small (51-200),Remote,1303225.73,"Machine Learning, Communication",2,1,1316389.62
29,Male,Bachelor's,Research Scientist,Finance,4.9,Remote (India),Contract,Enterprise (5000+),Hybrid,1446238.3,"Machine Learning, Cloud Computing, Communication",1,0,1923826.35
30,Female,Diploma,Content Writer,Retail,2.8,Kolkata,Full-time,Startup (1-50),Remote,234597.2,"Leadership, Cloud Computing, Excel, Machine Learning, Java",1,0,334197.61
35,Male,Master's,Graphic Designer,Telecommunications,7.6,Jaipur,Full-time,Startup (1-50),Hybrid,520577.8,"Leadership, C++, Project Management",1,0,688197.93
27,Female,Master's,Financial Analyst,Media,1.9,Pune,Contract,Small (51-200),Remote,952294.73,"SQL, Excel, Communication, C++, Machine Learning",0,0,961913.87
30,Male,Master's,Executive Director,Telecommunications,12.0,Bangalore,Full-time,Startup (1-50),Remote,3436438.95,"Leadership, Cloud Computing",3,1,7939225.93
28,Female,Diploma,Executive Director,Government,2.3,Kolkata,Full-time,Large (1000-5000),Hybrid,2647735.23,"C++, Java, Communication",2,1,3592344.88
29,Female,Master's,Sales Manager,Telecommunications,2.4,Kolkata,Full-time,Enterprise (5000+),On-site,1732076.87,"Machine Learning, JavaScript",1,1,2292621.2
33,Male,Bachelor's,Content Writer,Government,13.9,Pune,Full-time,Startup (1-50),On-site,487012.64,"Leadership, Excel, Machine Learning",2,0,491931.96
29,Male,Bachelor's,Senior Software Engineer,Government,4.1,Bangalore,Contract,Startup (1-50),Remote,1408071.72,"JavaScript, Java",1,0,1776200.17
35,Male,PhD,Executive Director,Consulting,7.9,Ahmedabad,Full-time,Large (1000-5000),Remote,5994387.68,"JavaScript, Cloud Computing, C++",3,1,8180402.85
38,Male,Bachelor's,Research Scientist,Government,11.7,Jaipur,Freelance,Medium (201-1000),Hybrid,771559.73,"JavaScript, Project Management, Cloud Computing",3,0,1535214.49
30,Male,Diploma,Business Analyst,Media,4.1,Jaipur,Full-time,Small (51-200),Hybrid,486954.98,"JavaScript, Machine Learning, Cloud Computing, Data Analysis",2,0,599798.1
32,Male,Master's,UX Designer,Government,2.7,Chennai,Full-time,Large (1000-5000),Remote,1212221.86,"C++, Machine Learning, Project Management, Excel",0,0,1381233.35
32,Female,Bachelor's,Product Manager,Telecommunications,6.9,Bangalore,Full-time,Small (51-200),On-site,3249397.16,"Data Analysis, SQL, Java",2,1,3324739.02
29,Female,Bachelor's,Senior Software Engineer,Finance,0.3,Chennai,Full-time,Enterprise (5000+),Hybrid,1682249.98,"JavaScript, Java, SQL, Python, Machine Learning",2,0,2731070.45
36,Female,Bachelor's,Sales Executive,Finance,,Delhi NCR,Full-time,Enterprise (5000+),On-site,782120.05,"Excel, Java, Project Management, Leadership",2,0,1522412.13
27,Male,Diploma,Software Engineer,Government,2.7,Bangalore,Freelance,Enterprise (5000+),Remote,525965.47,"SQL, Excel, Communication, Leadership, JavaScript",2,0,1101480.05
33,Male,Bachelor's,QA Engineer,Consulting,10.2,Remote (India),Full-time,Large (1000-5000),On-site,847285.83,"C++, Leadership, Data Analysis",1,1,1409223.85
29,Male,High School,Research Scientist,Healthcare,2.5,Chennai,Full-time,Medium (201-1000),Remote,859590.07,"Java, Machine Learning",1,0,1415735.43
50,Female,PhD,HR Executive,Healthcare,21.1,Mumbai,Full-time,Medium (201-1000),Hybrid,1216663.57,"Python, Cloud Computing",0,0,1272946.41
25,Female,Bachelor's,Executive Director,Education,0.4,Hyderabad,Full-time,Large (1000-5000),On-site,1682174.92,"Communication, Data Analysis, SQL, Machine Learning",0,1,4506208.41
42,Male,Bachelor's,Customer Support Executive,Healthcare,22.4,Bangalore,Freelance,Enterprise (5000+),Hybrid,559711.48,"Communication, JavaScript",0,1,943198.73
23,Other,Bachelor's,Financial Analyst,Media,1.8,Delhi NCR,Full-time,Large (1000-5000),Remote,628538.72,"SQL, Java, Communication, Python, Data Analysis",1,0,1132978.93
41,Male,Bachelor's,HR Manager,Finance,10.2,Hyderabad,Full-time,Enterprise (5000+),Hybrid,1778402.59,"Cloud Computing, Machine Learning, Leadership, Project Management, Java",3,1,2895139.23
32,Female,Bachelor's,Sales Executive,Information Technology,,Ahmedabad,Part-time,Small (51-200),Hybrid,267914.42,"JavaScript, C++, SQL",2,0,367680.87
29,Male,Bachelor's,Product Manager,Information Technology,2.5,Jaipur,Full-time,Small (51-200),Hybrid,1662441.26,"Java, Project Management, Excel, Python",1,1,2564503.48
32,Female,Master's,Accountant,Manufacturing,6.7,Chennai,Contract,Medium (201-1000),On-site,669305.25,"Python, SQL, Java",2,0,811566.66
30,Male,PhD,QA Engineer,Manufacturing,5.3,Pune,Full-time,Startup (1-50),On-site,,"Machine Learning, C++",2,0,940814.35
37,Male,Master's,Project Manager,Consulting,7.1,Hyderabad,Full-time,Medium (201-1000),Hybrid,1942415.07,"Excel, Data Analysis, Communication, Machine Learning",2,1,3041151.89
27,Male,Bachelor's,Software Engineer,Manufacturing,5.7,Ahmedabad,Full-time,Large (1000-5000),Remote,859795.03,"Excel, C++, Communication, Java, SQL",2,0,976801.65
29,Male,Master's,Financial Analyst,Media,3.2,Jaipur,Freelance,Small (51-200),On-site,717436.77,"Leadership, SQL, Project Management, Data Analysis, Excel",1,0,744119.68
36,Male,Bachelor's,DevOps Engineer,Information Technology,13.5,Hyderabad,Full-time,Enterprise (5000+),On-site,2017182.2,"C++, SQL, Cloud Computing",2,0,3412120.7
26,Female,Master's,Sales Manager,Government,5.4,Hyderabad,Full-time,Large (1000-5000),Hybrid,1543591.43,"Java, Excel, C++, Python, Leadership",0,1,2508509.61
34,Male,High School,Data Scientist,Consulting,9.5,Bangalore,Full-time,Medium (201-1000),Hybrid,1290983.78,"Java, Project Management",0,0,1757903.55
45,Female,Bachelor's,Business Analyst,Telecommunications,17.2,Bangalore,Full-time,Medium (201-1000),Remote,1167233.55,"Project Management, Python, Excel, JavaScript",0,0,1393152.99
29,Female,Bachelor's,Operations Manager,Healthcare,9.5,Remote (India),Contract,Small (51-200),Hybrid,1025518.88,"Python, SQL, C++",3,1,1580619.5
31,Female,Master's,Financial Analyst,Manufacturing,4.3,Bangalore,Full-time,Small (51-200),Remote,1115025.5,"JavaScript, Leadership, SQL, Machine Learning, Java",0,1,1377554.26
21,Male,Master's,Accountant,Information Technology,1.6,Hyderabad,Full-time,Medium (201-1000),On-site,636445.99,"JavaScript, Leadership, Machine Learning",3,0,991623.79
28,Male,Bachelor's,HR Executive,Education,3.0,Ahmedabad,Full-time,Enterprise (5000+),Hybrid,283322.12,"C++, Excel, Python",1,0,458801.74
51,Female,Bachelor's,Senior Software Engineer,Consulting,25.1,Remote (India),Full-time,Startup (1-50),Remote,2090238.36,"C++, Project Management, Data Analysis, Java, Python",1,0,3319697.68
28,Female,Bachelor's,Administrative Assistant,Education,3.8,Chennai,Full-time,Large (1000-5000),Remote,255775.31,"Java, Communication, Python, Cloud Computing, C++",1,0,369759.56
34,Male,Bachelor's,HR Executive,Telecommunications,5.3,Delhi NCR,Full-time,Medium (201-1000),Hybrid,645184.11,"Java, Python, Communication, Excel, Leadership",0,0,756116.26
28,Female,Diploma,Administrative Assistant,Healthcare,1.8,Pune,Full-time,Small (51-200),Remote,253208.3,"SQL, Communication, Machine Learning, Project Management",0,0,333366.39
28,Male,High School,Research Scientist,Media,7.1,Hyderabad,Part-time,Large (1000-5000),Hybrid,436771.12,"Cloud Computing, Python, JavaScript, Communication",1,0,924894.51
28,Female,High School,HR Executive,Information Technology,2.6,Pune,Full-time,Large (1000-5000),On-site,377596.48,"Python, Cloud Computing, Leadership",2,0,495265.5
36,Male,Bachelor's,UX Designer,Education,8.7,Chennai,Full-time,Enterprise (5000+),Remote,848125.9,"SQL, Data Analysis, C++, Python, Project Management",2,0,1600362.68
25,Female,Bachelor's,Operations Manager,Government,1.1,Chennai,Full-time,Small (51-200),On-site,1124130.29,"Excel, Java, Data Analysis, Project Management",2,1,1249373.14
30,Female,Bachelor's,Operations Manager,Healthcare,9.3,Jaipur,Full-time,Large (1000-5000),On-site,1006025.08,"JavaScript, Python, Data Analysis",2,1,1813846.7
37,Female,Bachelor's,Content Writer,Finance,11.5,Remote (India),Full-time,Startup (1-50),Remote,435711.02,"Machine Learning, SQL, Excel",0,0,617109.48
22,Male,Master's,Content Writer,Consulting,4.5,Delhi NCR,Full-time,Enterprise (5000+),Remote,659352.04,"Project Management, Data Analysis, Cloud Computing",1,0,1096047.5
38,Male,Bachelor's,Research Scientist,Information Technology,13.0,Pune,Full-time,Startup (1-50),Remote,1919571.4,"Cloud Computing, Excel, Project Management",0,1,2355117.52
26,Male,PhD,Graphic Designer,Finance,4.6,Jaipur,Full-time,Enterprise (5000+),Hybrid,500697.43,"Python, Data Analysis, JavaScript, Excel, SQL",1,1,1149794.73
28,Female,Master's,Data Analyst,Finance,3.9,Jaipur,Part-time,Small (51-200),On-site,397871.14,"Project Management, Data Analysis",1,0,401890.04
30,Male,Bachelor's,Marketing Manager,Manufacturing,9.9,Ahmedabad,Full-time,Startup (1-50),Hybrid,673950.53,"Cloud Computing, Excel, Machine Learning, Communication, Data Analysis",1,1,1237157.85
46,Female,Diploma,Business Analyst,Manufacturing,20.7,Pune,Full-time,Enterprise (5000+),Hybrid,962224.53,"Excel, JavaScript, Data Analysis, Communication",1,0,1383892.33
23,Male,Bachelor's,Software Engineer,Healthcare,2.9,Remote (India),Freelance,Enterprise (5000+),On-site,756834.8,"Cloud Computing, Communication, Java, Project Management, JavaScript",1,0,1113744.22
38,Male,Bachelor's,Financial Analyst,Manufacturing,12.9,Ahmedabad,Full-time,Startup (1-50),Remote,718387.3,"SQL, Python, C++, JavaScript, Machine Learning",2,0,977480.98
36,Male,Master's,Executive Director,Retail,5.6,Kolkata,Full-time,Startup (1-50),On-site,3562508.54,"Java, JavaScript, Project Management, Excel, Communication",2,1,4722532.52
30,Male,Master's,Research Scientist,Finance,6.0,Chennai,Full-time,Small (51-200),Hybrid,2185123.75,"SQL, Communication, Data Analysis, Java, Python",1,0,2364235.18
22,Female,Bachelor's,Product Manager,Telecommunications,5.6,Hyderabad,Full-time,Medium (201-1000),On-site,3023269.4,"Project Management, Leadership",2,1,3053807.48
29,Male,Bachelor's,UX Designer,Information Technology,4.4,Pune,Full-time,Startup (1-50),Remote,976744.85,"Data Analysis, Python, Cloud Computing, SQL",3,0,1510156.3
21,Male,Bachelor's,Sales Executive,Telecommunications,3.8,Kolkata,Full-time,Enterprise (5000+),Remote,486395.25,"C++, JavaScript, Communication, Excel, Cloud Computing",0,0,754893.38
34,Female,PhD,Executive Director,Media,5.2,Ahmedabad,Full-time,Large (1000-5000),Remote,4565968.78,"Machine Learning, JavaScript, Leadership, Excel, Java",0,1,6745621.77
46,Female,Bachelor's,Sales Manager,Retail,14.3,Delhi NCR,Full-time,Startup (1-50),Hybrid,1747190.45,"Excel, Communication",0,1,1764838.84
35,Female,Bachelor's,Sales Executive,Retail,6.5,Jaipur,Full-time,Enterprise (5000+),On-site,348197.7,"Data Analysis, Project Management, JavaScript, Leadership, Excel",3,1,724017.46
34,Male,Bachelor's,Business Analyst,Telecommunications,5.6,Hyderabad,Full-time,Small (51-200),On-site,687266.66,"Leadership, Project Management, SQL",2,0,992797.25
31,Male,Diploma,Administrative Assistant,Telecommunications,4.6,Kolkata,Full-time,Startup (1-50),On-site,242506.33,"Data Analysis, JavaScript, Java",1,0,256251.47
30,Female,Bachelor's,Financial Analyst,Manufacturing,3.4,Bangalore,Full-time,Medium (201-1000),On-site,530397.03,"Java, JavaScript, SQL",2,1,1163442.69
30,Male,PhD,Content Writer,Telecommunications,0.9,Jaipur,Full-time,Medium (201-1000),Remote,354776.79,"Cloud Computing, SQL, Machine Learning",0,0,564806.64
32,Male,Bachelor's,Senior Software Engineer,Consulting,3.6,Remote (India),Full-time,Startup (1-50),Hybrid,1854712.73,"Data Analysis, Python, Communication, Java",3,1,2369040.07
48,Female,Bachelor's,Research Scientist,Manufacturing,13.4,Mumbai,Full-time,Startup (1-50),Remote,1455551.03,"C++, Data Analysis, Leadership, Cloud Computing, Machine Learning",3,0,2501873.18
28,Male,Master's,Project Manager,Government,8.2,Bangalore,Contract,Enterprise (5000+),On-site,1063520.62,"Data Analysis, Python, JavaScript, Communication, C++",2,1,2473680.64
28,Male,Bachelor's,Research Scientist,Consulting,6.2,Delhi NCR,Full-time,Medium (201-1000),Hybrid,1229500.46,"Python, Communication, Project Management, Excel",2,0,2341493.02
38,Male,Bachelor's,Financial Analyst,Consulting,8.3,Ahmedabad,Full-time,Medium (201-1000),Hybrid,678812.49,"SQL, Leadership",2,0,1076456.33
25,Male,Master's,DevOps Engineer,Education,4.6,Kolkata,Freelance,Startup (1-50),Remote,971241.13,"Leadership, JavaScript, Communication, Data Analysis",2,1,1427178.66
23,Female,Bachelor's,Operations Manager,Information Technology,4.7,Chennai,Full-time,Small (51-200),On-site,1488354.72,"SQL, Communication, Excel, Cloud Computing",1,1,1716527.43
24,Male,Bachelor's,Sales Executive,Manufacturing,5.7,Jaipur,Part-time,Medium (201-1000),Hybrid,234090.98,"Leadership, SQL",3,1,395224.04
38,Male,Bachelor's,Sales Executive,Telecommunications,6.1,Chennai,Contract,Large (1000-5000),Hybrid,516370.84,"Leadership, Python, JavaScript",3,0,811903.08
31,Male,Bachelor's,Project Manager,Information Technology,3.8,Remote (India),Full-time,Small (51-200),Remote,1172608.48,"C++, Project Management",2,1,1564221.9
22,Female,Bachelor's,Research Scientist,Healthcare,1.4,Mumbai,Full-time,Medium (201-1000),Hybrid,1723826.31,"C++, Excel, Communication",2,1,2239099.17
37,Male,Bachelor's,Product Manager,Government,8.3,Ahmedabad,Full-time,Startup (1-50),Remote,1566287.84,"JavaScript, Communication",1,1,1582108.93
32,Female,Bachelor's,Senior Software Engineer,Consulting,8.7,Jaipur,Full-time,Enterprise (5000+),Remote,1634618.39,"Cloud Computing, Data Analysis, SQL, Java",3,0,2594828.2
37,Male,PhD,Accountant,Telecommunications,14.1,Remote (India),Full-time,Medium (201-1000),On-site,787668.52,"SQL, Python, Leadership, C++",0,0,1188297.03
37,Female,Bachelor's,Data Analyst,Education,5.5,Hyderabad,Full-time,Large (1000-5000),Hybrid,770775.04,"JavaScript, Excel, Cloud Computing, Data Analysis, Python",2,0,903860.21
36,Female,Bachelor's,Data Scientist,Government,8.5,Mumbai,Freelance,Large (1000-5000),Remote,1911800.85,"Excel, C++, SQL, Project Management, Machine Learning",1,0,1989678.57
30,Male,Bachelor's,Software Engineer,Media,3.1,Remote (India),Full-time,Small (51-200),On-site,886224.69,"C++, Cloud Computing, Python, Java",2,1,1117268.4
25,Male,Master's,Financial Analyst,Consulting,5.7,Remote (India),Full-time,Medium (201-1000),Hybrid,853570.21,"JavaScript, Data Analysis, Leadership, Python",3,0,1431392.99
26,Female,Master's,Data Analyst,Telecommunications,1.0,Mumbai,Full-time,Medium (201-1000),Remote,1095260.71,"Python, C++, Excel, Machine Learning",1,0,1210301.79
29,Male,Master's,QA Engineer,Healthcare,5.6,Remote (India),Full-time,Startup (1-50),On-site,944089.45,"Project Management, Excel",1,0,1006170.07
33,Female,Bachelor's,Sales Manager,Education,6.0,Jaipur,Full-time,Small (51-200),Hybrid,1207205.92,"JavaScript, Machine Learning, Excel, Python, Leadership",1,1,1219399.92
41,Female,Master's,Sales Executive,Retail,16.2,Bangalore,Full-time,Small (51-200),On-site,789571.38,"C++, Data Analysis, Communication, SQL, Cloud Computing",2,0,1105370.37
23,Male,Bachelor's,Project Manager,Retail,2.2,Pune,Contract,Small (51-200),Hybrid,849966.38,"Java, Communication, Project Management, C++",2,1,1309039.93
32,Female,Bachelor's,Administrative Assistant,Finance,,Delhi NCR,Full-time,Large (1000-5000),Hybrid,513043.3,"Cloud Computing, Machine Learning",2,1,663129.73
45,Male,Master's,Executive Director,Retail,20.6,Jaipur,Full-time,Startup (1-50),Remote,,"JavaScript, Leadership",0,1,5142977.16
42,Female,Diploma,Administrative Assistant,Healthcare,8.3,Pune,Full-time,Large (1000-5000),On-site,255338.9,"Cloud Computing, JavaScript, SQL",0,0,446938.26
35,Female,Bachelor's,Financial Analyst,Finance,4.5,Hyderabad,Full-time,Enterprise (5000+),On-site,836097.89,"Machine Learning, Communication",2,0,1502027.87
32,Female,Master's,Marketing Manager,Information Technology,6.2,Chennai,Full-time,Small (51-200),On-site,1638837.73,"Excel, Python, Data Analysis, Java",2,1,2136359.46
24,Female,Bachelor's,Content Writer,Telecommunications,1.7,Hyderabad,Full-time,Enterprise (5000+),Hybrid,490684.0,"Leadership, SQL, Cloud Computing, Data Analysis",1,0,731021.82
30,Female,Bachelor's,UX Designer,Media,3.2,Pune,Full-time,Large (1000-5000),On-site,975480.93,"JavaScript, Cloud Computing, Machine Learning, Python",0,0,1423387.64
33,Female,Bachelor's,Accountant,Finance,11.2,Chennai,Full-time,Large (1000-5000),On-site,676658.04,"Excel, Data Analysis, Machine Learning, Cloud Computing, Leadership",1,0,1008011.72
27,Female,High School,Data Scientist,Retail,1.5,Remote (India),Contract,Enterprise (5000+),Hybrid,744136.16,"Data Analysis, SQL, Python, Project Management, Cloud Computing",3,0,1167778.08
24,Male,Bachelor's,Marketing Manager,Information Technology,10.6,Jaipur,Part-time,Large (1000-5000),Remote,784911.59,"SQL, Machine Learning, Communication, JavaScript",3,1,1136811.91
35,Male,Bachelor's,Research Scientist,Education,6.9,Delhi NCR,Full-time,Medium (201-1000),On-site,1248525.15,"Java, Data Analysis",1,0,1561976.8
29,Male,Bachelor's,Sales Executive,Manufacturing,4.2,Hyderabad,Full-time,Medium (201-1000),On-site,622314.91,"Communication, Data Analysis, Cloud Computing, Machine Learning",2,1,806860.66
32,Male,Master's,Senior Software Engineer,Telecommunications,7.7,Kolkata,Full-time,Medium (201-1000),Remote,1275458.14,"Machine Learning, Leadership",2,0,2499638.53
32,Other,Master's,Content Writer,Consulting,3.3,Bangalore,Full-time,Startup (1-50),Hybrid,418702.28,"Excel, JavaScript",2,0,642004.29
41,Female,Bachelor's,Sales Manager,Information Technology,11.8,Mumbai,Full-time,Small (51-200),Hybrid,2040128.72,"Machine Learning, Python, Data Analysis, Leadership, C++",2,1,3067792.78
27,Male,Bachelor's,Operations Manager,Retail,4.3,Kolkata,Part-time,Small (51-200),On-site,462525.86,"SQL, Machine Learning, Communication, Leadership, Python",3,1,753333.1
37,Female,Master's,Operations Manager,Manufacturing,9.6,Bangalore,Full-time,Medium (201-1000),Hybrid,,"Machine Learning, Data Analysis, Cloud Computing, Excel, JavaScript",0,1,2489338.04
30,Other,High School,QA Engineer,Telecommunications,10.5,Ahmedabad,Full-time,Small (51-200),Remote,354943.14,"Python, Communication",1,0,557948.61
32,Female,Bachelor's,HR Executive,Healthcare,3.2,Hyderabad,Freelance,Small (51-200),Hybrid,333524.46,"Data Analysis, Project Management, C++, Communication",3,0,496192.36
37,Male,Master's,Data Scientist,Consulting,8.9,Pune,Full-time,Medium (201-1000),Remote,1799908.85,"Data Analysis, Leadership",1,0,2415751.7
28,Male,Master's,HR Manager,Information Technology,6.0,Bangalore,Full-time,Small (51-200),On-site,1436129.83,"Python, Data Analysis, Communication",2,1,2565667.83
45,Male,Master's,Senior Software Engineer,Education,17.7,Delhi NCR,Part-time,Medium (201-1000),On-site,1861151.25,"Leadership, C++, Data Analysis, SQL, Project Management",1,1,2182725.51
34,Female,Bachelor's,Graphic Designer,Finance,6.2,Mumbai,Contract,Startup (1-50),On-site,555567.2,"SQL, Machine Learning, Excel, Java",3,0,609662.76
27,Male,Diploma,Financial Analyst,Manufacturing,3.9,Hyderabad,Full-time,Large (1000-5000),Hybrid,552186.38,"SQL, Excel, Cloud Computing",2,0,961948.61
30,Female,Bachelor's,Research Scientist,Retail,8.8,Chennai,Full-time,Medium (201-1000),Remote,1803208.5,"JavaScript, Java",1,1,1821422.73
39,Male,Bachelor's,Customer Support Executive,Information Technology,15.2,Delhi NCR,Full-time,Enterprise (5000+),On-site,605128.64,"Communication, Python, C++, Cloud Computing",0,0,914805.24
37,Male,Bachelor's,Software Engineer,Government,7.2,Pune,Full-time,Startup (1-50),Hybrid,870194.86,"Java, JavaScript, C++, Data Analysis, Excel",2,0,878984.71
30,Male,Bachelor's,UX Designer,Telecommunications,6.1,Delhi NCR,Contract,Large (1000-5000),Remote,1122183.93,"Project Management, Leadership, C++, SQL, Python",1,1,2071549.08
39,Male,Bachelor's,Business Analyst,Education,11.5,Jaipur,Full-time,Small (51-200),On-site,555510.68,"Project Management, Python, Machine Learning, SQL",1,0,731361.69
29,Male,Master's,Content Writer,Information Technology,6.2,Kolkata,Freelance,Large (1000-5000),Remote,426356.61,"JavaScript, Python, Project Management",0,0,642401.24
25,Female,Bachelor's,UX Designer,Information Technology,1.1,Hyderabad,Contract,Large (1000-5000),On-site,1227049.92,"SQL, Communication, Leadership, Java",2,0,1499406.95
33,Female,Master's,Data Scientist,Government,11.7,Chennai,Full-time,Small (51-200),On-site,1844677.55,"Leadership, Project Management",2,0,1863310.66
23,Female,Bachelor's,Data Analyst,Information Technology,3.9,Bangalore,Full-time,Medium (201-1000),Hybrid,1028893.38,"Excel, Leadership",2,0,1208137.19
38,Male,Bachelor's,Administrative Assistant,Consulting,13.4,Pune,Full-time,Startup (1-50),Remote,479958.27,"Data Analysis, C++, Python",2,0,487279.18
32,Female,Bachelor's,Senior Software Engineer,Government,4.6,Ahmedabad,Full-time,Small (51-200),On-site,1006726.64,"Data Analysis, Excel",0,0,1316929.83
39,Male,Master's,Product Manager,Healthcare,16.4,Jaipur,Full-time,Large (1000-5000),On-site,3399768.85,"Excel, SQL, Leadership",2,1,4189488.93
39,Male,Master's,Data Analyst,Healthcare,9.8,Pune,Full-time,Medium (201-1000),On-site,553725.67,"Excel, Leadership, Cloud Computing",3,0,1225592.37
32,Female,Diploma,UX Designer,Information Technology,3.5,Pune,Part-time,Small (51-200),Remote,472547.28,"C++, Cloud Computing, Communication",3,0,621474.85
26,Male,Bachelor's,Data Scientist,Education,5.7,Delhi NCR,Part-time,Enterprise (5000+),Hybrid,824012.75,"Python, Project Management",3,0,1108631.29
31,Female,Bachelor's,Research Scientist,Information Technology,6.1,Hyderabad,Full-time,Startup (1-50),Hybrid,1852395.7,"Excel, Python",1,0,1871106.77
29,Male,Bachelor's,Sales Manager,Media,1.3,Kolkata,Full-time,Small (51-200),Remote,902439.17,"Machine Learning, Excel, Project Management",1,1,1404016.17
31,Female,Diploma,Data Scientist,Manufacturing,2.7,Mumbai,Full-time,Small (51-200),On-site,1177112.78,"Excel, Project Management",0,0,1189002.81
31,Male,Diploma,Marketing Manager,Government,3.4,Ahmedabad,Part-time,Large (1000-5000),Remote,332510.64,"Project Management, Machine Learning, Cloud Computing, JavaScript, Data Analysis",1,1,640751.02
39,Female,Master's,Operations Manager,Finance,10.8,Remote (India),Full-time,Small (51-200),On-site,1396259.73,"Machine Learning, Project Management, Excel, Python",1,1,2274077.58
34,Male,Master's,Research Scientist,Education,4.0,Chennai,Full-time,Startup (1-50),On-site,991302.21,"Leadership, Machine Learning, SQL, JavaScript, Python",1,0,1572206.1
31,Female,Diploma,HR Executive,Media,8.4,Mumbai,Full-time,Large (1000-5000),Remote,370829.2,"Data Analysis, Project Management, Java",0,0,688541.16
40,Female,Bachelor's,Executive Director,Media,4.2,Hyderabad,Full-time,Enterprise (5000+),On-site,4754834.92,"Project Management, JavaScript, Java, SQL",0,1,6183538.7
21,Female,Bachelor's,Financial Analyst,Media,3.5,Delhi NCR,Full-time,Medium (201-1000),Remote,959673.85,"Excel, Java, Communication, JavaScript",0,1,1222154.99
36,Male,Master's,Content Writer,Consulting,4.3,Ahmedabad,Full-time,Small (51-200),On-site,614570.77,"Machine Learning, Python, C++, SQL",2,0,700667.73
21,Female,Diploma,Executive Director,Retail,2.3,Bangalore,Full-time,Medium (201-1000),Hybrid,3442533.36,"C++, Communication",0,1,4422787.32
25,Female,High School,Research Scientist,Education,8.0,Ahmedabad,Full-time,Medium (201-1000),Remote,1037034.95,"Java, Machine Learning, Cloud Computing, Data Analysis",1,1,1392240.96
39,Female,High School,Financial Analyst,Education,5.6,Bangalore,Part-time,Medium (201-1000),Hybrid,299557.77,"Project Management, Cloud Computing",3,0,426356.08
37,Male,Master's,Content Writer,Consulting,6.3,Chennai,Full-time,Small (51-200),Hybrid,431292.51,"Data Analysis, Cloud Computing, Excel, JavaScript, Machine Learning",3,0,813371.81
38,Female,Master's,Research Scientist,Retail,1.8,Kolkata,Full-time,Startup (1-50),On-site,1263272.18,"SQL, C++, Leadership, Excel, Java",1,0,1324595.94
26,Male,PhD,Administrative Assistant,Government,3.2,Pune,Contract,Enterprise (5000+),On-site,281813.86,"JavaScript, Machine Learning, Python",2,0,619375.56
35,Female,Bachelor's,Customer Support Executive,Education,9.5,Hyderabad,Full-time,Enterprise (5000+),Remote,450264.17,"Leadership, Java, SQL, Excel",1,0,485837.21
23,Male,Master's,Sales Manager,Finance,1.1,Ahmedabad,Full-time,Enterprise (5000+),Remote,1975803.47,"Java, JavaScript",0,1,2298443.34
30,Male,Bachelor's,HR Manager,Information Technology,1.0,Chennai,Full-time,Enterprise (5000+),Hybrid,1192082.66,"JavaScript, Cloud Computing, Project Management, Excel",0,1,1768124.59
33,Female,Bachelor's,Financial Analyst,Healthcare,13.2,Remote (India),Full-time,Enterprise (5000+),On-site,1034743.76,"C++, Excel",1,0,1482873.54
35,Male,Bachelor's,Sales Manager,Retail,8.1,Jaipur,Full-time,Medium (201-1000),Hybrid,1277928.25,"Excel, Leadership, Data Analysis, Machine Learning, Cloud Computing",2,1,1626946.78
28,Male,Bachelor's,Customer Support Executive,Healthcare,6.1,Remote (India),Full-time,Large (1000-5000),Remote,441565.95,"Machine Learning, Cloud Computing",2,1,605862.79
30,Male,Bachelor's,Sales Executive,Telecommunications,5.5,Chennai,Full-time,Medium (201-1000),On-site,726546.15,"Excel, Project Management, Cloud Computing, Java",0,0,733885.0
29,Female,Master's,QA Engineer,Media,6.5,Ahmedabad,Contract,Enterprise (5000+),Remote,551170.08,"C++, SQL",1,0,1143817.38
34,Female,Bachelor's,Senior Software Engineer,Consulting,7.6,Delhi NCR,Full-time,Enterprise (5000+),On-site,1634809.61,"JavaScript, Data Analysis, Python, Project Management, Java",0,0,3195388.4
24,Male,Bachelor's,Sales Manager,Education,9.9,Chennai,Full-time,Large (1000-5000),On-site,1279070.8,"C++, Cloud Computing, Data Analysis, Project Management, SQL",1,1,2001155.03
32,Female,Master's,Executive Director,Government,6.9,Chennai,Full-time,Large (1000-5000),Hybrid,4627001.3,"JavaScript, Leadership, C++, Machine Learning",3,1,7839112.68
26,Male,Master's,Product Manager,Government,6.8,Chennai,Full-time,Small (51-200),On-site,2092583.59,"Machine Learning, Python",1,1,2902080.64
22,Female,Bachelor's,Administrative Assistant,Manufacturing,2.3,Delhi NCR,Full-time,Small (51-200),Remote,345448.06,"Cloud Computing, JavaScript, Project Management, C++, Excel",3,0,439493.54
26,Male,PhD,DevOps Engineer,Healthcare,4.7,Chennai,Full-time,Startup (1-50),Hybrid,1983440.71,"Data Analysis, Machine Learning, Excel",2,0,2473755.66
27,Female,Bachelor's,Data Analyst,Consulting,6.9,Pune,Full-time,Large (1000-5000),Hybrid,915304.08,"Project Management, Communication, Excel, C++",2,0,1123153.06
35,Female,Master's,Research Scientist,Education,3.6,Delhi NCR,Part-time,Medium (201-1000),On-site,698012.36,"Python, Machine Learning, Project Management, C++, Excel",1,0,1103074.06
31,Female,Master's,Accountant,Manufacturing,2.9,Ahmedabad,Full-time,Enterprise (5000+),Remote,636713.48,"Leadership, Communication, Excel, SQL, Data Analysis",1,0,870713.21
30,Male,Master's,Accountant,Finance,1.0,Pune,Full-time,Enterprise (5000+),Remote,614085.31,"Communication, Python, Java",2,0,1097859.41
32,Male,Bachelor's,Business Analyst,Finance,4.5,Mumbai,Full-time,Enterprise (5000+),Hybrid,817105.93,"C++, Python, JavaScript, SQL, Project Management",1,0,1484716.58
28,Female,Bachelor's,Research Scientist,Education,1.6,Hyderabad,Full-time,Small (51-200),Hybrid,949159.3,"Cloud Computing, Machine Learning, Data Analysis, Leadership, SQL",0,0,1455194.76
32,Female,Master's,Accountant,Finance,1.5,Hyderabad,Full-time,Enterprise (5000+),Remote,1020340.15,"Communication, Machine Learning",1,0,1052292.39
33,Male,Bachelor's,Content Writer,Consulting,7.1,Remote (India),Full-time,Large (1000-5000),Remote,455304.02,"Machine Learning, Data Analysis, SQL",2,0,711363.71
49,Male,Master's,Data Analyst,Manufacturing,26.8,Delhi NCR,Freelance,Startup (1-50),Hybrid,1080020.26,"SQL, Python, JavaScript, Data Analysis",0,0,1150110.67
23,Male,Bachelor's,QA Engineer,Education,4.2,Delhi NCR,Full-time,Medium (201-1000),Hybrid,762973.13,"Machine Learning, Excel, Java",3,0,941492.91
33,Female,Master's,Data Scientist,Consulting,4.2,Delhi NCR,Full-time,Enterprise (5000+),Hybrid,2352545.23,"Machine Learning, Leadership, Cloud Computing, SQL",0,1,3593671.79
36,Male,Bachelor's,HR Manager,Healthcare,5.8,Delhi NCR,Full-time,Enterprise (5000+),Remote,986776.61,"Data Analysis, SQL, Java, Cloud Computing, Leadership",1,1,2194070.23
27,Male,Bachelor's,Marketing Manager,Telecommunications,1.2,Hyderabad,Full-time,Medium (201-1000),Remote,1480608.22,"Python, Java, Machine Learning, C++, SQL",0,1,1735444.26
30,Male,High School,Administrative Assistant,Information Technology,3.3,Remote (India),Contract,Startup (1-50),Hybrid,229544.08,"JavaScript, Python, Excel, Leadership, Machine Learning",3,0,273617.63
28,Female,Bachelor's,Project Manager,Manufacturing,8.2,Mumbai,Full-time,Medium (201-1000),On-site,1202799.56,"Communication, Python, Data Analysis, Machine Learning, JavaScript",1,1,2295889.44
27,Female,PhD,QA Engineer,Healthcare,1.4,Bangalore,Full-time,Small (51-200),Remote,521687.26,"Machine Learning, SQL, Data Analysis, Python",1,0,1228302.03
30,Male,Bachelor's,Sales Executive,Information Technology,2.2,Pune,Full-time,Small (51-200),Hybrid,570721.64,"Data Analysis, Excel",3,0,706513.6
31,Female,PhD,Marketing Manager,Manufacturing,9.0,Remote (India),Full-time,Medium (201-1000),On-site,1922705.17,"Communication, C++, SQL, JavaScript",0,1,2309769.47
29,Female,Master's,QA Engineer,Education,4.1,Bangalore,Full-time,Startup (1-50),Hybrid,517988.39,"Python, Java, SQL, Project Management",2,0,1020727.86
45,Female,Master's,Financial Analyst,Telecommunications,17.7,Kolkata,Full-time,Enterprise (5000+),On-site,1298389.84,"Cloud Computing, Excel, Data Analysis",0,0,1598509.95
32,Female,Bachelor's,QA Engineer,Government,3.6,Ahmedabad,Full-time,Large (1000-5000),Remote,455040.96,"Machine Learning, Leadership, JavaScript, Python",2,0,835414.58
30,Male,Bachelor's,QA Engineer,Consulting,6.0,Bangalore,Full-time,Medium (201-1000),On-site,1067663.29,"C++, JavaScript",0,0,1163983.52
33,Female,PhD,Administrative Assistant,Information Technology,12.1,Chennai,Part-time,Medium (201-1000),Hybrid,268827.97,"Machine Learning, Leadership, Data Analysis, Cloud Computing, Python",3,0,506821.84
21,Male,High School,Graphic Designer,Government,0.8,Pune,Full-time,Medium (201-1000),Hybrid,239230.96,"Communication, JavaScript, Python, Leadership, Java",2,0,442376.49
28,Female,Master's,Executive Director,Education,3.6,Delhi NCR,Full-time,Large (1000-5000),On-site,5006580.07,"Excel, C++, Java",2,1,5952969.23
29,Female,Master's,Senior Software Engineer,Education,,Chennai,Full-time,Enterprise (5000+),On-site,1359974.92,"Cloud Computing, JavaScript, Project Management, Python, C++",0,0,2463335.22
39,Male,Bachelor's,DevOps Engineer,Healthcare,17.9,Delhi NCR,Full-time,Enterprise (5000+),Hybrid,1863233.92,"Python, Machine Learning, Excel, Java",2,0,3654960.95
36,Female,Bachelor's,Software Engineer,Government,12.8,Delhi NCR,Full-time,Medium (201-1000),On-site,1057393.38,"Excel, Communication, Project Management, Cloud Computing, SQL",2,0,1431614.04
31,Male,Master's,Data Analyst,Government,14.1,Jaipur,Full-time,Startup (1-50),Remote,676758.94,"JavaScript, Machine Learning, Project Management",0,0,714695.57
34,Male,Bachelor's,Accountant,Government,0.5,Pune,Full-time,Startup (1-50),Remote,350080.42,"Java, Python, Cloud Computing, Communication, JavaScript",1,0,528951.08
41,Male,High School,Sales Executive,Finance,9.9,Mumbai,Contract,Large (1000-5000),On-site,340855.92,"Communication, Machine Learning, Data Analysis",1,1,962871.53
26,Male,High School,QA Engineer,Education,3.0,Jaipur,Full-time,Startup (1-50),On-site,310292.88,"Excel, Project Management",1,0,385408.68
43,Female,Bachelor's,Financial Analyst,Manufacturing,17.8,Remote (India),Full-time,Enterprise (5000+),On-site,1115154.3,"Cloud Computing, Data Analysis, Python, Excel",2,0,1802475.29
39,Male,Master's,Operations Manager,Consulting,13.8,Ahmedabad,Full-time,Startup (1-50),Hybrid,1709525.9,"SQL, Python",1,1,1992118.54
44,Female,Master's,Content Writer,Finance,7.3,Ahmedabad,Full-time,Small (51-200),On-site,616720.6,"Python, Java, Excel, SQL",1,0,626027.37
57,Male,Bachelor's,Senior Software Engineer,Finance,31.1,Remote (India),Full-time,Small (51-200),Remote,3088988.3,"Communication, Machine Learning, Java, Cloud Computing, Project Management",0,0,3864847.88
32,Female,Bachelor's,Administrative Assistant,Information Technology,6.9,Chennai,Full-time,Large (1000-5000),On-site,475422.39,"SQL, Cloud Computing, Leadership",3,0,575495.11
29,Female,High School,Data Scientist,Telecommunications,6.0,Ahmedabad,Full-time,Startup (1-50),On-site,653338.77,"Machine Learning, Java, Data Analysis, SQL",0,0,882147.43
33,Female,Bachelor's,Research Scientist,Retail,9.2,Hyderabad,Full-time,Enterprise (5000+),Hybrid,1483473.68,"C++, Python, Leadership, Data Analysis, Java",0,1,2365877.7
48,Female,High School,Senior Software Engineer,Retail,16.2,Mumbai,Part-time,Enterprise (5000+),Hybrid,811567.97,"SQL, Communication, Cloud Computing, Leadership",0,0,1339987.11
30,Male,Bachelor's,Research Scientist,Education,6.5,Remote (India),Full-time,Startup (1-50),Hybrid,998054.17,"Data Analysis, Cloud Computing, JavaScript, SQL",2,0,1301598.56
32,Male,Master's,Customer Support Executive,Telecommunications,1.5,Kolkata,Contract,Medium (201-1000),Remote,,"Python, C++, Leadership, Project Management, Java",3,0,427106.44
21,Female,Diploma,QA Engineer,Media,2.1,Kolkata,Full-time,Medium (201-1000),Remote,530118.53,"Data Analysis, Java, SQL, Communication, C++",2,0,572176.28
35,Male,Master's,Content Writer,Manufacturing,11.8,Hyderabad,Full-time,Medium (201-1000),Remote,585233.38,"Communication, Data Analysis, Python, Machine Learning, SQL",3,0,848795.4
24,Female,Bachelor's,Executive Director,Telecommunications,0.6,Bangalore,Full-time,Startup (1-50),Hybrid,4801139.79,"Java, Leadership",3,1,4849636.16
32,Male,PhD,UX Designer,Media,4.3,Kolkata,Full-time,Enterprise (5000+),Hybrid,1270152.39,"Data Analysis, Leadership, Java",0,1,1933473.23
30,Male,Bachelor's,Business Analyst,Telecommunications,1.9,Mumbai,Full-time,Enterprise (5000+),Remote,718646.09,"C++, Cloud Computing, Project Management, SQL",3,0,1402599.32
32,Male,PhD,HR Executive,Education,5.8,Remote (India),Full-time,Small (51-200),Remote,582088.46,"Project Management, Communication, C++, SQL",2,0,587968.15
37,Male,Bachelor's,HR Manager,Government,14.2,Kolkata,Full-time,Small (51-200),On-site,1103244.37,"Data Analysis, Cloud Computing, Java",1,1,1361657.85
32,Male,Bachelor's,Operations Manager,Education,7.1,Mumbai,Freelance,Small (51-200),Remote,,"Python, Project Management, Machine Learning, Java, SQL",1,1,1329334.31
39,Male,Bachelor's,Content Writer,Telecommunications,10.1,Mumbai,Contract,Large (1000-5000),On-site,471301.02,"JavaScript, Machine Learning, Communication, Java",2,0,800669.95
27,Male,Bachelor's,Software Engineer,Telecommunications,4.3,Remote (India),Full-time,Enterprise (5000+),Hybrid,1362895.38,"Communication, Cloud Computing, Leadership, Python, C++",1,1,1435779.82
32,Male,Bachelor's,Business Analyst,Finance,6.7,Jaipur,Full-time,Small (51-200),Hybrid,780398.34,"Java, JavaScript, Excel, SQL, Data Analysis",2,0,941585.64
25,Female,Bachelor's,HR Executive,Media,5.1,Ahmedabad,Full-time,Startup (1-50),Remote,290878.76,"Project Management, Excel",2,0,397666.65
27,Male,Master's,UX Designer,Manufacturing,1.2,Pune,Part-time,Small (51-200),Remote,493068.2,"Cloud Computing, JavaScript, Excel, Data Analysis, C++",2,0,646367.34
29,Female,High School,Sales Executive,Government,1.9,Delhi NCR,Full-time,Enterprise (5000+),On-site,325564.52,"Cloud Computing, JavaScript",0,0,582450.02
28,Other,Bachelor's,Software Engineer,Healthcare,4.5,Ahmedabad,Full-time,Startup (1-50),On-site,808291.52,"Leadership, Cloud Computing, Communication, C++",1,0,858947.69
24,Female,Bachelor's,DevOps Engineer,Information Technology,2.1,Mumbai,Contract,Medium (201-1000),Hybrid,1727667.61,"Python, JavaScript, Communication, Machine Learning, SQL",0,0,2302131.64
26,Female,Bachelor's,Accountant,Media,3.1,Jaipur,Part-time,Medium (201-1000),Hybrid,258469.23,"Project Management, Excel, Java, Machine Learning",2,0,331073.47
37,Female,Bachelor's,Product Manager,Information Technology,9.6,Mumbai,Full-time,Startup (1-50),Remote,2947918.59,"Java, Leadership, JavaScript, Project Management",2,1,3878881.71
26,Female,Bachelor's,Sales Manager,Retail,6.5,Chennai,Full-time,Startup (1-50),Remote,1204405.68,"SQL, Java, Communication, Data Analysis",0,1,1562534.41
26,Female,Bachelor's,Senior Software Engineer,Finance,2.0,Chennai,Full-time,Medium (201-1000),Hybrid,1245589.74,"Python, Machine Learning, Excel, Leadership, Project Management",1,0,2690558.57
29,Female,Master's,Accountant,Manufacturing,1.7,Chennai,Full-time,Enterprise (5000+),Remote,688837.01,"Project Management, Machine Learning, Data Analysis, C++, Java",0,1,1013536.54
32,Male,Bachelor's,Research Scientist,Government,4.6,Delhi NCR,Full-time,Small (51-200),Remote,1413050.93,"Java, Leadership, C++, Python, Machine Learning",1,1,2169159.93
34,Male,Bachelor's,Research Scientist,Media,5.4,Ahmedabad,Full-time,Startup (1-50),Hybrid,921592.59,"Java, Communication",2,0,1463455.1
25,Male,PhD,Project Manager,Finance,1.7,Remote (India),Full-time,Medium (201-1000),Hybrid,1727229.65,"Cloud Computing, Machine Learning, Leadership, Excel",1,1,2830132.91
35,Other,Diploma,Operations Manager,Finance,10.5,Mumbai,Full-time,Small (51-200),Remote,1726250.92,"JavaScript, Excel, Python",1,1,1969105.88
33,Male,Bachelor's,HR Executive,Consulting,10.3,Kolkata,Full-time,Enterprise (5000+),Remote,,"Python, Machine Learning",2,0,854861.89
36,Male,Master's,Project Manager,Consulting,10.2,Remote (India),Full-time,Medium (201-1000),Remote,2406414.12,"JavaScript, Machine Learning",0,1,2614131.12
27,Female,Diploma,Senior Software Engineer,Healthcare,7.9,Hyderabad,Freelance,Large (1000-5000),On-site,1198634.42,"Excel, C++, Python",0,0,1991024.09
29,Female,Bachelor's,Project Manager,Retail,3.1,Remote (India),Contract,Enterprise (5000+),Hybrid,872684.92,"Communication, SQL",3,1,1488364.08
28,Male,Master's,Executive Director,Government,4.9,Ahmedabad,Part-time,Medium (201-1000),Hybrid,1938645.49,"SQL, C++, Excel, JavaScript",0,1,2512437.19
28,Male,Bachelor's,Data Scientist,Retail,3.5,Jaipur,Contract,Enterprise (5000+),On-site,822843.97,"Java, Excel, Data Analysis, SQL",2,1,1799745.06
34,Male,Master's,Content Writer,Education,5.7,Bangalore,Full-time,Small (51-200),On-site,257156.94,"JavaScript, C++",0,0,590178.83
38,Female,Bachelor's,HR Manager,Media,11.5,Delhi NCR,Freelance,Medium (201-1000),On-site,1004347.57,"Java, Excel",3,1,1450847.09
45,Male,Bachelor's,Project Manager,Telecommunications,15.2,Delhi NCR,Full-time,Enterprise (5000+),Remote,1741235.64,"Data Analysis, Python",1,1,2827320.66
35,Male,Bachelor's,Data Scientist,Retail,8.4,Delhi NCR,Full-time,Medium (201-1000),Remote,1239110.75,"Communication, Machine Learning, Project Management, Python, JavaScript",0,0,1777889.32
34,Male,Bachelor's,QA Engineer,Telecommunications,8.5,Chennai,Full-time,Enterprise (5000+),Hybrid,687642.47,"Project Management, Leadership, Excel, Machine Learning",1,0,1340014.31
22,Female,High School,Content Writer,Information Technology,2.1,Ahmedabad,Part-time,Small (51-200),On-site,205719.9,"Python, Machine Learning, Project Management, Data Analysis, Excel",2,0,224128.5
23,Male,Master's,Graphic Designer,Information Technology,5.2,Bangalore,Contract,Medium (201-1000),Hybrid,571492.99,"Leadership, JavaScript",0,0,881776.75
21,Male,Bachelor's,Accountant,Telecommunications,1.2,Delhi NCR,Full-time,Large (1000-5000),On-site,720201.37,"Python, JavaScript, Machine Learning, Project Management, Excel",0,0,775121.24
22,Female,Diploma,Customer Support Executive,Education,5.2,Pune,Full-time,Large (1000-5000),On-site,167740.55,"Cloud Computing, Communication, Excel, Machine Learning, SQL",1,0,346707.83
31,Female,PhD,QA Engineer,Education,4.6,Pune,Part-time,Startup (1-50),Remote,358210.15,"SQL, JavaScript",0,0,401235.69
21,Male,Bachelor's,Financial Analyst,Manufacturing,1.3,Remote (India),Full-time,Medium (201-1000),Remote,626995.94,"Communication, Excel, Python",0,0,882968.59
36,Female,Bachelor's,Research Scientist,Education,4.1,Chennai,Contract,Large (1000-5000),On-site,1242518.63,"SQL, Java, Excel",0,0,1513970.21
35,Female,Bachelor's,HR Executive,Media,10.5,Bangalore,Full-time,Large (1000-5000),Hybrid,464558.29,"Java, JavaScript, Project Management, Cloud Computing, Leadership",3,0,886728.25
39,Female,Diploma,Operations Manager,Finance,13.4,Hyderabad,Part-time,Large (1000-5000),Remote,825268.35,"Leadership, JavaScript, Communication, Machine Learning",0,1,1379367.64
33,Male,Bachelor's,Senior Software Engineer,Media,11.1,Mumbai,Full-time,Small (51-200),On-site,1605188.13,"SQL, Python",0,0,2255239.27
59,Male,Diploma,Sales Manager,Education,32.5,Chennai,Full-time,Large (1000-5000),Hybrid,1709226.95,"Communication, Excel, Machine Learning, Leadership",3,1,2659294.21
36,Male,Master's,DevOps Engineer,Manufacturing,13.3,Bangalore,Full-time,Large (1000-5000),On-site,2432504.79,"Data Analysis, Communication, JavaScript, SQL, Java",2,0,3257582.16
30,Male,Master's,Executive Director,Consulting,2.6,Ahmedabad,Full-time,Startup (1-50),On-site,5297613.14,"C++, Data Analysis, Python",3,1,5351124.38
21,Male,Master's,Data Scientist,Government,2.9,Pune,Full-time,Enterprise (5000+),Hybrid,1231946.3,"Communication, Project Management",1,0,1838231.63
22,Male,Master's,DevOps Engineer,Consulting,3.2,Mumbai,Full-time,Small (51-200),Hybrid,1729015.04,"Data Analysis, Leadership, Python, Excel",1,0,2924871.52
33,Female,Bachelor's,Sales Executive,Retail,9.0,Hyderabad,Full-time,Large (1000-5000),Remote,644676.16,"Leadership, SQL, Java",2,0,842127.47
32,Female,Master's,HR Manager,Telecommunications,8.7,Ahmedabad,Contract,Startup (1-50),Remote,809586.38,"Data Analysis, Java, Excel, Leadership",3,1,1285856.05
37,Female,Master's,DevOps Engineer,Retail,9.4,Chennai,Full-time,Enterprise (5000+),Hybrid,704808.3,"Project Management, Communication, Excel, C++",2,0,2740332.47
29,Male,Bachelor's,Project Manager,Retail,4.0,Remote (India),Full-time,Large (1000-5000),Remote,1013531.96,"Communication, C++, SQL, Java, Python",2,1,1456687.0
30,Female,Master's,Marketing Manager,Telecommunications,3.5,Pune,Full-time,Startup (1-50),On-site,1585017.33,"Project Management, Communication, SQL, Data Analysis",0,1,1601027.6
29,Female,Bachelor's,Data Scientist,Retail,4.4,Ahmedabad,Full-time,Small (51-200),On-site,1022694.4,"Project Management, Excel, Cloud Computing, Data Analysis",2,0,1118724.35
25,Other,Diploma,UX Designer,Government,2.2,Delhi NCR,Contract,Large (1000-5000),Hybrid,736091.58,"Data Analysis, C++, Cloud Computing",0,0,1067185.33
36,Female,High School,Sales Manager,Information Technology,10.0,Jaipur,Full-time,Large (1000-5000),On-site,1044453.82,"Excel, Communication, SQL, Java",1,1,1731745.87
23,Female,Bachelor's,HR Manager,Information Technology,2.0,Kolkata,Full-time,Startup (1-50),Hybrid,923637.7,"Cloud Computing, Data Analysis, Communication, Project Management",0,1,1200120.52
25,Female,High School,HR Manager,Healthcare,6.7,Ahmedabad,Full-time,Medium (201-1000),Remote,884801.49,"Java, C++, Leadership",3,1,1036192.8
31,Male,Bachelor's,Financial Analyst,Information Technology,4.7,Jaipur,Full-time,Enterprise (5000+),Remote,609353.05,"Java, Project Management, Cloud Computing",1,0,1118517.94
25,Female,Master's,Software Engineer,Healthcare,3.8,Remote (India),Full-time,Enterprise (5000+),Remote,689128.21,"Machine Learning, Cloud Computing, Project Management",1,1,2036285.84
21,Female,Bachelor's,Content Writer,Manufacturing,2.6,Kolkata,Full-time,Medium (201-1000),Hybrid,433319.62,"Project Management, Communication, C++",0,1,570760.88
29,Male,Diploma,DevOps Engineer,Education,3.7,Ahmedabad,Contract,Medium (201-1000),On-site,906760.84,"JavaScript, Python",3,0,1041028.12
34,Male,Diploma,Project Manager,Information Technology,13.6,Remote (India),Full-time,Small (51-200),Remote,1276273.21,"Cloud Computing, JavaScript, Data Analysis",3,1,1760515.21
32,Male,PhD,Operations Manager,Education,6.7,Jaipur,Full-time,Startup (1-50),Hybrid,1398245.8,"Data Analysis, Machine Learning, Excel",3,1,1584279.9
28,Male,Diploma,Content Writer,Media,3.6,Kolkata,Freelance,Enterprise (5000+),Remote,295584.9,"Communication, JavaScript, Excel",2,1,453189.34
34,Male,Bachelor's,Executive Director,Government,5.1,Bangalore,Full-time,Small (51-200),Hybrid,2972683.73,"Project Management, Data Analysis, Cloud Computing, SQL, C++",2,1,5783715.26
39,Other,Master's,Marketing Manager,Education,11.6,Chennai,Full-time,Enterprise (5000+),On-site,1064853.26,"Leadership, Excel, Data Analysis, Machine Learning, Python",0,1,2174741.86
30,Female,Bachelor's,Financial Analyst,Government,3.3,Delhi NCR,Freelance,Enterprise (5000+),Hybrid,563817.54,"C++, JavaScript, Communication, Java",2,0,1119660.87
31,Male,Master's,Marketing Manager,Consulting,8.8,Bangalore,Part-time,Large (1000-5000),Remote,1021443.58,"Java, Machine Learning, Communication, Python",0,1,1738931.4
30,Male,Bachelor's,Graphic Designer,Media,2.0,Delhi NCR,Part-time,Enterprise (5000+),Hybrid,220451.42,"Data Analysis, Project Management, Leadership, Java, Machine Learning",3,0,501527.78
31,Male,Bachelor's,Senior Software Engineer,Finance,6.9,Remote (India),Full-time,Startup (1-50),On-site,2226441.99,"Excel, Communication, Java, Leadership",2,1,2351410.02
27,Male,Bachelor's,Project Manager,Government,4.1,Hyderabad,Full-time,Medium (201-1000),Remote,993623.5,"SQL, Excel, Data Analysis, Project Management, Communication",1,1,1808449.37
30,Male,Bachelor's,HR Manager,Information Technology,5.6,Chennai,Full-time,Medium (201-1000),Remote,1215809.28,"Leadership, SQL, Machine Learning, C++, Python",0,1,1998055.85
41,Female,Bachelor's,Sales Manager,Information Technology,14.9,Kolkata,Full-time,Medium (201-1000),Remote,1834101.9,"Data Analysis, Communication, Machine Learning",1,1,2261638.2
40,Female,Master's,Sales Manager,Healthcare,14.5,Ahmedabad,Full-time,Medium (201-1000),Remote,1334065.69,"Machine Learning, Python, Leadership, Communication",2,1,2834223.13
33,Male,Master's,Product Manager,Media,4.2,Jaipur,Freelance,Startup (1-50),Remote,1156528.28,"Leadership, JavaScript",1,1,1921686.41
26,Male,Bachelor's,Operations Manager,Healthcare,3.7,Jaipur,Full-time,Large (1000-5000),Remote,1284907.66,"Cloud Computing, C++, Leadership, JavaScript",0,1,1789641.57
21,Male,Diploma,Graphic Designer,Telecommunications,5.5,Chennai,Full-time,Large (1000-5000),Remote,430814.0,"Machine Learning, Python, Cloud Computing, Leadership, Communication",1,0,573111.12
31,Male,Master's,UX Designer,Consulting,4.1,Chennai,Part-time,Medium (201-1000),Remote,852580.4,"Communication, Python",1,0,861192.32
33,Female,Bachelor's,Content Writer,Education,5.6,Remote (India),Full-time,Large (1000-5000),On-site,417003.56,"C++, Communication, Machine Learning, Data Analysis",0,1,527953.57
30,Male,Bachelor's,HR Executive,Telecommunications,5.4,Chennai,Full-time,Enterprise (5000+),Remote,391260.31,"Cloud Computing, SQL",1,0,724360.95
38,Male,Bachelor's,Financial Analyst,Information Technology,7.6,Ahmedabad,Full-time,Large (1000-5000),On-site,740290.93,"Machine Learning, Data Analysis, Leadership, Python, SQL",3,0,1418904.3
41,Male,Master's,HR Manager,Consulting,10.2,Hyderabad,Full-time,Medium (201-1000),Remote,2245687.17,"C++, Leadership",0,1,2559928.51
26,Male,Bachelor's,Accountant,Consulting,1.0,Hyderabad,Contract,Startup (1-50),Remote,769036.73,"Java, Communication, Excel, Machine Learning",1,1,776804.78
37,Male,Diploma,Content Writer,Finance,4.1,Mumbai,Full-time,Startup (1-50),Remote,503030.76,"Machine Learning, Data Analysis, SQL",2,0,543570.79
30,Male,Master's,Sales Manager,Education,5.9,Delhi NCR,Full-time,Medium (201-1000),Remote,1547714.52,"Leadership, Data Analysis",0,1,1943047.05
29,Male,Bachelor's,DevOps Engineer,Manufacturing,4.1,Jaipur,Contract,Medium (201-1000),Remote,1174453.89,"Machine Learning, Excel, Communication, JavaScript",2,1,1727610.99
39,Male,Master's,Content Writer,Manufacturing,11.9,Mumbai,Full-time,Large (1000-5000),Hybrid,854161.99,"Python, Project Management, Data Analysis, Machine Learning",1,0,1059654.68
30,Male,Master's,Software Engineer,Telecommunications,5.7,Mumbai,Full-time,Startup (1-50),Remote,1347001.5,"Machine Learning, Cloud Computing",3,0,1360607.58
30,Female,Master's,HR Manager,Finance,2.5,Remote (India),Full-time,Enterprise (5000+),Remote,1756979.92,"Communication, Data Analysis",2,1,2273008.07
36,Male,Bachelor's,Sales Manager,Education,8.6,Remote (India),Full-time,Large (1000-5000),Hybrid,1609280.84,"Leadership, Data Analysis, Python, SQL, Java",2,1,1740732.57
27,Male,Diploma,Graphic Designer,Finance,3.1,Mumbai,Full-time,Small (51-200),Hybrid,394691.21,"Cloud Computing, Excel, Project Management, Java",1,0,580252.52
32,Male,Master's,Project Manager,Government,7.3,Kolkata,Full-time,Enterprise (5000+),On-site,1215089.58,"Project Management, Communication, Python",0,1,2111747.69
34,Female,Diploma,Research Scientist,Government,22.5,Kolkata,Full-time,Large (1000-5000),Hybrid,1327543.76,"Python, Leadership, Communication",3,0,2167048.33
42,Male,Bachelor's,Software Engineer,Education,12.6,Chennai,Full-time,Large (1000-5000),Remote,710663.47,"SQL, Project Management, JavaScript",2,0,1225025.31
25,Male,Master's,Research Scientist,Finance,2.6,Hyderabad,Freelance,Enterprise (5000+),Hybrid,1284834.11,"Excel, Python",2,0,2672334.28
42,Male,Bachelor's,HR Executive,Healthcare,7.2,Bangalore,Full-time,Enterprise (5000+),Remote,528382.96,"JavaScript, Cloud Computing, Java, Project Management",2,0,866849.14
44,Male,Master's,UX Designer,Telecommunications,13.7,Delhi NCR,Full-time,Startup (1-50),Hybrid,991542.6,"Java, C++, Data Analysis",1,0,1978606.65
37,Female,Master's,Sales Manager,Information Technology,8.0,Remote (India),Full-time,Small (51-200),Hybrid,2301716.1,"Leadership, SQL, Data Analysis, Cloud Computing, Java",2,1,2860881.08
38,Female,Master's,UX Designer,Consulting,5.9,Remote (India),Contract,Small (51-200),On-site,886566.22,"Python, JavaScript",0,0,1210854.29
36,Female,Master's,Product Manager,Media,20.7,Hyderabad,Full-time,Enterprise (5000+),Remote,4077850.77,"SQL, Java, Communication",0,1,5191988.24
30,Male,Bachelor's,Data Scientist,Telecommunications,3.2,Kolkata,Full-time,Startup (1-50),Remote,1138158.66,"Python, Machine Learning, Java",3,0,1350182.81
29,Female,Master's,HR Executive,Media,3.2,Pune,Full-time,Medium (201-1000),Remote,525330.71,"Cloud Computing, C++, Communication, Machine Learning",0,0,695589.42
29,Male,Bachelor's,Content Writer,Telecommunications,3.8,Jaipur,Full-time,Enterprise (5000+),On-site,416461.36,"Data Analysis, C++, Python",1,0,631650.23
32,Female,Bachelor's,Senior Software Engineer,Telecommunications,9.3,Mumbai,Part-time,Startup (1-50),On-site,925423.54,"SQL, Project Management, C++, Cloud Computing, Python",3,0,1439331.37
31,Female,Bachelor's,Data Analyst,Information Technology,5.9,Bangalore,Full-time,Medium (201-1000),Hybrid,952521.3,"Communication, JavaScript, Leadership, Cloud Computing, Python",1,0,1131401.65
39,Male,Bachelor's,Administrative Assistant,Government,13.7,Pune,Full-time,Startup (1-50),Hybrid,317963.66,"Data Analysis, Java",2,0,391361.52
34,Male,High School,Accountant,Retail,4.3,Delhi NCR,Full-time,Large (1000-5000),Hybrid,412129.43,"Leadership, Java",0,0,533201.1
33,Female,Bachelor's,Project Manager,Telecommunications,2.5,Pune,Full-time,Large (1000-5000),On-site,1047840.25,"C++, Cloud Computing, Communication",3,1,1737017.5
48,Female,Bachelor's,Software Engineer,Information Technology,21.2,Ahmedabad,Part-time,Startup (1-50),Hybrid,636715.94,"Leadership, Excel",0,0,745164.84
29,Male,Master's,Research Scientist,Retail,3.7,Mumbai,Full-time,Small (51-200),Hybrid,1952968.88,"Data Analysis, Project Management",2,1,2014471.43
27,Male,Diploma,UX Designer,Media,3.2,Bangalore,Full-time,Enterprise (5000+),Hybrid,797620.56,"C++, Java",3,0,1295195.24
41,Male,Bachelor's,Graphic Designer,Consulting,14.4,Ahmedabad,Contract,Medium (201-1000),Hybrid,466955.91,"Project Management, Communication, C++, Data Analysis, Cloud Computing",1,0,728647.73
33,Female,Master's,Marketing Manager,Media,12.2,Bangalore,Full-time,Startup (1-50),On-site,1860080.31,"Communication, SQL",1,1,1992095.59
31,Male,Master's,Administrative Assistant,Retail,1.5,Mumbai,Freelance,Enterprise (5000+),On-site,392660.92,"Python, Java, Communication",3,0,444373.69
34,Male,Bachelor's,Product Manager,Telecommunications,14.7,Remote (India),Full-time,Large (1000-5000),On-site,2029870.37,"Python, Project Management",1,1,3837838.31
29,Male,High School,Data Analyst,Information Technology,7.8,Remote (India),Full-time,Startup (1-50),On-site,438114.73,"SQL, Project Management, C++, Cloud Computing",3,0,718517.0
30,Female,Master's,UX Designer,Government,5.8,Ahmedabad,Full-time,Enterprise (5000+),Remote,798483.02,"JavaScript, Excel, C++",3,0,1481514.57
27,Female,Bachelor's,Product Manager,Government,7.7,Bangalore,Full-time,Medium (201-1000),Hybrid,2205719.62,"Project Management, SQL, Machine Learning, Communication, C++",2,1,3201567.84
34,Female,Bachelor's,UX Designer,Manufacturing,16.6,Mumbai,Full-time,Medium (201-1000),Remote,1410132.19,"Leadership, JavaScript",2,0,1660104.54
24,Female,Bachelor's,HR Executive,Education,2.8,Chennai,Full-time,Large (1000-5000),Hybrid,270766.24,"SQL, C++",3,0,514664.94
31,Male,Bachelor's,Data Analyst,Telecommunications,6.7,Remote (India),Full-time,Enterprise (5000+),Remote,635530.45,"JavaScript, Project Management",2,0,967179.88
23,Male,Master's,DevOps Engineer,Media,3.0,Delhi NCR,Contract,Large (1000-5000),On-site,1547065.12,"Leadership, Python, Communication",0,0,2292872.29
36,Female,Master's,Graphic Designer,Manufacturing,12.2,Kolkata,Full-time,Startup (1-50),Hybrid,607846.57,"C++, Excel, Leadership, Communication, Data Analysis",3,0,755843.08
35,Female,High School,Project Manager,Consulting,,Hyderabad,Part-time,Enterprise (5000+),Hybrid,942435.12,"Data Analysis, Leadership, JavaScript, Machine Learning",1,1,1358768.24
24,Male,Bachelor's,Research Scientist,Education,2.2,Chennai,Full-time,Enterprise (5000+),Hybrid,770466.77,"Excel, Machine Learning, SQL, Leadership, JavaScript",2,0,2019879.21
29,Male,Master's,HR Manager,Information Technology,5.7,Chennai,Full-time,Large (1000-5000),Remote,1584687.71,"JavaScript, Cloud Computing",3,1,2166066.5
34,Male,Master's,Customer Support Executive,Government,14.5,Chennai,Full-time,Medium (201-1000),On-site,571171.09,"Leadership, Cloud Computing, Data Analysis, C++, Machine Learning",1,1,720067.49
26,Male,Diploma,Senior Software Engineer,Retail,8.9,Hyderabad,Full-time,Startup (1-50),On-site,1324272.01,"Machine Learning, Data Analysis, Project Management, Communication, SQL",1,0,1457887.97
28,Female,Master's,Accountant,Government,4.9,Hyderabad,Full-time,Enterprise (5000+),Remote,599255.7,"Python, Machine Learning, Cloud Computing, JavaScript, Project Management",0,0,1082159.65
40,Male,Bachelor's,Senior Software Engineer,Telecommunications,15.1,Delhi NCR,Full-time,Large (1000-5000),On-site,1937844.95,"Data Analysis, Excel",1,0,2832483.88
27,Male,PhD,Research Scientist,Government,3.7,Chennai,Full-time,Enterprise (5000+),Remote,1070012.5,"C++, Leadership, Cloud Computing",1,1,3148358.52
26,Female,Bachelor's,UX Designer,Consulting,1.7,Bangalore,Full-time,Enterprise (5000+),On-site,987434.03,"Communication, Excel, Project Management",1,0,1576771.52
31,Male,Diploma,Marketing Manager,Finance,4.1,Remote (India),Full-time,Small (51-200),Hybrid,1124768.17,"Python, Cloud Computing, Excel, C++, JavaScript",0,1,1433190.53
21,Female,Master's,Software Engineer,Education,4.1,Ahmedabad,Full-time,Medium (201-1000),On-site,647705.39,"Leadership, Cloud Computing, Java",0,0,977191.67
28,Male,Master's,QA Engineer,Government,5.1,Ahmedabad,Full-time,Small (51-200),On-site,555687.71,"Java, Cloud Computing",0,0,737211.6
35,Male,Bachelor's,Accountant,Finance,8.5,Chennai,Contract,Startup (1-50),Remote,527222.8,"Java, C++, SQL, Project Management, Excel",3,0,750179.2
33,Male,Diploma,UX Designer,Finance,7.4,Delhi NCR,Full-time,Enterprise (5000+),Hybrid,952588.16,"Project Management, Cloud Computing, Java",3,0,1938850.53
33,Male,Diploma,Content Writer,Education,9.1,Remote (India),Full-time,Medium (201-1000),Hybrid,323171.61,"Java, Python, JavaScript, C++",0,0,494443.61
22,Male,Master's,Sales Executive,Education,2.4,Delhi NCR,Full-time,Medium (201-1000),Remote,746250.04,"Leadership, Python, Machine Learning, Communication",0,0,825782.54
21,Female,Bachelor's,Operations Manager,Information Technology,7.2,Pune,Full-time,Small (51-200),On-site,1282711.19,"Machine Learning, C++, Python, JavaScript",2,1,2035951.36
36,Female,Bachelor's,Data Scientist,Government,2.0,Hyderabad,Contract,Startup (1-50),Hybrid,932706.56,"Project Management, Machine Learning, Python, Communication",0,0,1095043.59
24,Female,Bachelor's,Software Engineer,Finance,2.4,Mumbai,Full-time,Large (1000-5000),On-site,1249813.28,"Machine Learning, Excel, Communication, Leadership",3,0,1662896.96
34,Male,PhD,Financial Analyst,Information Technology,9.2,Mumbai,Full-time,Large (1000-5000),Remote,2038318.95,"Communication, JavaScript, Project Management",0,0,2410690.17
27,Male,Bachelor's,Sales Manager,Finance,9.6,Chennai,Full-time,Small (51-200),Hybrid,1618523.21,"Leadership, Excel, Cloud Computing",0,1,2126448.7
44,Female,Bachelor's,Research Scientist,Media,14.3,Jaipur,Full-time,Large (1000-5000),On-site,1199646.65,"Project Management, Python, Leadership, JavaScript, C++",1,0,1948012.57
43,Male,Bachelor's,Sales Executive,Education,18.6,Delhi NCR,Full-time,Small (51-200),Hybrid,515072.16,"Java, Excel",2,1,939300.54
22,Female,Bachelor's,Data Scientist,Retail,1.0,Mumbai,Full-time,Startup (1-50),Remote,1313738.43,"Java, Data Analysis, Leadership, SQL, Excel",2,0,1451520.23
37,Male,High School,Project Manager,Information Technology,11.1,Ahmedabad,Contract,Small (51-200),Hybrid,1071470.64,"Data Analysis, Leadership, Cloud Computing, Python, Excel",0,1,1082293.57
29,Male,Master's,Administrative Assistant,Healthcare,0.5,Delhi NCR,Full-time,Large (1000-5000),On-site,473232.45,"Python, Leadership, Machine Learning, SQL, Data Analysis",2,0,612727.75
30,Female,Master's,QA Engineer,Information Technology,4.4,Jaipur,Full-time,Enterprise (5000+),Remote,1036877.02,"Machine Learning, C++, Communication, JavaScript",1,0,1252322.59
32,Male,High School,Content Writer,Government,5.5,Remote (India),Full-time,Medium (201-1000),Remote,223649.49,"Python, SQL",2,0,394943.23
31,Female,PhD,HR Executive,Education,4.7,Remote (India),Full-time,Startup (1-50),On-site,479818.82,"Python, Project Management",2,0,484665.47
31,Female,Bachelor's,Executive Director,Media,4.8,Kolkata,Full-time,Small (51-200),Hybrid,3912692.73,"Cloud Computing, Leadership, C++, Excel",1,1,4153904.49
34,Male,PhD,Project Manager,Finance,7.9,Bangalore,Full-time,Medium (201-1000),Hybrid,3166139.99,"Excel, Project Management, Java, Machine Learning, Cloud Computing",3,1,4286292.7
30,Female,Master's,Business Analyst,Media,3.5,Pune,Full-time,Large (1000-5000),Hybrid,932078.33,"C++, Excel, SQL, JavaScript, Data Analysis",3,1,1559395.51
31,Female,Bachelor's,Operations Manager,Education,9.5,Hyderabad,Full-time,Large (1000-5000),Hybrid,1607428.8,"Python, C++",1,1,1970876.9
36,Male,Diploma,Administrative Assistant,Education,4.9,Pune,Full-time,Medium (201-1000),On-site,228192.41,"Python, Communication, C++",0,0,295842.01
32,Male,Bachelor's,Product Manager,Finance,7.0,Jaipur,Full-time,Enterprise (5000+),On-site,1717314.49,"Project Management, Cloud Computing, Java",0,1,3191819.27
39,Female,Bachelor's,DevOps Engineer,Retail,11.8,Jaipur,Contract,Large (1000-5000),Remote,1414047.33,"Communication, Project Management, C++",3,1,2080993.44
32,Male,Diploma,Sales Manager,Information Technology,,Pune,Full-time,Medium (201-1000),Hybrid,1268246.29,"JavaScript, Excel, Machine Learning, Python, C++",0,1,2432358.59
34,Male,Master's,Data Analyst,Government,10.0,Ahmedabad,Full-time,Small (51-200),On-site,565431.79,"JavaScript, C++, Excel",1,0,782168.77
30,Female,Bachelor's,Executive Director,Information Technology,9.1,Delhi NCR,Contract,Small (51-200),On-site,3831048.65,"SQL, Excel",2,1,5974449.48
41,Female,PhD,Project Manager,Government,11.5,Pune,Full-time,Small (51-200),On-site,1413735.21,"SQL, JavaScript, Excel",2,1,2195754.63
35,Male,Master's,Project Manager,Healthcare,8.1,Chennai,Full-time,Medium (201-1000),On-site,1944941.96,"SQL, Leadership, Data Analysis",0,1,2177388.75
40,Female,Bachelor's,Software Engineer,Media,13.1,Bangalore,Full-time,Startup (1-50),On-site,1082343.79,"Excel, Cloud Computing, Java",0,0,1093276.56
36,Male,Bachelor's,Content Writer,Media,13.2,Chennai,Full-time,Large (1000-5000),On-site,586887.2,"Communication, Java",3,0,770268.04
21,Female,Master's,Customer Support Executive,Retail,2.1,Chennai,Freelance,Small (51-200),Remote,246148.71,"SQL, Communication, Project Management, Python",1,0,326076.06
26,Male,Master's,Sales Manager,Government,8.0,Ahmedabad,Contract,Large (1000-5000),Remote,992472.55,"Cloud Computing, JavaScript, SQL, C++",1,1,1891229.72
30,Female,Master's,Research Scientist,Telecommunications,4.7,Jaipur,Full-time,Medium (201-1000),Hybrid,1697891.33,"Python, Project Management, Leadership",2,1,2637810.37
25,Male,Master's,Content Writer,Healthcare,7.1,Remote (India),Full-time,Large (1000-5000),On-site,609793.26,"JavaScript, Excel, Leadership, Java, Machine Learning",0,0,773040.92
28,Female,Bachelor's,Project Manager,Healthcare,8.3,Kolkata,Full-time,Small (51-200),Remote,1092114.14,"Machine Learning, Data Analysis, Cloud Computing, JavaScript",1,1,1665655.95
25,Female,Master's,Administrative Assistant,Healthcare,6.0,Hyderabad,Full-time,Startup (1-50),On-site,355041.81,"JavaScript, Leadership",1,0,419742.18
31,Female,Bachelor's,Product Manager,Government,4.9,Mumbai,Full-time,Startup (1-50),On-site,2345135.92,"Excel, Machine Learning, Data Analysis, Project Management",2,1,2561984.1
46,Female,Bachelor's,Sales Manager,Education,8.8,Pune,Full-time,Small (51-200),On-site,1192693.02,"Java, Machine Learning",0,1,1464622.59
26,Male,Master's,Project Manager,Media,1.5,Chennai,Full-time,Small (51-200),Remote,1627131.56,"Leadership, Excel, Python, Data Analysis, C++",0,1,1663783.95
25,Female,Diploma,Data Scientist,Healthcare,2.2,Ahmedabad,Full-time,Enterprise (5000+),Remote,756948.83,"Java, Communication, C++, Cloud Computing, Leadership",1,0,1640224.83
27,Female,Bachelor's,Sales Executive,Information Technology,4.1,Ahmedabad,Freelance,Large (1000-5000),On-site,488114.21,"JavaScript, Data Analysis",1,0,534727.73
40,Female,Master's,Accountant,Telecommunications,8.9,Bangalore,Full-time,Medium (201-1000),On-site,712164.87,"SQL, C++, JavaScript, Java, Python",2,0,1140945.84
21,Female,Bachelor's,Operations Manager,Healthcare,0.7,Kolkata,Full-time,Enterprise (5000+),Hybrid,887274.58,"Project Management, Python",2,1,1967651.81
27,Female,Master's,Sales Executive,Telecommunications,1.2,Chennai,Part-time,Medium (201-1000),Remote,241294.3,"SQL, Leadership, Communication, C++, Cloud Computing",3,0,458666.7
25,Male,Master's,Customer Support Executive,Manufacturing,2.2,Pune,Full-time,Enterprise (5000+),On-site,272825.21,"Excel, Java, C++",3,0,677047.78
34,Male,PhD,Software Engineer,Information Technology,6.4,Mumbai,Full-time,Large (1000-5000),On-site,1546357.17,"SQL, Leadership, C++, Project Management",2,0,2685445.23
29,Male,Master's,DevOps Engineer,Healthcare,3.0,Mumbai,Full-time,Large (1000-5000),On-site,3177643.19,"Machine Learning, C++, SQL",3,1,3939929.74
24,Female,Bachelor's,HR Manager,Finance,2.8,Hyderabad,Full-time,Enterprise (5000+),On-site,1294816.86,"Project Management, JavaScript, Leadership, Data Analysis, Excel",0,1,1813242.23
32,Male,Bachelor's,Financial Analyst,Media,5.0,Delhi NCR,Part-time,Startup (1-50),Remote,604126.42,"Leadership, Cloud Computing, Data Analysis, Communication",3,1,659776.37
32,Female,Master's,QA Engineer,Telecommunications,5.7,Jaipur,Full-time,Large (1000-5000),Hybrid,715535.49,"Communication, Java, JavaScript",3,1,1288980.41
32,Male,High School,Data Analyst,Retail,8.5,Hyderabad,Freelance,Medium (201-1000),Remote,487029.55,"Python, Java",2,0,507293.37
28,Female,PhD,Content Writer,Information Technology,1.7,Bangalore,Full-time,Medium (201-1000),On-site,860782.06,"Machine Learning, C++",0,0,869476.83
37,Female,Bachelor's,Data Scientist,Retail,10.5,Delhi NCR,Full-time,Medium (201-1000),On-site,1409456.36,"Java, Excel, Data Analysis",2,0,1915939.2
34,Male,Master's,Business Analyst,Consulting,4.4,Kolkata,Full-time,Large (1000-5000),Hybrid,774083.64,"Cloud Computing, Java, Project Management, Python",0,0,1276798.67
21,Female,Master's,Project Manager,Media,1.7,Kolkata,Full-time,Medium (201-1000),Remote,1479620.07,"Python, Excel, Data Analysis",0,1,1615274.97
55,Male,Bachelor's,DevOps Engineer,Government,24.3,Mumbai,Part-time,Small (51-200),Hybrid,1531407.09,"Cloud Computing, Python, Leadership, JavaScript, C++",3,0,1770607.85
29,Female,Master's,Product Manager,Consulting,3.2,Jaipur,Full-time,Medium (201-1000),Hybrid,2052100.69,"Python, Excel, Communication, Cloud Computing, Java",2,1,3128889.73
29,Other,High School,Graphic Designer,Education,,Pune,Full-time,Startup (1-50),Hybrid,297755.31,"Data Analysis, C++",2,0,384825.75
34,Female,Diploma,Marketing Manager,Government,8.6,Mumbai,Full-time,Enterprise (5000+),On-site,1291179.02,"Java, C++, Project Management, JavaScript",0,1,1760400.78
24,Female,Diploma,Research Scientist,Healthcare,1.8,Bangalore,Full-time,Medium (201-1000),Hybrid,1092742.75,"SQL, Python",0,0,1616741.14
39,Female,High School,Sales Executive,Information Technology,12.4,Delhi NCR,Full-time,Medium (201-1000),Remote,827978.64,"Data Analysis, Python, Project Management, Leadership, Communication",3,1,1079147.56
29,Female,Diploma,Operations Manager,Healthcare,7.1,Delhi NCR,Full-time,Medium (201-1000),Hybrid,1415297.3,"Python, C++, Leadership, Excel",2,1,1742946.39
32,Male,Master's,Accountant,Education,6.1,Jaipur,Full-time,Startup (1-50),Hybrid,439699.36,"Java, Communication, Excel, Leadership, Cloud Computing",0,0,490184.37
25,Female,Bachelor's,Marketing Manager,Information Technology,3.0,Mumbai,Full-time,Medium (201-1000),Hybrid,1539986.54,"Project Management, Machine Learning, JavaScript, C++",2,1,2025455.47
35,Female,Bachelor's,Graphic Designer,Manufacturing,4.2,Chennai,Contract,Large (1000-5000),On-site,488850.11,"Cloud Computing, Java, Data Analysis, Project Management, Machine Learning",0,0,626743.19
32,Female,Master's,Operations Manager,Healthcare,2.7,Chennai,Full-time,Small (51-200),On-site,1287595.45,"Data Analysis, SQL, Python, C++, Java",3,1,2040081.08
31,Female,Bachelor's,Product Manager,Finance,7.9,Delhi NCR,Full-time,Enterprise (5000+),Remote,3454168.56,"Leadership, Communication, JavaScript, C++, Machine Learning",0,1,5109827.75
26,Male,Bachelor's,Sales Manager,Media,1.4,Chennai,Full-time,Small (51-200),Hybrid,1235924.82,"Cloud Computing, Python, Project Management, JavaScript, C++",3,1,1352698.5
34,Female,Master's,Project Manager,Consulting,4.7,Remote (India),Full-time,Small (51-200),Remote,1346760.09,"Data Analysis, Project Management",1,1,1880319.84
26,Male,Bachelor's,Software Engineer,Manufacturing,2.5,Hyderabad,Contract,Large (1000-5000),Remote,769693.44,"Cloud Computing, Communication, Excel",3,0,1187672.24
32,Male,Master's,Accountant,Information Technology,9.6,Chennai,Full-time,Enterprise (5000+),On-site,611669.68,"Leadership, JavaScript, Cloud Computing",1,0,1271966.63
34,Female,Bachelor's,Research Scientist,Education,11.0,Pune,Full-time,Large (1000-5000),Hybrid,1738047.17,"SQL, Python, JavaScript, Machine Learning, Project Management",1,1,2597633.34
35,Female,Bachelor's,Sales Manager,Media,11.1,Remote (India),Contract,Medium (201-1000),Hybrid,987932.65,"SQL, Java, Communication, Machine Learning",2,1,2096619.47
36,Female,Master's,Software Engineer,Finance,2.8,Mumbai,Full-time,Startup (1-50),Remote,929522.24,"Machine Learning, Data Analysis, Leadership, Python",1,0,1583870.14
33,Male,Bachelor's,Business Analyst,Healthcare,6.6,Kolkata,Full-time,Medium (201-1000),On-site,499991.04,"Data Analysis, Cloud Computing, C++, Excel, SQL",0,0,951472.78
33,Male,Bachelor's,Senior Software Engineer,Healthcare,9.3,Mumbai,Contract,Enterprise (5000+),On-site,2219768.15,"Leadership, JavaScript, C++, SQL",2,0,2899099.18
29,Female,Bachelor's,Sales Executive,Healthcare,8.5,Ahmedabad,Full-time,Enterprise (5000+),Hybrid,657905.64,"Cloud Computing, Python, SQL",2,0,966039.41
30,Female,PhD,Sales Executive,Information Technology,5.0,Hyderabad,Full-time,Small (51-200),Remote,966186.92,"Cloud Computing, Communication, Project Management, Data Analysis, C++",2,0,1143581.32
35,Female,High School,Business Analyst,Information Technology,9.1,Delhi NCR,Contract,Small (51-200),Remote,824660.7,"Excel, Python, Machine Learning, JavaScript, Java",3,0,1005579.38
26,Female,Bachelor's,Sales Executive,Consulting,6.6,Bangalore,Full-time,Medium (201-1000),Hybrid,834978.87,"Python, Java",1,0,976519.69
22,Male,Bachelor's,Operations Manager,Consulting,2.3,Bangalore,Full-time,Medium (201-1000),On-site,1409448.81,"Data Analysis, C++, Cloud Computing, Project Management, Excel",2,1,2201785.27
31,Female,Bachelor's,QA Engineer,Finance,3.7,Mumbai,Full-time,Medium (201-1000),On-site,1023028.85,"Leadership, JavaScript",0,1,1291587.5
24,Male,Master's,Customer Support Executive,Consulting,3.4,Mumbai,Full-time,Medium (201-1000),On-site,439698.79,"JavaScript, Python",2,0,728795.4
32,Female,High School,Sales Manager,Government,5.8,Pune,Full-time,Large (1000-5000),Hybrid,1195568.78,"Java, Cloud Computing, Project Management, Communication",3,1,1559580.07
31,Male,Bachelor's,Project Manager,Government,6.7,Ahmedabad,Full-time,Enterprise (5000+),Hybrid,1211227.39,"Leadership, Machine Learning",1,1,1747230.16
29,Male,Bachelor's,Executive Director,Education,7.9,Hyderabad,Contract,Large (1000-5000),Hybrid,3825923.24,"Machine Learning, JavaScript, Cloud Computing, Communication, Python",0,1,4793228.42
25,Female,Bachelor's,Project Manager,Consulting,2.8,Bangalore,Full-time,Startup (1-50),Hybrid,1612912.26,"Communication, Cloud Computing, Data Analysis",3,1,1825600.01
37,Male,Bachelor's,Operations Manager,Education,8.7,Hyderabad,Contract,Small (51-200),On-site,,"Project Management, Communication, Leadership",3,1,1268278.03
36,Female,Bachelor's,Financial Analyst,Information Technology,7.6,Bangalore,Full-time,Medium (201-1000),Hybrid,1211971.44,"Cloud Computing, SQL, Machine Learning, C++",2,1,2044805.35
28,Female,Bachelor's,Executive Director,Media,2.2,Delhi NCR,Full-time,Medium (201-1000),Remote,4321918.35,"SQL, JavaScript, Java, Project Management, Cloud Computing",3,1,5422823.94
27,Female,Master's,Data Analyst,Government,3.7,Delhi NCR,Full-time,Medium (201-1000),Hybrid,522658.93,"Java, Python, Leadership, SQL",1,0,1034506.44
37,Male,Bachelor's,Administrative Assistant,Consulting,8.2,Remote (India),Freelance,Enterprise (5000+),On-site,296632.98,"JavaScript, Excel, Data Analysis",0,0,493816.46
35,Male,PhD,Sales Manager,Telecommunications,7.6,Bangalore,Full-time,Medium (201-1000),On-site,1699439.35,"Data Analysis, Cloud Computing, Leadership",1,1,3179587.54
32,Female,Bachelor's,Data Analyst,Manufacturing,13.3,Delhi NCR,Full-time,Small (51-200),Hybrid,921071.68,"Excel, Java, C++, Communication, Leadership",2,1,1050825.96
32,Female,Master's,Customer Support Executive,Healthcare,9.2,Remote (India),Full-time,Large (1000-5000),On-site,516020.95,"Machine Learning, JavaScript, Python",0,0,647713.1
36,Male,Bachelor's,Data Scientist,Information Technology,13.3,Chennai,Full-time,Large (1000-5000),Hybrid,1530884.08,"Data Analysis, Python, Leadership",3,0,2917803.61
32,Male,Master's,Administrative Assistant,Media,6.9,Bangalore,Full-time,Enterprise (5000+),Remote,394599.92,"Communication, C++, Data Analysis, Cloud Computing, Project Management",3,1,860195.24
27,Female,Bachelor's,Graphic Designer,Manufacturing,4.1,Jaipur,Full-time,Startup (1-50),On-site,,"JavaScript, Leadership",2,0,444724.12
21,Male,Bachelor's,QA Engineer,Government,2.6,Ahmedabad,Full-time,Large (1000-5000),On-site,378690.99,"JavaScript, SQL, Cloud Computing, Java",0,0,735717.23
26,Male,PhD,QA Engineer,Telecommunications,6.9,Chennai,Full-time,Large (1000-5000),On-site,971329.18,"Excel, Project Management, Machine Learning, C++, Cloud Computing",0,0,1400151.35
32,Male,Master's,Sales Manager,Consulting,9.7,Kolkata,Full-time,Enterprise (5000+),Remote,1837614.51,"Project Management, Machine Learning, Data Analysis, Cloud Computing, Java",0,1,3157513.63
27,Female,PhD,Software Engineer,Retail,1.2,Jaipur,Full-time,Large (1000-5000),Hybrid,1007468.76,"Cloud Computing, Data Analysis, Communication, Java",2,0,1374553.83
33,Male,Master's,UX Designer,Media,6.8,Bangalore,Full-time,Enterprise (5000+),Hybrid,1264328.94,"Leadership, Project Management, C++, Communication, Python",0,0,2052342.45
29,Female,Bachelor's,Research Scientist,Retail,6.7,Kolkata,Full-time,Large (1000-5000),On-site,946997.75,"Cloud Computing, Project Management, C++, Machine Learning, SQL",3,0,1893847.06
32,Male,Bachelor's,DevOps Engineer,Education,8.4,Kolkata,Part-time,Large (1000-5000),Hybrid,591032.32,"JavaScript, Python, Cloud Computing, Excel, Machine Learning",1,0,1171434.25
31,Female,Bachelor's,HR Executive,Finance,7.4,Remote (India),Contract,Small (51-200),Remote,421802.92,"Python, Communication",0,0,551548.26
36,Male,Bachelor's,Data Scientist,Media,8.6,Delhi NCR,Part-time,Medium (201-1000),Remote,908423.33,"Cloud Computing, JavaScript, Leadership, SQL",0,1,1230192.57
44,Male,Bachelor's,Data Scientist,Education,17.1,Kolkata,Full-time,Large (1000-5000),Remote,1262389.2,"Excel, Machine Learning, Python, JavaScript",1,0,2017139.11
32,Male,Bachelor's,UX Designer,Government,,Delhi NCR,Full-time,Medium (201-1000),Hybrid,1090581.28,"Cloud Computing, Communication, Python, Java, Project Management",3,0,1459635.93
31,Female,High School,Product Manager,Consulting,8.3,Bangalore,Full-time,Large (1000-5000),On-site,1272427.42,"C++, SQL",0,1,2933713.71
26,Male,Bachelor's,DevOps Engineer,Media,4.2,Ahmedabad,Full-time,Enterprise (5000+),Remote,1067657.9,"Communication, SQL, Cloud Computing, Python",3,0,1987145.98
33,Male,Bachelor's,Research Scientist,Education,2.8,Remote (India),Full-time,Medium (201-1000),Remote,1329085.41,"SQL, Cloud Computing",2,0,1439905.88
31,Male,Diploma,Executive Director,Manufacturing,5.0,Kolkata,Full-time,Medium (201-1000),Remote,2621323.07,"Communication, Data Analysis, Machine Learning, Java, Project Management",1,1,3626075.14
28,Male,Bachelor's,Financial Analyst,Finance,11.2,Mumbai,Full-time,Medium (201-1000),Hybrid,988484.75,"SQL, Cloud Computing",0,0,1685935.43
33,Female,Bachelor's,Operations Manager,Healthcare,8.2,Hyderabad,Full-time,Medium (201-1000),Hybrid,1384407.18,"JavaScript, Java",0,1,2021973.03
42,Male,Master's,QA Engineer,Government,15.6,Pune,Full-time,Startup (1-50),On-site,808168.93,"Machine Learning, Excel, Cloud Computing, Python, Communication",2,0,1083592.25
25,Male,Master's,Accountant,Government,7.0,Jaipur,Part-time,Medium (201-1000),On-site,294106.56,"Leadership, Machine Learning, Cloud Computing",1,0,368028.75
26,Male,Bachelor's,Business Analyst,Information Technology,4.9,Mumbai,Full-time,Medium (201-1000),On-site,1287358.28,"C++, Cloud Computing",0,0,1300361.9
44,Male,Master's,Sales Executive,Government,15.3,Hyderabad,Full-time,Small (51-200),On-site,775090.13,"Machine Learning, Project Management, Excel, Leadership, Cloud Computing",0,0,959734.89
33,Female,Bachelor's,Business Analyst,Government,1.4,Pune,Full-time,Startup (1-50),Remote,704223.23,"Cloud Computing, Project Management, SQL, Leadership",1,1,747472.55
31,Male,PhD,QA Engineer,Consulting,5.4,Pune,Full-time,Medium (201-1000),On-site,880953.04,"JavaScript, Data Analysis, Excel",0,0,1352802.49
36,Male,Bachelor's,Business Analyst,Consulting,9.2,Delhi NCR,Full-time,Medium (201-1000),Hybrid,781633.83,"Leadership, Machine Learning, JavaScript, C++",0,0,1375373.99
34,Female,Master's,Marketing Manager,Telecommunications,8.8,Ahmedabad,Full-time,Small (51-200),Hybrid,1317396.95,"Leadership, SQL, Python, Machine Learning",3,1,1994815.29
27,Male,High School,Executive Director,Consulting,3.0,Delhi NCR,Full-time,Startup (1-50),On-site,3104023.1,"Java, C++, Cloud Computing",2,1,4267876.18
37,Female,Master's,Executive Director,Manufacturing,7.9,Pune,Full-time,Small (51-200),Remote,4165600.1,"Leadership, Java, Data Analysis, Machine Learning",1,1,6455443.69
23,Female,Master's,Financial Analyst,Government,3.4,Kolkata,Full-time,Medium (201-1000),Hybrid,744190.11,"JavaScript, Communication, Project Management",3,1,1267013.76
31,Male,Diploma,Accountant,Education,8.6,Delhi NCR,Full-time,Startup (1-50),Hybrid,490581.18,"Python, JavaScript, Cloud Computing",0,0,544717.62
38,Female,Bachelor's,Sales Manager,Media,14.4,Ahmedabad,Full-time,Large (1000-5000),Remote,1118012.41,"Excel, Python, JavaScript, Cloud Computing",3,1,2173900.47
29,Female,Bachelor's,Accountant,Government,4.2,Chennai,Full-time,Small (51-200),Hybrid,357973.8,"Leadership, Data Analysis, Cloud Computing",3,1,743755.82
31,Male,Master's,Administrative Assistant,Information Technology,4.4,Remote (India),Full-time,Large (1000-5000),Hybrid,407005.54,"Machine Learning, SQL",3,0,629719.0
25,Male,Bachelor's,Software Engineer,Government,1.2,Chennai,Full-time,Medium (201-1000),On-site,581915.88,"C++, Communication, SQL, Cloud Computing",2,0,961236.58
39,Female,Diploma,Project Manager,Telecommunications,9.7,Pune,Contract,Small (51-200),Hybrid,1183515.4,"Machine Learning, JavaScript",3,1,1465882.24
35,Male,Master's,Project Manager,Manufacturing,10.8,Bangalore,Full-time,Medium (201-1000),Remote,1546815.91,"JavaScript, Leadership, SQL, Machine Learning",0,1,2308454.34
38,Male,PhD,Sales Executive,Government,9.3,Pune,Full-time,Large (1000-5000),Hybrid,650145.66,"Project Management, Excel, Cloud Computing, Communication, SQL",0,0,1067203.98
44,Male,Master's,Marketing Manager,Consulting,12.7,Chennai,Full-time,Small (51-200),On-site,1191396.01,"Cloud Computing, C++, Java, Project Management, Communication",2,1,2475814.37
33,Female,PhD,Data Analyst,Finance,10.7,Bangalore,Full-time,Enterprise (5000+),Hybrid,1208139.56,"SQL, C++",1,0,1961112.39
28,Female,Bachelor's,Accountant,Media,1.0,Ahmedabad,Full-time,Large (1000-5000),On-site,396177.6,"C++, Java, SQL, Python, Project Management",3,0,744492.81
35,Male,High School,HR Manager,Healthcare,11.8,Pune,Full-time,Small (51-200),Hybrid,,"Communication, SQL, C++, JavaScript, Leadership",3,1,1388357.07
26,Female,Master's,Customer Support Executive,Media,1.2,Ahmedabad,Part-time,Large (1000-5000),Remote,184790.06,"C++, Project Management, Machine Learning, Data Analysis",0,0,264411.02
42,Male,Bachelor's,HR Manager,Consulting,11.1,Remote (India),Full-time,Enterprise (5000+),Hybrid,1542179.73,"C++, JavaScript, Leadership, Communication, Cloud Computing",3,1,2392547.9
29,Male,Diploma,Graphic Designer,Media,1.3,Ahmedabad,Full-time,Small (51-200),Remote,268490.19,"Leadership, JavaScript, Python, C++",3,0,369822.99
23,Female,High School,Accountant,Information Technology,4.5,Remote (India),Contract,Large (1000-5000),On-site,370093.76,"SQL, Excel, Communication",2,0,505305.56
39,Female,Master's,Financial Analyst,Media,11.0,Mumbai,Full-time,Small (51-200),Remote,1200451.41,"Excel, Java, Python",2,0,1278628.86
34,Female,Master's,Executive Director,Finance,9.9,Remote (India),Part-time,Medium (201-1000),Hybrid,2498877.68,"Python, C++, Cloud Computing",3,1,4712801.61
30,Male,Master's,HR Executive,Manufacturing,2.2,Mumbai,Full-time,Medium (201-1000),On-site,560411.73,"JavaScript, C++, Data Analysis, Excel",0,0,618142.84
35,Male,Master's,Research Scientist,Government,7.2,Mumbai,Full-time,Enterprise (5000+),Hybrid,2227033.99,"Project Management, Excel, Java, Leadership",0,0,3126892.82
45,Female,Master's,Marketing Manager,Manufacturing,16.9,Remote (India),Full-time,Medium (201-1000),Remote,1316325.37,"Leadership, JavaScript, Cloud Computing, SQL",0,1,2382981.31
43,Male,High School,Marketing Manager,Retail,20.3,Delhi NCR,Full-time,Medium (201-1000),On-site,1343532.17,"Leadership, Project Management, Java, Data Analysis, C++",2,1,1474124.2
32,Female,Master's,Marketing Manager,Consulting,13.7,Mumbai,Full-time,Enterprise (5000+),On-site,2115947.3,"SQL, JavaScript, Data Analysis",3,1,3111079.05
31,Male,Bachelor's,HR Manager,Healthcare,5.9,Hyderabad,Full-time,Startup (1-50),On-site,1223213.15,"JavaScript, SQL, C++, Data Analysis, Communication",2,1,1665277.36
36,Female,High School,Operations Manager,Media,10.9,Kolkata,Full-time,Large (1000-5000),Hybrid,1208961.13,"SQL, Data Analysis, Communication",1,1,1518619.15
25,Male,Master's,Customer Support Executive,Consulting,2.9,Delhi NCR,Full-time,Large (1000-5000),Remote,410474.02,"Data Analysis, SQL",0,1,819042.97
37,Male,Diploma,Senior Software Engineer,Media,10.6,Jaipur,Full-time,Medium (201-1000),Remote,1178409.26,"SQL, Leadership, C++, Data Analysis",3,1,1964468.25
32,Male,Bachelor's,DevOps Engineer,Healthcare,3.8,Hyderabad,Full-time,Enterprise (5000+),On-site,1205094.4,"Communication, Data Analysis, Leadership, C++, SQL",1,0,2633570.18
34,Male,Bachelor's,Software Engineer,Telecommunications,13.9,Chennai,Full-time,Small (51-200),Remote,929480.54,"Project Management, Java, Communication",1,0,1299287.63
31,Female,Bachelor's,Data Scientist,Consulting,3.7,Delhi NCR,Contract,Medium (201-1000),On-site,1252688.37,"C++, Cloud Computing, Data Analysis",3,0,2132510.84
30,Male,Master's,Accountant,Media,11.3,Ahmedabad,Full-time,Startup (1-50),Hybrid,544313.69,"Leadership, Communication, SQL, Machine Learning",2,0,773340.38
25,Female,Bachelor's,Research Scientist,Finance,4.1,Delhi NCR,Full-time,Enterprise (5000+),On-site,2126781.48,"Data Analysis, Excel, Machine Learning, C++, JavaScript",1,0,2508309.82
31,Male,Master's,Research Scientist,Information Technology,5.0,Jaipur,Full-time,Enterprise (5000+),Remote,1588688.61,"Leadership, Project Management",1,0,2475345.75
33,Female,Diploma,DevOps Engineer,Media,7.6,Delhi NCR,Full-time,Large (1000-5000),Remote,1906606.66,"C++, Java, Leadership",3,0,2054183.74
43,Female,Bachelor's,Data Analyst,Retail,7.2,Delhi NCR,Contract,Enterprise (5000+),Remote,643655.85,"Machine Learning, Project Management, JavaScript, Data Analysis, Leadership",3,0,1006619.49
21,Male,Master's,Customer Support Executive,Finance,3.2,Pune,Full-time,Startup (1-50),On-site,426818.29,"SQL, Machine Learning, JavaScript, Python",2,0,485869.17
31,Male,Diploma,Customer Support Executive,Information Technology,7.5,Bangalore,Full-time,Small (51-200),Remote,446932.45,"Machine Learning, Cloud Computing, Excel",2,0,504979.77
28,Female,Bachelor's,Customer Support Executive,Media,5.4,Pune,Full-time,Medium (201-1000),Hybrid,372628.6,"Machine Learning, Cloud Computing",0,0,436293.67
40,Female,Bachelor's,Project Manager,Government,16.6,Mumbai,Full-time,Enterprise (5000+),On-site,937010.29,"Data Analysis, SQL, Cloud Computing, Project Management",2,1,2877268.93
32,Female,Master's,HR Manager,Government,8.9,Pune,Full-time,Small (51-200),Hybrid,1599326.57,"Leadership, Java, Machine Learning, Communication",0,1,1615481.38
33,Male,Master's,Customer Support Executive,Education,8.4,Mumbai,Freelance,Large (1000-5000),Remote,361061.54,"SQL, Python, Communication, C++, Machine Learning",0,0,490674.03
32,Female,High School,UX Designer,Government,6.9,Delhi NCR,Contract,Small (51-200),Hybrid,614322.75,"Data Analysis, Excel, Java, Leadership, JavaScript",3,0,798987.33
36,Female,Diploma,Accountant,Information Technology,17.6,Kolkata,Full-time,Medium (201-1000),Hybrid,628737.14,"Excel, SQL, Project Management, JavaScript, Communication",2,0,876992.14
34,Male,Master's,Product Manager,Information Technology,5.3,Chennai,Full-time,Enterprise (5000+),Remote,3460509.22,"Cloud Computing, Communication, Leadership, Machine Learning, SQL",1,1,5127061.62
32,Female,Bachelor's,UX Designer,Telecommunications,1.5,Hyderabad,Full-time,Enterprise (5000+),Hybrid,1318869.88,"SQL, Excel, Java, JavaScript, Python",0,1,1854353.64
33,Male,Bachelor's,Customer Support Executive,Government,11.6,Delhi NCR,Full-time,Large (1000-5000),On-site,364532.12,"Java, Data Analysis, Python",1,0,614248.88
36,Male,Master's,Sales Manager,Telecommunications,10.1,Delhi NCR,Full-time,Large (1000-5000),On-site,2052562.01,"Cloud Computing, Leadership",1,1,2697888.21
62,Female,PhD,Marketing Manager,Consulting,35.0,Bangalore,Contract,Startup (1-50),On-site,3100183.15,"C++, Project Management, Data Analysis",1,1,3808570.58
22,Male,Master's,Product Manager,Manufacturing,2.1,Remote (India),Full-time,Startup (1-50),Hybrid,2388976.1,"JavaScript, SQL, C++, Leadership",0,1,2413107.18
21,Male,PhD,Software Engineer,Education,1.5,Hyderabad,Full-time,Large (1000-5000),Hybrid,1136953.48,"Excel, JavaScript, SQL, Machine Learning",2,0,1558122.49
39,Male,Bachelor's,Graphic Designer,Media,11.7,Ahmedabad,Full-time,Small (51-200),On-site,421374.36,"Data Analysis, Project Management, Java, JavaScript, Python",2,0,557263.14
25,Female,Master's,Data Scientist,Retail,7.3,Chennai,Full-time,Medium (201-1000),On-site,1009894.84,"Cloud Computing, SQL, JavaScript",0,0,1880792.99
27,Female,Diploma,DevOps Engineer,Information Technology,6.0,Hyderabad,Full-time,Medium (201-1000),Remote,1356843.02,"Leadership, SQL, Python",3,0,2355446.84
34,Male,Master's,Senior Software Engineer,Retail,8.8,Kolkata,Full-time,Enterprise (5000+),Hybrid,1681721.41,"Leadership, Communication",2,1,2871059.9
44,Female,Master's,Data Scientist,Information Technology,11.4,Mumbai,Full-time,Startup (1-50),Hybrid,3010892.16,"Cloud Computing, Leadership, Python, Machine Learning, Java",3,1,3777482.51
21,Female,Bachelor's,Customer Support Executive,Healthcare,1.6,Mumbai,Full-time,Medium (201-1000),Remote,,"Communication, Data Analysis, JavaScript, SQL, Leadership",3,0,608766.95
36,Female,Bachelor's,HR Manager,Manufacturing,11.2,Chennai,Full-time,Small (51-200),On-site,1246151.81,"C++, Leadership, SQL",0,1,1538124.17
34,Male,Master's,Business Analyst,Consulting,8.7,Kolkata,Contract,Enterprise (5000+),Hybrid,696396.71,"Leadership, Excel, Data Analysis, JavaScript",1,0,1378186.43
28,Male,Diploma,Research Scientist,Manufacturing,5.0,Kolkata,Full-time,Large (1000-5000),Hybrid,955848.57,"JavaScript, Java, Project Management, Cloud Computing",3,1,2065639.47
34,Male,Master's,Business Analyst,Media,8.2,Chennai,Full-time,Small (51-200),Hybrid,791425.02,"JavaScript, Java, Machine Learning, Project Management, Cloud Computing",2,0,1240552.5
27,Female,Bachelor's,Content Writer,Media,6.1,Kolkata,Contract,Medium (201-1000),Hybrid,392717.1,"Machine Learning, Cloud Computing, Excel",0,0,437182.75
26,Male,Diploma,Senior Software Engineer,Manufacturing,3.8,Jaipur,Full-time,Medium (201-1000),Hybrid,1101034.48,"Cloud Computing, Excel, Communication",2,0,1517808.24
31,Female,Bachelor's,Operations Manager,Finance,10.3,Kolkata,Full-time,Large (1000-5000),Remote,1818504.26,"Excel, SQL",0,1,1836872.99
24,Male,Master's,QA Engineer,Finance,6.6,Bangalore,Full-time,Medium (201-1000),Remote,,"Java, C++, Python, Excel",3,0,1466671.93
29,Male,Diploma,Senior Software Engineer,Retail,7.5,Mumbai,Contract,Startup (1-50),Remote,1547066.88,"Excel, Data Analysis, Machine Learning, Java, SQL",0,0,1579254.58
26,Male,Master's,UX Designer,Finance,7.3,Mumbai,Part-time,Medium (201-1000),Remote,614643.51,"Cloud Computing, SQL, JavaScript, Excel",3,0,1211841.03
38,Male,Bachelor's,QA Engineer,Healthcare,7.5,Kolkata,Full-time,Small (51-200),Hybrid,916108.61,"Leadership, Communication, JavaScript, Data Analysis, Java",3,0,941449.12
32,Male,Bachelor's,Sales Executive,Media,9.0,Remote (India),Contract,Small (51-200),Remote,367890.91,"SQL, Excel, Java, Project Management, JavaScript",2,0,667977.39
34,Male,High School,Sales Executive,Government,2.8,Delhi NCR,Full-time,Large (1000-5000),Hybrid,328192.95,"Excel, JavaScript",2,0,525578.88
34,Male,Bachelor's,Business Analyst,Finance,8.2,Pune,Full-time,Enterprise (5000+),Hybrid,1037693.05,"Leadership, Data Analysis",1,0,1361618.05
21,Male,PhD,Graphic Designer,Healthcare,3.2,Delhi NCR,Full-time,Small (51-200),Hybrid,985992.88,"Excel, Project Management, Cloud Computing, Python, Java",2,1,1269500.2
33,Male,Bachelor's,Administrative Assistant,Finance,11.0,Jaipur,Full-time,Small (51-200),Remote,485106.9,"Communication, Java",3,1,494043.17
29,Female,Master's,Business Analyst,Education,3.0,Chennai,Full-time,Small (51-200),On-site,571883.47,"Python, Leadership, Excel, SQL, Project Management",3,0,873477.51
30,Female,Bachelor's,Financial Analyst,Telecommunications,6.0,Jaipur,Freelance,Medium (201-1000),On-site,643810.17,"C++, Cloud Computing",3,1,820444.65
32,Female,Bachelor's,DevOps Engineer,Information Technology,3.8,Remote (India),Full-time,Medium (201-1000),On-site,2331505.67,"Java, Leadership, JavaScript",3,1,2768724.44
27,Male,Master's,Business Analyst,Healthcare,3.4,Chennai,Full-time,Startup (1-50),Remote,901091.46,"SQL, C++, Machine Learning, JavaScript, Data Analysis",3,0,1026075.21
31,Male,High School,DevOps Engineer,Manufacturing,6.4,Chennai,Full-time,Medium (201-1000),On-site,905716.39,"C++, Java, Machine Learning, Project Management",2,0,1551964.79
34,Female,Diploma,Senior Software Engineer,Media,1.4,Pune,Full-time,Large (1000-5000),On-site,1428719.31,"Machine Learning, Leadership",3,0,1830693.45
34,Female,High School,Customer Support Executive,Finance,10.7,Ahmedabad,Part-time,Large (1000-5000),On-site,160984.18,"Java, Communication, Excel",2,0,200431.95
45,Male,High School,Accountant,Consulting,16.9,Pune,Freelance,Large (1000-5000),Remote,624249.61,"SQL, Machine Learning",2,0,676979.89
45,Male,Master's,Project Manager,Media,23.7,Hyderabad,Full-time,Medium (201-1000),Remote,1757107.62,"Data Analysis, SQL, Cloud Computing, Project Management",3,1,2942507.96
31,Male,Bachelor's,Project Manager,Consulting,3.1,Mumbai,Full-time,Large (1000-5000),Hybrid,1415887.33,"JavaScript, Excel",3,1,2381162.17
30,Female,Bachelor's,QA Engineer,Media,8.9,Ahmedabad,Full-time,Medium (201-1000),Remote,606570.56,"Excel, Python, JavaScript",0,0,826719.18
21,Female,Diploma,Content Writer,Retail,2.3,Mumbai,Full-time,Enterprise (5000+),Hybrid,305377.85,"Leadership, Communication, Machine Learning, Python",0,1,616743.82
21,Male,High School,Business Analyst,Information Technology,4.8,Hyderabad,Contract,Startup (1-50),On-site,537598.0,"Communication, Data Analysis, Java, Excel",1,0,816496.59
27,Female,Diploma,Customer Support Executive,Telecommunications,4.0,Kolkata,Full-time,Startup (1-50),Hybrid,285472.2,"SQL, Leadership, Data Analysis, Communication",3,0,288355.76
28,Male,Bachelor's,Customer Support Executive,Manufacturing,4.6,Jaipur,Contract,Large (1000-5000),Remote,247619.93,"Python, Communication, SQL",3,1,440450.79
36,Female,PhD,Project Manager,Education,7.0,Bangalore,Full-time,Medium (201-1000),On-site,2277849.28,"Machine Learning, JavaScript",2,1,2300857.86
29,Female,High School,Administrative Assistant,Finance,4.0,Chennai,Full-time,Startup (1-50),Hybrid,256711.19,"C++, Cloud Computing, Machine Learning, Excel, Data Analysis",3,0,302509.51
44,Male,Master's,Accountant,Media,18.7,Delhi NCR,Full-time,Startup (1-50),Hybrid,946722.97,"Java, Communication",0,1,1134216.31
39,Male,Master's,Data Analyst,Education,15.8,Kolkata,Full-time,Medium (201-1000),Remote,571971.94,"Excel, SQL, Python, Java, JavaScript",0,0,1010531.45
41,Female,Master's,HR Manager,Media,7.9,Jaipur,Full-time,Startup (1-50),Hybrid,818856.55,"Data Analysis, SQL, JavaScript, Python, Java",0,1,1261110.29
29,Male,Bachelor's,Senior Software Engineer,Education,6.7,Delhi NCR,Full-time,Startup (1-50),Remote,1600980.96,"Cloud Computing, SQL",0,0,1617152.48
24,Female,High School,Financial Analyst,Manufacturing,1.4,Chennai,Full-time,Large (1000-5000),Remote,464495.63,"Java, Data Analysis, Machine Learning, Cloud Computing",0,1,830545.12
28,Other,Master's,Sales Manager,Retail,5.1,Hyderabad,Full-time,Small (51-200),Hybrid,1552058.18,"Python, Leadership, Data Analysis",3,1,1870066.9
29,Female,Bachelor's,DevOps Engineer,Finance,5.3,Pune,Full-time,Medium (201-1000),Remote,1760296.62,"SQL, Excel, JavaScript, Java, Python",3,0,2392857.02
30,Male,Bachelor's,Sales Executive,Consulting,6.1,Ahmedabad,Full-time,Startup (1-50),Remote,578193.93,"JavaScript, SQL, Java, Machine Learning, Excel",3,0,630354.72
26,Male,Bachelor's,Business Analyst,Consulting,4.4,Ahmedabad,Full-time,Medium (201-1000),On-site,847997.37,"JavaScript, SQL, Project Management",1,1,1127043.17
38,Female,Bachelor's,Project Manager,Education,8.3,Bangalore,Full-time,Enterprise (5000+),Hybrid,1566656.04,"Python, Project Management, Machine Learning, Java",1,1,1895758.78
35,Female,Bachelor's,Sales Executive,Information Technology,4.3,Bangalore,Full-time,Large (1000-5000),Remote,517012.12,"Java, SQL",0,0,921612.8
33,Female,Bachelor's,Customer Support Executive,Retail,4.9,Pune,Full-time,Startup (1-50),Remote,268487.03,"JavaScript, Data Analysis, Machine Learning, Java",2,0,368238.09
41,Male,Master's,Product Manager,Media,7.5,Hyderabad,Full-time,Large (1000-5000),On-site,2801726.87,"Cloud Computing, Python",1,1,3437659.81
24,Female,Master's,Product Manager,Retail,2.2,Pune,Full-time,Enterprise (5000+),Hybrid,1226354.76,"Cloud Computing, Java, C++, Project Management",1,1,3890374.92
28,Male,Master's,HR Manager,Government,5.6,Chennai,Full-time,Medium (201-1000),Hybrid,1264842.37,"SQL, Java, C++, Leadership, Cloud Computing",2,1,1755910.43
43,Female,Bachelor's,Operations Manager,Telecommunications,12.2,Bangalore,Full-time,Enterprise (5000+),On-site,2042057.86,"Project Management, JavaScript, Leadership, Machine Learning",3,1,2702581.83
27,Female,Master's,Operations Manager,Healthcare,1.7,Remote (India),Full-time,Large (1000-5000),Remote,1696957.83,"Communication, Data Analysis, Leadership",2,1,2313286.81
28,Female,Bachelor's,Financial Analyst,Retail,8.5,Mumbai,Freelance,Small (51-200),Remote,758276.16,"SQL, Excel, Leadership",2,0,782599.78
38,Female,PhD,Operations Manager,Manufacturing,16.7,Mumbai,Full-time,Small (51-200),On-site,2737273.07,"Leadership, Data Analysis",1,1,2764922.3
27,Male,Bachelor's,DevOps Engineer,Information Technology,3.8,Remote (India),Full-time,Small (51-200),Remote,1401766.17,"Project Management, Cloud Computing, Python, Excel, Data Analysis",2,0,2144448.39
39,Female,Bachelor's,Sales Manager,Telecommunications,10.3,Bangalore,Full-time,Small (51-200),Remote,1706119.71,"Cloud Computing, Leadership",2,1,2182076.64
33,Male,Bachelor's,Executive Director,Healthcare,4.1,Chennai,Full-time,Startup (1-50),On-site,4157555.62,"Java, Excel, Machine Learning, Communication",0,1,4430664.39
31,Female,Bachelor's,Data Analyst,Healthcare,10.8,Kolkata,Part-time,Medium (201-1000),Remote,378020.06,"SQL, Communication, Python, Leadership, Cloud Computing",1,0,530854.98
38,Male,Bachelor's,Graphic Designer,Consulting,11.0,Ahmedabad,Full-time,Large (1000-5000),On-site,598969.84,"Communication, Data Analysis",2,0,825633.76
37,Female,Master's,Executive Director,Telecommunications,9.4,Bangalore,Full-time,Small (51-200),Remote,,"Project Management, Machine Learning, JavaScript, Cloud Computing, Data Analysis",2,1,8212003.68
31,Female,Master's,Software Engineer,Finance,8.0,Delhi NCR,Full-time,Enterprise (5000+),On-site,1361778.94,"SQL, C++, Communication",2,0,2328791.06
30,Male,Master's,Project Manager,Government,0.7,Ahmedabad,Full-time,Startup (1-50),Remote,1026771.26,"Project Management, Data Analysis, Excel",1,1,1037142.69
31,Male,Master's,Customer Support Executive,Finance,5.9,Mumbai,Full-time,Startup (1-50),Hybrid,497097.09,"Leadership, Python",0,0,637440.29
45,Male,Bachelor's,Data Analyst,Information Technology,16.8,Jaipur,Full-time,Small (51-200),On-site,739569.45,"Leadership, Data Analysis, Project Management",3,0,1054817.22
21,Female,Master's,QA Engineer,Healthcare,3.2,Bangalore,Contract,Startup (1-50),On-site,746482.82,"SQL, Data Analysis",0,0,948705.49
25,Male,Diploma,Software Engineer,Education,3.8,Remote (India),Full-time,Startup (1-50),Hybrid,623200.15,"Project Management, Leadership, SQL",2,0,706194.67
41,Male,Master's,DevOps Engineer,Finance,13.4,Ahmedabad,Full-time,Small (51-200),On-site,1296750.41,"Leadership, SQL, Cloud Computing, Excel, Data Analysis",1,1,3564530.22
26,Male,Diploma,HR Executive,Government,1.6,Kolkata,Part-time,Startup (1-50),On-site,167332.14,"Communication, Data Analysis, Excel, SQL, Java",2,0,169022.37
36,Male,High School,Business Analyst,Government,7.7,Remote (India),Full-time,Medium (201-1000),Remote,552937.77,"Leadership, Data Analysis",2,0,667928.16
29,Male,Diploma,Software Engineer,Education,5.3,Jaipur,Full-time,Medium (201-1000),Remote,692918.57,"Project Management, SQL, Python, Data Analysis",1,1,861085.62
29,Male,Diploma,Data Analyst,Manufacturing,3.4,Pune,Full-time,Startup (1-50),On-site,457576.75,"Communication, Python",0,0,463921.04
38,Male,Bachelor's,Sales Executive,Consulting,11.8,Jaipur,Full-time,Small (51-200),Hybrid,677273.59,"Communication, Machine Learning",0,0,684114.74
22,Female,Diploma,Administrative Assistant,Finance,7.4,Bangalore,Full-time,Medium (201-1000),Hybrid,387754.11,"SQL, Data Analysis",0,0,500926.82
33,Male,PhD,Sales Executive,Media,5.5,Delhi NCR,Full-time,Startup (1-50),Hybrid,837105.57,"Cloud Computing, Machine Learning, Communication",1,1,1177980.23
37,Female,Bachelor's,Product Manager,Retail,10.7,Pune,Part-time,Enterprise (5000+),Hybrid,1235913.94,"SQL, JavaScript",2,1,1761894.12
27,Male,Master's,Operations Manager,Manufacturing,6.1,Kolkata,Full-time,Enterprise (5000+),Hybrid,1576058.35,"C++, Java, SQL, Project Management",3,1,2363894.97
25,Male,Bachelor's,DevOps Engineer,Finance,1.6,Chennai,Full-time,Startup (1-50),On-site,1370358.18,"SQL, C++",3,0,1608141.07
26,Female,Diploma,HR Executive,Healthcare,5.8,Hyderabad,Full-time,Enterprise (5000+),Remote,522879.71,"Data Analysis, Python, Excel, Machine Learning, JavaScript",2,0,776440.43
34,Male,PhD,Project Manager,Consulting,4.5,Remote (India),Part-time,Medium (201-1000),On-site,1099969.85,"Leadership, Data Analysis, Python, C++, SQL",3,1,1483480.66
34,Male,Bachelor's,Financial Analyst,Healthcare,12.2,Pune,Full-time,Large (1000-5000),On-site,1048130.72,"Leadership, Java, JavaScript, Excel, Data Analysis",0,1,1707249.23
23,Female,Bachelor's,Senior Software Engineer,Education,4.1,Remote (India),Full-time,Small (51-200),On-site,1140368.01,"Java, Python",3,0,1514721.75
39,Male,Master's,Sales Executive,Government,11.0,Bangalore,Full-time,Small (51-200),Hybrid,754988.09,"Communication, JavaScript, Machine Learning",0,0,921650.99
39,Other,Diploma,Research Scientist,Healthcare,12.5,Hyderabad,Full-time,Small (51-200),Hybrid,1915437.74,"Machine Learning, C++, Cloud Computing, Java",1,0,1934785.59
29,Male,Bachelor's,DevOps Engineer,Information Technology,5.0,Mumbai,Part-time,Medium (201-1000),Remote,972003.96,"Data Analysis, Java",0,0,1449301.72
32,Female,High School,HR Manager,Media,5.6,Pune,Full-time,Medium (201-1000),Hybrid,652582.45,"Machine Learning, Java, Cloud Computing",1,1,1257072.47
35,Male,Diploma,Sales Manager,Consulting,8.9,Ahmedabad,Full-time,Small (51-200),Hybrid,831060.02,"C++, Communication, SQL, Machine Learning, Java",1,1,1473164.59
30,Male,Master's,Customer Support Executive,Retail,7.8,Mumbai,Full-time,Small (51-200),Hybrid,441472.26,"Communication, Leadership",1,0,497849.4
38,Female,Master's,Operations Manager,Telecommunications,8.0,Mumbai,Full-time,Startup (1-50),On-site,1772024.66,"Cloud Computing, Communication, Project Management",1,1,2153429.91
28,Male,Master's,Senior Software Engineer,Retail,4.3,Delhi NCR,Full-time,Startup (1-50),Hybrid,2005067.69,"Cloud Computing, Machine Learning, Python, Project Management, C++",3,0,2299150.31
28,Male,Bachelor's,DevOps Engineer,Media,6.2,Remote (India),Full-time,Large (1000-5000),On-site,1911900.94,"SQL, Communication, Leadership, Python, Data Analysis",2,0,2085470.89
35,Male,Master's,Customer Support Executive,Information Technology,5.2,Remote (India),Freelance,Startup (1-50),On-site,329248.54,"Communication, Python, Java, Cloud Computing, Leadership",3,0,507515.41
26,Male,Bachelor's,Sales Executive,Telecommunications,6.8,Kolkata,Full-time,Medium (201-1000),Remote,610592.78,"Java, JavaScript, Machine Learning, Leadership",3,1,877616.21
24,Female,Master's,Customer Support Executive,Healthcare,2.4,Bangalore,Full-time,Large (1000-5000),On-site,438039.82,"Excel, Communication, Leadership",1,0,631031.31
31,Female,Bachelor's,Graphic Designer,Media,3.8,Bangalore,Full-time,Startup (1-50),On-site,408180.77,"SQL, Machine Learning",1,0,607477.79
22,Male,Master's,Sales Executive,Healthcare,4.3,Jaipur,Full-time,Enterprise (5000+),Hybrid,542832.64,"Python, Data Analysis, Java, Communication",1,0,942960.45
35,Male,Bachelor's,Software Engineer,Education,7.8,Ahmedabad,Full-time,Enterprise (5000+),Hybrid,747895.1,"Java, JavaScript, SQL, Excel",2,0,998519.14
23,Male,Master's,UX Designer,Consulting,4.2,Hyderabad,Full-time,Startup (1-50),Hybrid,1075634.09,"Java, Machine Learning, Communication, Data Analysis, C++",3,0,1437230.64
37,Female,Master's,Financial Analyst,Media,10.0,Mumbai,Full-time,Medium (201-1000),Remote,1110239.46,"Machine Learning, Python, Excel",0,0,1343797.56
34,Male,Bachelor's,Financial Analyst,Media,0.8,Delhi NCR,Full-time,Startup (1-50),On-site,740809.62,"Java, Project Management, Data Analysis",3,0,819908.21
44,Female,Bachelor's,HR Manager,Retail,15.4,Chennai,Full-time,Small (51-200),Hybrid,1304759.77,"Data Analysis, Java",1,1,1536148.6
28,Male,Bachelor's,Business Analyst,Media,6.1,Pune,Full-time,Startup (1-50),Remote,840029.97,"Communication, Python, Cloud Computing, Java",0,0,856451.0
30,Male,Master's,Senior Software Engineer,Manufacturing,4.1,Jaipur,Full-time,Enterprise (5000+),Remote,1483207.25,"Leadership, JavaScript, Java, Excel, C++",2,0,2434063.57
23,Male,Master's,HR Executive,Retail,4.4,Jaipur,Full-time,Enterprise (5000+),On-site,452961.44,"Java, SQL",1,0,585451.34
31,Female,Master's,Customer Support Executive,Government,11.1,Jaipur,Full-time,Startup (1-50),On-site,366931.26,"Cloud Computing, Machine Learning, SQL",3,0,444199.64
38,Female,Bachelor's,QA Engineer,Government,10.1,Remote (India),Full-time,Enterprise (5000+),On-site,664390.96,"Python, JavaScript, Data Analysis",0,0,982291.55
31,Female,Bachelor's,Financial Analyst,Retail,2.9,Bangalore,Contract,Startup (1-50),On-site,547655.0,"Excel, Java, Leadership, C++",3,0,642929.77
33,Male,Diploma,Project Manager,Media,12.8,Delhi NCR,Full-time,Enterprise (5000+),Hybrid,1418525.09,"Leadership, Excel, SQL",2,1,2295963.13
32,Female,Master's,Research Scientist,Telecommunications,5.3,Chennai,Full-time,Medium (201-1000),Remote,1974802.48,"Data Analysis, Communication",3,0,2257417.59
25,Male,Master's,Business Analyst,Government,1.1,Pune,Full-time,Medium (201-1000),Remote,794752.39,"Leadership, C++, Java",0,1,1174367.62
26,Female,Bachelor's,Administrative Assistant,Consulting,3.9,Pune,Full-time,Large (1000-5000),On-site,360722.47,"SQL, Excel, Project Management, Leadership, JavaScript",3,0,431872.2
35,Male,Bachelor's,Marketing Manager,Manufacturing,12.3,Jaipur,Full-time,Startup (1-50),Hybrid,1123553.24,"Java, Python",1,1,1181812.31
34,Female,Master's,HR Manager,Finance,6.4,Delhi NCR,Full-time,Enterprise (5000+),On-site,1783366.66,"Data Analysis, Python",3,1,3000444.08
28,Male,Bachelor's,DevOps Engineer,Government,7.6,Hyderabad,Full-time,Startup (1-50),Remote,1659722.62,"C++, Python, SQL, Data Analysis, Cloud Computing",3,1,2137757.22
34,Male,Master's,UX Designer,Information Technology,6.3,Kolkata,Contract,Enterprise (5000+),Hybrid,1204993.04,"Excel, Python, Project Management, C++",3,0,1954468.83
25,Male,Bachelor's,DevOps Engineer,Government,1.7,Chennai,Full-time,Small (51-200),Remote,1107974.63,"Data Analysis, SQL, Python, Project Management, Leadership",0,0,1406258.47
39,Male,Bachelor's,Graphic Designer,Consulting,10.0,Jaipur,Full-time,Medium (201-1000),Hybrid,484018.13,"Excel, Python, Data Analysis",3,0,764860.81
38,Male,Bachelor's,Sales Manager,Media,11.0,Remote (India),Part-time,Medium (201-1000),Remote,717448.89,"Project Management, Data Analysis",2,1,1133999.36
32,Female,Diploma,Project Manager,Government,13.9,Pune,Full-time,Large (1000-5000),Remote,1171514.79,"Machine Learning, Java, Project Management",3,1,1746218.76
31,Male,Bachelor's,Senior Software Engineer,Media,6.4,Pune,Full-time,Startup (1-50),Hybrid,1699847.66,"Data Analysis, SQL, Project Management, Machine Learning",3,0,2030421.42
45,Male,Master's,Product Manager,Government,15.6,Ahmedabad,Contract,Medium (201-1000),Remote,1894383.3,"JavaScript, Data Analysis",1,1,2945945.45
31,Male,Bachelor's,QA Engineer,Education,4.2,Ahmedabad,Full-time,Small (51-200),Remote,414252.9,"Cloud Computing, SQL, Project Management, Java",2,0,611276.63
28,Male,Bachelor's,Sales Manager,Manufacturing,6.2,Jaipur,Full-time,Large (1000-5000),Remote,954757.6,"Python, Project Management, Machine Learning, C++, JavaScript",3,1,1870922.36
28,Male,Diploma,UX Designer,Healthcare,10.0,Hyderabad,Full-time,Startup (1-50),On-site,904455.32,"SQL, Java, Leadership",2,0,1185492.79
22,Male,Bachelor's,Software Engineer,Retail,4.3,Remote (India),Full-time,Startup (1-50),On-site,838425.41,"Java, Machine Learning, Python",1,0,846894.36
35,Male,High School,Graphic Designer,Manufacturing,,Jaipur,Part-time,Small (51-200),Remote,216603.57,"Excel, Leadership",2,1,266128.8
32,Male,Master's,HR Executive,Media,8.5,Remote (India),Full-time,Medium (201-1000),On-site,420427.74,"Communication, Python, JavaScript, Machine Learning, Leadership",0,0,772282.41
36,Male,Master's,Executive Director,Government,14.0,Chennai,Full-time,Startup (1-50),Remote,4578387.47,"Machine Learning, C++, Data Analysis",0,1,5805075.11
37,Female,Bachelor's,Administrative Assistant,Telecommunications,5.2,Jaipur,Full-time,Large (1000-5000),Remote,305962.16,"Project Management, Python, Java, C++, Leadership",0,1,493534.34
28,Female,Master's,QA Engineer,Education,2.2,Kolkata,Full-time,Startup (1-50),On-site,576720.86,"Java, JavaScript, Leadership",1,0,582546.32
32,Male,High School,Business Analyst,Media,5.9,Bangalore,Full-time,Enterprise (5000+),On-site,623131.21,"Java, Communication",3,0,909658.05
38,Male,Bachelor's,Graphic Designer,Government,10.6,Hyderabad,Full-time,Medium (201-1000),Remote,442766.6,"Communication, Java, Data Analysis, Leadership, Cloud Computing",1,0,767493.51
35,Male,Diploma,Operations Manager,Finance,12.9,Jaipur,Full-time,Enterprise (5000+),Hybrid,1192017.7,"Excel, Python, Leadership, Machine Learning, Communication",1,1,2116605.64
30,Male,Bachelor's,Marketing Manager,Finance,8.4,Chennai,Full-time,Large (1000-5000),Hybrid,1387367.66,"JavaScript, Communication, Data Analysis, Python, Leadership",0,1,2122028.81
23,Male,Master's,Senior Software Engineer,Telecommunications,4.1,Bangalore,Full-time,Enterprise (5000+),Hybrid,2271707.11,"Leadership, Java",0,1,3944888.53
40,Male,Bachelor's,UX Designer,Information Technology,7.6,Hyderabad,Full-time,Startup (1-50),Hybrid,1057161.18,"C++, Excel, JavaScript",1,0,1462668.75
28,Female,Master's,Data Analyst,Media,3.7,Remote (India),Full-time,Large (1000-5000),Hybrid,785445.73,"JavaScript, Leadership, Communication, Excel",0,0,832735.75
30,Male,Bachelor's,Content Writer,Government,4.2,Ahmedabad,Contract,Small (51-200),On-site,390033.02,"Data Analysis, JavaScript, Machine Learning, Cloud Computing",0,1,393972.75
45,Male,Master's,Operations Manager,Finance,21.3,Pune,Full-time,Small (51-200),Hybrid,2037323.56,"Cloud Computing, Leadership, Communication, Data Analysis",1,1,3210212.79
36,Male,Master's,Data Scientist,Consulting,10.8,Hyderabad,Full-time,Medium (201-1000),Remote,2070023.35,"JavaScript, SQL, Cloud Computing, Excel",2,0,2652835.38
28,Female,Bachelor's,Research Scientist,Information Technology,6.1,Remote (India),Full-time,Medium (201-1000),On-site,1053635.31,"Data Analysis, SQL, Excel",0,0,2229086.11
25,Male,Diploma,Sales Manager,Consulting,4.7,Hyderabad,Full-time,Small (51-200),On-site,953817.56,"Communication, Data Analysis",2,1,1551048.55
37,Female,Master's,QA Engineer,Manufacturing,12.9,Chennai,Part-time,Small (51-200),Remote,590583.64,"Project Management, Data Analysis, Python, Leadership, Cloud Computing",2,0,627474.4
32,Male,Master's,Data Scientist,Retail,4.6,Delhi NCR,Full-time,Startup (1-50),On-site,1417326.54,"JavaScript, C++",1,0,1572205.99
40,Male,Bachelor's,Executive Director,Education,15.1,Delhi NCR,Full-time,Medium (201-1000),Hybrid,4507778.89,"Excel, Cloud Computing",0,1,6371026.94
33,Male,Bachelor's,Research Scientist,Information Technology,9.9,Delhi NCR,Full-time,Large (1000-5000),Hybrid,2240347.74,"Python, Cloud Computing, Data Analysis",3,0,3064819.25
36,Female,PhD,Marketing Manager,Finance,6.7,Hyderabad,Full-time,Startup (1-50),Remote,1852413.57,"C++, JavaScript",2,1,2399645.49
35,Male,PhD,UX Designer,Telecommunications,4.9,Ahmedabad,Contract,Startup (1-50),Hybrid,1174065.84,"Communication, SQL, Cloud Computing, Data Analysis, Leadership",0,0,1256535.28
29,Female,Master's,Sales Executive,Manufacturing,1.4,Chennai,Full-time,Enterprise (5000+),Remote,522232.44,"C++, JavaScript, Communication, Python, Java",1,0,845697.58
35,Female,Diploma,Content Writer,Media,12.3,Chennai,Full-time,Medium (201-1000),Hybrid,524231.64,"C++, Project Management, Python, SQL, JavaScript",2,1,724596.99
33,Female,Master's,Content Writer,Healthcare,10.2,Delhi NCR,Full-time,Startup (1-50),On-site,547556.81,"Leadership, SQL, Communication, Java, Cloud Computing",1,0,767057.56
28,Female,Bachelor's,Data Analyst,Education,5.6,Kolkata,Freelance,Startup (1-50),On-site,366565.96,"Communication, Data Analysis, Project Management, Excel",0,0,478633.54
36,Male,Bachelor's,Project Manager,Telecommunications,1.6,Remote (India),Freelance,Startup (1-50),Hybrid,834400.91,"Machine Learning, Data Analysis, SQL, Cloud Computing, JavaScript",0,1,1073905.94
28,Female,Master's,Product Manager,Education,4.3,Hyderabad,Full-time,Small (51-200),Remote,2627554.48,"Project Management, SQL, Leadership, Python",3,1,2771589.89
33,Male,Bachelor's,HR Executive,Finance,3.1,Mumbai,Full-time,Large (1000-5000),Hybrid,743203.24,"JavaScript, Leadership, Data Analysis, Machine Learning",2,1,985644.68
27,Female,Bachelor's,Financial Analyst,Manufacturing,3.0,Hyderabad,Full-time,Small (51-200),Remote,499682.79,"Excel, Leadership, Cloud Computing, Communication",1,0,887259.56
29,Female,Bachelor's,Accountant,Education,2.9,Bangalore,Contract,Large (1000-5000),On-site,456969.83,"Communication, C++, Machine Learning, Project Management, Cloud Computing",2,0,707465.57
29,Male,Bachelor's,Financial Analyst,Education,8.0,Kolkata,Full-time,Medium (201-1000),On-site,758437.37,"Data Analysis, Communication",1,0,781934.24
33,Female,Diploma,Executive Director,Finance,7.0,Remote (India),Full-time,Enterprise (5000+),Remote,3145077.56,"Java, C++",2,1,6245410.18
27,Female,Bachelor's,Research Scientist,Telecommunications,2.6,Mumbai,Full-time,Large (1000-5000),Remote,1293842.26,"Machine Learning, Project Management",0,0,2199128.4
32,Male,Master's,Sales Executive,Education,11.6,Jaipur,Freelance,Small (51-200),On-site,522627.79,"Leadership, SQL, JavaScript",2,0,563891.86
28,Female,Master's,QA Engineer,Information Technology,6.8,Hyderabad,Full-time,Large (1000-5000),On-site,1107104.27,"Data Analysis, C++, Java",0,0,1426691.51
32,Male,Bachelor's,Accountant,Information Technology,6.1,Mumbai,Full-time,Medium (201-1000),On-site,956982.09,"SQL, Machine Learning, Excel, C++, Leadership",1,1,1296219.44
27,Female,Bachelor's,Data Analyst,Information Technology,5.8,Jaipur,Full-time,Small (51-200),Hybrid,593998.73,"C++, Communication, Cloud Computing, Leadership",0,0,745653.97
29,Male,Master's,Content Writer,Government,4.5,Hyderabad,Part-time,Startup (1-50),On-site,266579.3,"C++, Leadership",0,0,269272.02
30,Male,Bachelor's,Project Manager,Finance,0.9,Chennai,Full-time,Startup (1-50),On-site,1280704.43,"Leadership, C++",0,1,1437607.81
40,Male,Master's,Marketing Manager,Retail,10.4,Bangalore,Full-time,Enterprise (5000+),Hybrid,1317715.08,"Project Management, Cloud Computing, SQL, C++, Python",3,1,3023949.22
31,Male,Bachelor's,Senior Software Engineer,Government,5.0,Hyderabad,Full-time,Large (1000-5000),Hybrid,1597839.97,"JavaScript, Machine Learning",3,0,2494774.59
34,Male,Bachelor's,Marketing Manager,Education,6.5,Bangalore,Full-time,Enterprise (5000+),On-site,1039590.95,"C++, Communication, Leadership",3,1,1859137.75
30,Male,Bachelor's,Data Analyst,Information Technology,4.1,Jaipur,Full-time,Medium (201-1000),On-site,711120.73,"Cloud Computing, JavaScript, Communication, Machine Learning, Project Management",1,0,867403.53
27,Female,Bachelor's,Marketing Manager,Media,2.7,Pune,Full-time,Small (51-200),Hybrid,1087501.72,"Leadership, Java, C++, Cloud Computing, Excel",3,1,1221700.76
43,Male,Bachelor's,Administrative Assistant,Finance,11.1,Hyderabad,Full-time,Large (1000-5000),Remote,268658.11,"Python, JavaScript",0,0,579326.32
22,Female,Bachelor's,Software Engineer,Manufacturing,1.1,Delhi NCR,Full-time,Small (51-200),Remote,988562.22,"Machine Learning, Excel, Leadership",2,0,1027772.33
26,Female,PhD,Financial Analyst,Media,1.8,Chennai,Full-time,Medium (201-1000),On-site,1149892.89,"Data Analysis, Cloud Computing, JavaScript",0,0,1161507.97
24,Female,Diploma,Product Manager,Government,1.0,Ahmedabad,Full-time,Startup (1-50),Hybrid,1022051.45,"Cloud Computing, SQL, Data Analysis, Java, JavaScript",1,1,1342159.81
32,Male,Bachelor's,HR Executive,Manufacturing,8.5,Chennai,Full-time,Startup (1-50),On-site,473841.35,"Data Analysis, Java, Communication, Cloud Computing, JavaScript",0,0,481105.29
34,Female,Bachelor's,Executive Director,Telecommunications,8.0,Jaipur,Full-time,Large (1000-5000),Hybrid,2310449.26,"Data Analysis, C++, Machine Learning, Excel, Project Management",0,1,6007225.92
34,Female,Bachelor's,Executive Director,Government,5.2,Jaipur,Contract,Small (51-200),Hybrid,1886429.47,"SQL, Communication",3,1,3173167.23
31,Female,Bachelor's,Executive Director,Healthcare,4.9,Ahmedabad,Full-time,Enterprise (5000+),On-site,4115516.29,"SQL, Machine Learning, Project Management, Java",2,1,5451677.72
28,Female,Bachelor's,DevOps Engineer,Finance,5.1,Ahmedabad,Full-time,Medium (201-1000),Hybrid,1593706.87,"Leadership, Machine Learning, Python, Communication, Cloud Computing",0,0,1880666.99
24,Female,Bachelor's,Customer Support Executive,Education,4.4,Mumbai,Full-time,Medium (201-1000),Hybrid,363777.39,"SQL, Excel, C++, JavaScript",2,0,458663.26
31,Male,Master's,Product Manager,Education,7.9,Delhi NCR,Full-time,Enterprise (5000+),Remote,2162654.82,"Data Analysis, Excel, Leadership",2,1,3946404.8
33,Female,Master's,UX Designer,Healthcare,1.6,Bangalore,Full-time,Startup (1-50),Hybrid,1189222.48,"Excel, Machine Learning, Project Management, SQL, Data Analysis",0,1,1762562.04
29,Male,High School,Project Manager,Information Technology,2.6,Delhi NCR,Freelance,Large (1000-5000),Remote,989433.83,"Python, Data Analysis, Project Management",3,1,1538620.64
27,Male,High School,Sales Manager,Media,7.2,Hyderabad,Full-time,Enterprise (5000+),Hybrid,1279475.58,"C++, Java, Communication, JavaScript",2,1,1717393.19
40,Male,Master's,Operations Manager,Media,11.3,Pune,Full-time,Small (51-200),On-site,1768521.28,"Communication, Excel, Java",3,1,1786385.13
34,Male,Bachelor's,QA Engineer,Manufacturing,10.0,Kolkata,Full-time,Startup (1-50),Hybrid,738993.49,"Data Analysis, Communication",2,0,746458.07
27,Male,Master's,Software Engineer,Finance,4.8,Kolkata,Full-time,Large (1000-5000),On-site,826286.85,"Machine Learning, Java, Data Analysis, Project Management, SQL",0,0,1544947.68
21,Female,Bachelor's,Business Analyst,Manufacturing,2.1,Bangalore,Full-time,Enterprise (5000+),Hybrid,878322.23,"Cloud Computing, JavaScript, Leadership, SQL, Python",0,0,1307935.69
30,Female,Master's,Business Analyst,Manufacturing,4.8,Mumbai,Full-time,Large (1000-5000),Remote,1462005.9,"C++, SQL, Python",2,1,1913235.13
30,Male,Bachelor's,Administrative Assistant,Retail,8.4,Chennai,Part-time,Enterprise (5000+),Hybrid,158913.77,"Excel, Java, Machine Learning",1,0,255113.28
32,Female,Master's,Graphic Designer,Media,,Mumbai,Full-time,Medium (201-1000),On-site,606672.36,"Project Management, C++",1,0,824738.07
31,Male,Bachelor's,Sales Executive,Retail,7.9,Mumbai,Full-time,Enterprise (5000+),On-site,294129.95,"Communication, Cloud Computing",0,0,852844.47
32,Male,Bachelor's,Sales Executive,Retail,5.8,Delhi NCR,Full-time,Large (1000-5000),On-site,707336.6,"Data Analysis, Excel, Leadership, Project Management",2,1,801825.61
30,Male,Bachelor's,HR Manager,Finance,7.2,Kolkata,Full-time,Startup (1-50),Hybrid,1346926.18,"Java, Leadership",3,1,1740267.01
28,Female,Bachelor's,Executive Director,Media,7.6,Mumbai,Full-time,Startup (1-50),Hybrid,3798097.71,"Excel, Communication, Data Analysis, Machine Learning",2,1,5408028.8
29,Male,Master's,DevOps Engineer,Manufacturing,7.5,Mumbai,Full-time,Large (1000-5000),On-site,2369311.56,"Excel, Java, SQL, Communication",1,0,2547518.19
33,Male,Master's,Business Analyst,Telecommunications,3.8,Mumbai,Part-time,Small (51-200),Remote,505734.03,"Data Analysis, Communication",2,0,782436.52
51,Female,Master's,Content Writer,Consulting,19.9,Kolkata,Full-time,Small (51-200),Hybrid,769715.33,"Communication, Project Management, Python",3,0,855868.86
32,Female,Diploma,Sales Executive,Finance,7.9,Remote (India),Full-time,Enterprise (5000+),Remote,539386.42,"SQL, Excel, Project Management, JavaScript",0,0,806783.59
29,Male,Bachelor's,HR Executive,Retail,1.5,Kolkata,Full-time,Small (51-200),On-site,261091.2,"JavaScript, SQL, Python, Leadership",1,0,392713.3
39,Female,Master's,Senior Software Engineer,Media,8.0,Pune,Full-time,Small (51-200),Hybrid,2076147.5,"Machine Learning, Project Management, Data Analysis",2,0,2414970.88
34,Male,High School,Sales Manager,Consulting,11.1,Delhi NCR,Full-time,Enterprise (5000+),Hybrid,1488886.52,"JavaScript, Python, Machine Learning, Excel",2,1,2436653.04
44,Male,Diploma,Sales Manager,Information Technology,19.6,Chennai,Full-time,Small (51-200),On-site,2042789.18,"Machine Learning, C++, Communication, Leadership",3,1,2221656.25
35,Male,Bachelor's,QA Engineer,Finance,9.5,Jaipur,Full-time,Small (51-200),Hybrid,669588.06,"Excel, Leadership, Project Management, C++, Java",3,0,988639.32
30,Male,PhD,Administrative Assistant,Retail,4.5,Chennai,Freelance,Enterprise (5000+),Hybrid,314524.42,"Machine Learning, Cloud Computing",3,0,539779.61
26,Male,Master's,Product Manager,Healthcare,6.9,Kolkata,Contract,Small (51-200),On-site,1687433.06,"Python, Cloud Computing",0,1,2409811.23
27,Female,Diploma,DevOps Engineer,Government,0.8,Bangalore,Full-time,Small (51-200),Remote,1162023.74,"Machine Learning, Python, SQL",0,0,1313101.69
29,Male,Bachelor's,Software Engineer,Manufacturing,5.2,Chennai,Full-time,Medium (201-1000),Hybrid,760914.96,"Project Management, C++, SQL, Cloud Computing, Communication",2,0,1256426.08
37,Male,Bachelor's,Executive Director,Information Technology,7.2,Chennai,Full-time,Large (1000-5000),Remote,4071679.3,"Machine Learning, Project Management, JavaScript, Python, Excel",0,1,7103459.22
27,Male,Master's,Executive Director,Media,3.7,Chennai,Full-time,Startup (1-50),Hybrid,5416784.78,"Communication, Data Analysis",0,1,5471499.78
35,Male,High School,HR Manager,Media,10.9,Ahmedabad,Full-time,Medium (201-1000),Hybrid,923230.76,"Java, SQL",1,1,1116292.71
36,Male,Bachelor's,Research Scientist,Manufacturing,8.0,Mumbai,Full-time,Enterprise (5000+),Hybrid,1366477.63,"Java, Python, Excel, Machine Learning, Communication",2,0,2619231.43
21,Female,Master's,Accountant,Education,3.6,Jaipur,Contract,Medium (201-1000),Hybrid,436449.66,"JavaScript, Python, Communication",2,1,629792.54
39,Male,Diploma,Data Analyst,Media,6.6,Ahmedabad,Full-time,Enterprise (5000+),Hybrid,552098.61,"Data Analysis, C++",1,0,747637.72
34,Female,Bachelor's,Project Manager,Telecommunications,2.7,Hyderabad,Freelance,Large (1000-5000),On-site,971753.69,"SQL, JavaScript, Machine Learning",2,1,1693882.55
29,Female,Bachelor's,HR Executive,Retail,3.6,Ahmedabad,Full-time,Small (51-200),Remote,372957.92,"Excel, Python, JavaScript, C++",1,0,407286.17
29,Male,Master's,Executive Director,Education,5.7,Kolkata,Full-time,Enterprise (5000+),On-site,,"Java, Python, JavaScript, Cloud Computing, C++",0,1,6388844.08
34,Female,Bachelor's,Accountant,Finance,11.6,Pune,Full-time,Small (51-200),Remote,411565.48,"Java, Data Analysis",2,0,854049.42
30,Male,Master's,Operations Manager,Telecommunications,4.8,Kolkata,Full-time,Medium (201-1000),Remote,1237410.06,"Machine Learning, Data Analysis, Communication",0,1,1794178.0
35,Male,Bachelor's,Operations Manager,Telecommunications,4.2,Bangalore,Full-time,Small (51-200),On-site,1542300.92,"SQL, C++, Leadership, Python",0,1,1786568.85
33,Male,Master's,Software Engineer,Media,9.3,Mumbai,Full-time,Small (51-200),Remote,1530880.33,"Python, JavaScript, Data Analysis, SQL",1,0,1546343.77
32,Other,Master's,Product Manager,Consulting,7.4,Pune,Freelance,Small (51-200),On-site,2375966.44,"Data Analysis, Python, C++, Excel",2,1,3402883.68
31,Male,Diploma,Administrative Assistant,Government,6.1,Pune,Full-time,Enterprise (5000+),On-site,240257.86,"JavaScript, Machine Learning, Cloud Computing",0,0,398248.39
35,Male,Bachelor's,HR Manager,Telecommunications,9.0,Mumbai,Part-time,Enterprise (5000+),Remote,842245.9,"C++, Cloud Computing",0,1,1343076.47
37,Male,Diploma,Marketing Manager,Healthcare,11.2,Pune,Full-time,Medium (201-1000),Hybrid,953212.87,"Java, Machine Learning, Project Management, Python, Leadership",3,1,2093525.89
26,Male,Bachelor's,Executive Director,Government,5.2,Hyderabad,Full-time,Startup (1-50),On-site,4415051.13,"Leadership, Excel, C++",3,1,4542858.05
24,Male,Bachelor's,Business Analyst,Consulting,,Kolkata,Part-time,Medium (201-1000),Hybrid,397172.06,"Cloud Computing, Communication",0,0,499564.61
30,Female,Bachelor's,HR Manager,Retail,3.7,Hyderabad,Full-time,Large (1000-5000),Remote,1324924.85,"SQL, Communication, Leadership, JavaScript",0,1,1483582.87
33,Female,Master's,QA Engineer,Telecommunications,5.1,Jaipur,Full-time,Startup (1-50),Remote,814485.6,"C++, Project Management, SQL, Machine Learning",3,1,973623.04
33,Female,Bachelor's,Sales Manager,Finance,2.2,Kolkata,Full-time,Small (51-200),Hybrid,1537390.62,"C++, Machine Learning, Data Analysis, Java, Python",3,1,1961855.56
36,Male,Bachelor's,HR Manager,Telecommunications,13.1,Chennai,Full-time,Startup (1-50),On-site,1259913.23,"Cloud Computing, JavaScript, SQL",0,1,1427552.56
36,Male,PhD,Senior Software Engineer,Information Technology,5.8,Kolkata,Full-time,Enterprise (5000+),Hybrid,2654627.27,"Machine Learning, Data Analysis, SQL",2,0,3650112.51
29,Female,Bachelor's,HR Manager,Information Technology,7.0,Chennai,Full-time,Startup (1-50),Hybrid,1255373.8,"Leadership, Cloud Computing, Python, Communication",3,1,1585350.65
24,Male,Bachelor's,Data Analyst,Education,3.1,Kolkata,Full-time,Enterprise (5000+),Hybrid,616767.27,"Cloud Computing, Machine Learning, Project Management, JavaScript",3,1,953822.66
27,Male,Master's,HR Executive,Healthcare,3.7,Hyderabad,Full-time,Enterprise (5000+),Remote,664611.14,"JavaScript, Machine Learning, SQL, Project Management, Excel",3,0,955029.6
27,Male,Master's,HR Manager,Telecommunications,7.0,Remote (India),Full-time,Small (51-200),Remote,1516660.61,"Leadership, Communication, Excel, JavaScript",1,1,1778658.62
22,Female,Master's,Content Writer,Manufacturing,2.7,Jaipur,Full-time,Enterprise (5000+),Hybrid,455330.7,"Excel, JavaScript",0,0,670142.08
41,Female,Bachelor's,Marketing Manager,Retail,10.8,Mumbai,Full-time,Large (1000-5000),On-site,1077006.91,"Excel, C++",3,1,1638242.21
27,Male,Master's,Administrative Assistant,Information Technology,1.3,Hyderabad,Full-time,Small (51-200),Remote,505240.38,"Data Analysis, Java, Machine Learning, C++, Leadership",3,0,672677.95
28,Male,Master's,Content Writer,Consulting,5.9,Pune,Full-time,Small (51-200),Remote,,"C++, JavaScript, Leadership, Python, Data Analysis",1,0,801339.67
38,Female,PhD,Project Manager,Media,12.6,Chennai,Contract,Medium (201-1000),Hybrid,1430804.86,"JavaScript, Communication",2,1,2603489.28
29,Male,PhD,Senior Software Engineer,Retail,5.3,Delhi NCR,Full-time,Enterprise (5000+),Remote,1758569.85,"Communication, C++, SQL, Machine Learning, JavaScript",0,0,3504600.19
31,Male,Master's,Marketing Manager,Healthcare,7.5,Bangalore,Part-time,Medium (201-1000),Hybrid,897363.57,"Data Analysis, Machine Learning, Python",0,1,1578351.56
37,Female,Master's,Data Analyst,Consulting,10.4,Remote (India),Contract,Medium (201-1000),On-site,774877.65,"Machine Learning, Python",3,0,1090558.34
28,Male,Bachelor's,Product Manager,Government,4.9,Jaipur,Full-time,Enterprise (5000+),On-site,1519628.61,"Cloud Computing, Java",1,1,2539040.57
44,Male,High School,Accountant,Manufacturing,18.6,Remote (India),Contract,Large (1000-5000),Remote,572118.04,"Leadership, Machine Learning, Communication, Cloud Computing, Project Management",2,1,933596.76
31,Female,Bachelor's,Financial Analyst,Retail,1.1,Chennai,Freelance,Enterprise (5000+),On-site,679730.7,"Data Analysis, Python",0,0,771069.13
34,Male,Master's,Senior Software Engineer,Finance,5.0,Kolkata,Full-time,Medium (201-1000),Hybrid,2460293.81,"Machine Learning, Python, Project Management, JavaScript",3,0,3077312.72
34,Male,Diploma,Financial Analyst,Information Technology,1.9,Hyderabad,Full-time,Startup (1-50),Hybrid,586759.97,"Communication, Java",0,0,845078.35
39,Female,Bachelor's,QA Engineer,Education,12.4,Bangalore,Full-time,Large (1000-5000),Remote,730959.53,"Machine Learning, Excel, Project Management",0,0,1164859.38
41,Male,Master's,Financial Analyst,Consulting,12.4,Hyderabad,Part-time,Medium (201-1000),Remote,932474.99,"Data Analysis, JavaScript, Machine Learning",3,1,1239890.48
30,Female,Master's,Administrative Assistant,Retail,4.1,Delhi NCR,Full-time,Startup (1-50),Remote,368106.93,"Python, Project Management, Java",3,1,511386.45
29,Male,Master's,Operations Manager,Telecommunications,7.0,Pune,Contract,Small (51-200),Hybrid,1319955.33,"C++, Excel, Project Management, Data Analysis, Cloud Computing",0,1,1769782.42
31,Female,Master's,Data Scientist,Healthcare,3.5,Delhi NCR,Full-time,Enterprise (5000+),On-site,1621246.31,"C++, Cloud Computing, Python",0,1,3267576.4
30,Female,Diploma,DevOps Engineer,Information Technology,6.1,Pune,Full-time,Small (51-200),Hybrid,1518316.04,"Leadership, Excel, Communication, JavaScript, Cloud Computing",1,0,1842267.52
21,Male,Master's,HR Executive,Finance,5.0,Hyderabad,Full-time,Small (51-200),Hybrid,700716.93,"Data Analysis, Cloud Computing, SQL, C++, Python",0,0,922530.57
47,Female,Master's,Customer Support Executive,Telecommunications,13.4,Kolkata,Contract,Medium (201-1000),Remote,405196.93,"Leadership, Communication",2,0,568861.5
37,Male,Diploma,QA Engineer,Manufacturing,7.4,Chennai,Full-time,Small (51-200),Hybrid,561820.46,"Leadership, Data Analysis, Excel",0,0,699024.22
40,Female,Master's,HR Manager,Government,16.4,Ahmedabad,Full-time,Startup (1-50),On-site,1563810.66,"C++, Machine Learning, Python, JavaScript",2,1,1579606.72
35,Female,Master's,Data Scientist,Telecommunications,12.9,Kolkata,Full-time,Enterprise (5000+),On-site,1990619.32,"C++, SQL, Machine Learning, Data Analysis, Cloud Computing",1,0,3037189.47
44,Other,Bachelor's,UX Designer,Education,13.2,Ahmedabad,Full-time,Medium (201-1000),On-site,542148.21,"Communication, C++, JavaScript, SQL, Data Analysis",2,0,1188278.34
32,Male,Bachelor's,QA Engineer,Finance,7.9,Bangalore,Full-time,Medium (201-1000),Hybrid,955944.62,"Cloud Computing, Project Management, JavaScript, C++",0,0,1369243.91
27,Female,Bachelor's,Graphic Designer,Retail,4.8,Remote (India),Full-time,Large (1000-5000),On-site,592616.63,"SQL, JavaScript, Excel, Data Analysis",0,1,703103.38
24,Male,Bachelor's,DevOps Engineer,Education,3.9,Bangalore,Full-time,Startup (1-50),Hybrid,871724.23,"C++, Cloud Computing, Leadership, Data Analysis",0,0,1627414.33
38,Male,Bachelor's,DevOps Engineer,Telecommunications,7.3,Bangalore,Full-time,Enterprise (5000+),On-site,1986886.25,"SQL, Cloud Computing",2,0,2812478.31
31,Female,Diploma,QA Engineer,Information Technology,7.6,Mumbai,Full-time,Medium (201-1000),Hybrid,586224.38,"Leadership, Data Analysis, Machine Learning",2,0,1155938.5
42,Female,PhD,Software Engineer,Retail,11.5,Kolkata,Full-time,Medium (201-1000),Remote,989032.01,"Data Analysis, Communication, Project Management",1,0,1502438.26
28,Male,Master's,QA Engineer,Education,2.9,Jaipur,Full-time,Small (51-200),On-site,561898.73,"Python, Cloud Computing, Data Analysis, Project Management, Machine Learning",2,0,786128.84
38,Female,Master's,Financial Analyst,Information Technology,7.4,Bangalore,Full-time,Enterprise (5000+),On-site,1569952.08,"Project Management, Data Analysis, C++, Communication",0,0,2144521.72
35,Female,Master's,Executive Director,Government,4.3,Pune,Full-time,Enterprise (5000+),Remote,5874962.32,"JavaScript, Leadership",0,1,5934305.37
30,Male,Master's,Research Scientist,Finance,1.8,Chennai,Full-time,Enterprise (5000+),On-site,1943701.01,"Project Management, SQL, Communication",2,0,2883524.39
27,Male,Master's,Financial Analyst,Education,9.1,Jaipur,Full-time,Startup (1-50),On-site,536594.84,"SQL, Python, C++, JavaScript",3,0,856958.16
32,Male,Master's,Sales Manager,Information Technology,5.6,Delhi NCR,Full-time,Small (51-200),Hybrid,1792317.25,"Machine Learning, Excel",2,1,2710396.12
22,Male,Bachelor's,Data Analyst,Telecommunications,1.4,Bangalore,Freelance,Startup (1-50),Remote,765980.59,"Excel, Communication, Java, Data Analysis, Leadership",2,1,810138.57
29,Female,Bachelor's,HR Executive,Information Technology,6.2,Hyderabad,Full-time,Small (51-200),Hybrid,616517.26,"Data Analysis, SQL, Python",2,0,703128.6
50,Female,Bachelor's,Project Manager,Government,20.9,Delhi NCR,Full-time,Small (51-200),Remote,1448721.87,"Communication, Machine Learning, C++",3,1,2410464.38
32,Male,Bachelor's,Data Scientist,Retail,7.5,Hyderabad,Full-time,Enterprise (5000+),Hybrid,1075147.75,"Communication, Machine Learning, Python, SQL, Data Analysis",2,0,2227481.74
39,Male,Diploma,HR Executive,Telecommunications,12.1,Remote (India),Full-time,Large (1000-5000),Hybrid,437989.35,"C++, Java, Data Analysis, Excel",0,0,631228.14
34,Female,Bachelor's,Customer Support Executive,Government,9.8,Delhi NCR,Part-time,Small (51-200),Hybrid,199607.21,"Excel, SQL, Leadership, C++, Data Analysis",3,0,261086.85
24,Male,Bachelor's,Data Analyst,Manufacturing,3.4,Chennai,Full-time,Large (1000-5000),Hybrid,789078.95,"Project Management, JavaScript, Machine Learning, Leadership",2,0,797477.47
29,Male,Master's,UX Designer,Finance,1.1,Chennai,Full-time,Large (1000-5000),Hybrid,1095224.68,"C++, Java, Data Analysis",3,0,1662453.74
37,Male,Bachelor's,Research Scientist,Media,8.0,Ahmedabad,Full-time,Large (1000-5000),Remote,1140067.32,"Communication, Project Management, JavaScript, Machine Learning",1,0,1856261.72
31,Male,Bachelor's,Product Manager,Retail,9.3,Chennai,Full-time,Large (1000-5000),On-site,2134590.99,"Python, Data Analysis",3,1,2963471.05
38,Female,Master's,Financial Analyst,Finance,12.3,Delhi NCR,Full-time,Startup (1-50),On-site,1265248.59,"Java, Python, Leadership, JavaScript, Project Management",2,0,1714322.24
40,Female,Bachelor's,Accountant,Healthcare,12.0,Ahmedabad,Full-time,Large (1000-5000),On-site,531198.88,"C++, Python",1,0,766914.94
28,Female,Diploma,HR Manager,Consulting,2.0,Remote (India),Full-time,Medium (201-1000),Hybrid,711434.27,"Leadership, Cloud Computing, Communication",1,1,1237380.94
39,Male,Master's,Content Writer,Education,8.7,Chennai,Full-time,Medium (201-1000),Remote,241707.71,"JavaScript, Machine Learning, Cloud Computing",1,1,681719.49
38,Female,Master's,Accountant,Education,9.2,Kolkata,Full-time,Large (1000-5000),Hybrid,358370.14,"Cloud Computing, Excel, Java",1,0,819449.66
35,Male,Bachelor's,Business Analyst,Manufacturing,8.0,Mumbai,Full-time,Medium (201-1000),Remote,613190.83,"JavaScript, Data Analysis, Leadership, Cloud Computing",2,0,1072416.08
32,Male,Bachelor's,QA Engineer,Finance,10.8,Delhi NCR,Full-time,Large (1000-5000),On-site,1052938.62,"Python, C++",0,0,1433567.25
32,Male,Bachelor's,Sales Executive,Media,5.3,Jaipur,Full-time,Startup (1-50),Hybrid,526295.79,"Communication, SQL, Data Analysis, Machine Learning, JavaScript",1,1,666754.15
35,Male,Bachelor's,DevOps Engineer,Information Technology,5.8,Ahmedabad,Full-time,Medium (201-1000),On-site,1280379.76,"Cloud Computing, Excel, Data Analysis, C++",1,0,2111490.26
31,Female,Bachelor's,Product Manager,Retail,6.2,Pune,Full-time,Startup (1-50),Remote,1487464.9,"C++, Java, Data Analysis, Cloud Computing",0,1,1982519.52
32,Male,Bachelor's,Research Scientist,Healthcare,4.6,Pune,Contract,Enterprise (5000+),Hybrid,1662385.1,"Machine Learning, SQL, JavaScript",0,0,2130796.51
30,Female,Bachelor's,Administrative Assistant,Consulting,4.8,Pune,Full-time,Small (51-200),Remote,,"Machine Learning, Data Analysis",0,0,451878.09
31,Male,Bachelor's,Software Engineer,Telecommunications,2.7,Chennai,Part-time,Startup (1-50),Remote,401743.29,"Data Analysis, Project Management",2,0,491243.47
38,Female,Master's,DevOps Engineer,Information Technology,6.7,Chennai,Full-time,Medium (201-1000),On-site,2336710.41,"Leadership, Machine Learning, Data Analysis, C++",1,0,2862240.74
35,Male,Bachelor's,Software Engineer,Consulting,12.5,Remote (India),Full-time,Enterprise (5000+),On-site,1266855.61,"Project Management, JavaScript, SQL, Excel",2,0,1836203.86
30,Female,Bachelor's,Senior Software Engineer,Finance,5.1,Bangalore,Full-time,Small (51-200),Remote,1527218.71,"Data Analysis, Cloud Computing, Java, JavaScript",2,0,2586959.8
28,Female,Master's,Sales Manager,Information Technology,4.9,Remote (India),Full-time,Small (51-200),Remote,1805066.0,"Python, JavaScript, Data Analysis",0,1,2246833.98
33,Male,Master's,Customer Support Executive,Information Technology,6.4,Bangalore,Full-time,Large (1000-5000),Remote,534319.48,"JavaScript, Java, Project Management, Excel",1,0,900755.85
21,Male,Bachelor's,Senior Software Engineer,Finance,3.5,Ahmedabad,Full-time,Startup (1-50),Remote,1641594.41,"Java, Leadership, JavaScript",1,0,1836238.57
21,Male,Master's,Operations Manager,Finance,3.9,Pune,Full-time,Medium (201-1000),Hybrid,1240807.72,"Communication, Java, Machine Learning, C++, JavaScript",2,1,2630003.0
25,Male,Bachelor's,Operations Manager,Healthcare,2.4,Chennai,Full-time,Medium (201-1000),Hybrid,1205315.66,"Python, SQL",2,1,1779700.64
36,Male,High School,Data Analyst,Government,9.1,Remote (India),Full-time,Medium (201-1000),On-site,630476.33,"Machine Learning, Leadership, Project Management",0,1,665191.84
36,Male,Diploma,Research Scientist,Healthcare,10.7,Mumbai,Full-time,Small (51-200),Remote,1763669.61,"C++, Data Analysis",2,0,1781484.45
29,Other,Bachelor's,Project Manager,Healthcare,10.3,Mumbai,Full-time,Large (1000-5000),Remote,1873331.07,"Python, Project Management",2,1,2504411.49
40,Female,Bachelor's,HR Manager,Education,9.4,Pune,Contract,Small (51-200),On-site,940418.66,"Cloud Computing, Communication",1,1,990624.38
33,Male,High School,Sales Manager,Media,6.8,Kolkata,Full-time,Small (51-200),Remote,834645.58,"Data Analysis, Cloud Computing",1,1,1038263.31
33,Female,Bachelor's,Graphic Designer,Consulting,7.8,Jaipur,Full-time,Small (51-200),Remote,495006.93,"Cloud Computing, Data Analysis",1,0,531711.89
25,Male,Bachelor's,DevOps Engineer,Finance,2.4,Remote (India),Full-time,Startup (1-50),On-site,1394842.84,"Leadership, Python, SQL, Cloud Computing",3,0,1820328.34
34,Male,Master's,Graphic Designer,Healthcare,10.7,Mumbai,Full-time,Medium (201-1000),On-site,947639.59,"Machine Learning, Excel, Leadership, Data Analysis, Cloud Computing",0,1,1296523.17
26,Male,Bachelor's,HR Executive,Media,3.7,Jaipur,Full-time,Small (51-200),Hybrid,281141.15,"Communication, JavaScript, Java, Python, Leadership",1,0,419186.51
48,Male,Master's,Project Manager,Finance,21.6,Mumbai,Freelance,Medium (201-1000),Hybrid,2455827.02,"Data Analysis, C++, SQL, Python",2,1,3390145.79
49,Male,Diploma,Senior Software Engineer,Information Technology,18.6,Kolkata,Full-time,Startup (1-50),Remote,1623721.95,"SQL, Cloud Computing, Java",3,0,2209707.24
30,Female,PhD,Research Scientist,Healthcare,6.3,Pune,Freelance,Startup (1-50),Hybrid,1823702.1,"Java, C++, JavaScript, Machine Learning, Data Analysis",2,0,2061708.82
22,Male,Master's,UX Designer,Telecommunications,2.4,Chennai,Full-time,Medium (201-1000),Hybrid,1350961.57,"Java, Excel, Project Management, Python, JavaScript",0,1,1740150.34
31,Male,Master's,UX Designer,Manufacturing,13.3,Bangalore,Full-time,Medium (201-1000),On-site,1741283.72,"SQL, Cloud Computing, Excel, Python, Machine Learning",1,0,1843250.33
41,Female,Bachelor's,Administrative Assistant,Information Technology,20.9,Delhi NCR,Part-time,Large (1000-5000),Hybrid,314822.65,"SQL, Leadership, JavaScript, Java",0,0,447000.74
34,Male,Master's,Data Analyst,Finance,11.8,Jaipur,Full-time,Startup (1-50),Remote,791524.33,"Communication, C++, Python",0,0,888928.89
29,Female,Bachelor's,Graphic Designer,Manufacturing,5.3,Pune,Part-time,Medium (201-1000),Hybrid,306614.72,"SQL, C++, Python, JavaScript",2,0,443086.19
32,Female,Master's,Sales Manager,Manufacturing,7.6,Pune,Full-time,Startup (1-50),On-site,1783688.28,"Java, Python, Cloud Computing, Data Analysis, Communication",0,1,1912063.84
36,Female,Bachelor's,Graphic Designer,Information Technology,7.5,Mumbai,Full-time,Medium (201-1000),Hybrid,677251.03,"Leadership, Excel, C++, Communication",0,0,879331.25
41,Male,Master's,Research Scientist,Consulting,,Kolkata,Full-time,Startup (1-50),Remote,1926980.59,"Python, Excel",2,0,2102652.78
26,Male,Bachelor's,Executive Director,Healthcare,1.8,Mumbai,Full-time,Large (1000-5000),Hybrid,2748977.22,"Leadership, Communication, Python, SQL",2,1,6861732.86
34,Female,Diploma,Customer Support Executive,Finance,9.8,Pune,Full-time,Startup (1-50),Remote,373487.09,"SQL, Java, Leadership, C++",1,0,456845.27
35,Male,Bachelor's,HR Manager,Retail,12.7,Delhi NCR,Full-time,Medium (201-1000),Hybrid,880507.23,"Leadership, Communication, C++, Data Analysis, Machine Learning",1,1,1817388.61
23,Male,Bachelor's,Accountant,Finance,2.6,Mumbai,Full-time,Medium (201-1000),On-site,1084912.54,"Machine Learning, SQL, C++, Project Management, Java",3,1,1291191.5
27,Male,PhD,Sales Executive,Finance,6.6,Mumbai,Full-time,Medium (201-1000),On-site,1007305.52,"SQL, Data Analysis, Communication, Excel",3,1,1810542.5
28,Female,Bachelor's,Research Scientist,Manufacturing,4.8,Delhi NCR,Full-time,Small (51-200),On-site,1793528.38,"Data Analysis, Cloud Computing, Machine Learning, Java",3,1,2502401.79
38,Female,Master's,Financial Analyst,Manufacturing,11.9,Hyderabad,Full-time,Small (51-200),On-site,1005950.51,"Machine Learning, Project Management, Java, Leadership, Python",1,0,1447918.87
26,Male,Bachelor's,UX Designer,Retail,3.4,Pune,Full-time,Startup (1-50),Hybrid,902866.99,"Project Management, Java, C++, Leadership",2,0,928055.91
22,Female,Bachelor's,Product Manager,Government,4.8,Remote (India),Full-time,Large (1000-5000),On-site,1328979.26,"Data Analysis, JavaScript, Java, Python",1,1,2625285.61
24,Female,Master's,Software Engineer,Education,1.0,Pune,Full-time,Medium (201-1000),Hybrid,631886.8,"Machine Learning, Leadership, Java",1,0,1092197.22
34,Other,Bachelor's,Customer Support Executive,Media,5.2,Kolkata,Full-time,Medium (201-1000),On-site,222494.79,"JavaScript, Java",0,0,353692.56
35,Female,Master's,Financial Analyst,Finance,0.8,Pune,Full-time,Startup (1-50),On-site,1076877.92,"Project Management, Python, Cloud Computing, JavaScript",3,0,1087755.48
29,Female,Master's,Administrative Assistant,Healthcare,5.3,Mumbai,Full-time,Startup (1-50),Hybrid,408743.83,"SQL, C++, Project Management, Java",3,0,606878.05
32,Male,Bachelor's,Business Analyst,Information Technology,9.0,Chennai,Contract,Small (51-200),Remote,1206270.02,"C++, Python, Excel, Data Analysis, JavaScript",0,1,1327047.27
31,Male,Master's,Software Engineer,Media,7.9,Bangalore,Full-time,Medium (201-1000),Remote,1178617.49,"SQL, Machine Learning, Cloud Computing",2,0,1753153.87
21,Male,Master's,Data Scientist,Government,9.6,Ahmedabad,Freelance,Enterprise (5000+),Hybrid,918772.32,"Excel, JavaScript, Data Analysis, Python",3,0,2006520.77
35,Male,Bachelor's,Accountant,Healthcare,13.4,Hyderabad,Full-time,Small (51-200),Hybrid,645958.03,"Python, Project Management, Excel",0,0,956947.55
30,Male,Diploma,Data Analyst,Telecommunications,5.4,Kolkata,Full-time,Large (1000-5000),Remote,525919.47,"JavaScript, Machine Learning",0,0,662060.19
42,Male,Diploma,Data Analyst,Education,18.8,Ahmedabad,Full-time,Medium (201-1000),Remote,480044.74,"Python, Project Management, Excel",2,0,691325.41
34,Female,Master's,Business Analyst,Education,8.5,Remote (India),Part-time,Startup (1-50),Hybrid,463343.88,"Data Analysis, C++, Leadership, Communication, Project Management",0,0,512304.88
25,Male,Master's,Sales Executive,Media,,Ahmedabad,Part-time,Large (1000-5000),Remote,302798.13,"Data Analysis, C++, Project Management",0,0,379046.32
35,Female,Diploma,Sales Manager,Finance,10.5,Remote (India),Full-time,Enterprise (5000+),On-site,1291644.38,"Python, Excel, Java, C++, Communication",2,1,2111080.6
30,Female,Master's,DevOps Engineer,Information Technology,3.6,Jaipur,Full-time,Small (51-200),Hybrid,1917042.73,"Project Management, Excel, Machine Learning",1,0,1983346.65
34,Male,Bachelor's,Sales Executive,Consulting,5.1,Remote (India),Full-time,Enterprise (5000+),Hybrid,496018.48,"Excel, Project Management",2,0,921860.84
27,Female,Bachelor's,QA Engineer,Finance,3.0,Jaipur,Contract,Small (51-200),Hybrid,600358.49,"Project Management, Excel, Communication, C++, SQL",0,0,736972.75
41,Female,PhD,Executive Director,Healthcare,11.7,Ahmedabad,Full-time,Large (1000-5000),Remote,6536972.32,"Machine Learning, Communication",1,1,8700900.11
39,Male,Bachelor's,Administrative Assistant,Education,11.4,Ahmedabad,Full-time,Medium (201-1000),Remote,274482.82,"Project Management, Java, Leadership, SQL, Data Analysis",3,0,358889.87
31,Male,Diploma,Software Engineer,Media,6.2,Jaipur,Full-time,Medium (201-1000),On-site,592437.44,"Java, Python, Machine Learning, Excel",1,0,825222.84
42,Male,Master's,HR Executive,Finance,21.3,Jaipur,Contract,Medium (201-1000),Remote,623634.2,"Leadership, C++",1,0,761455.03
21,Male,Master's,Executive Director,Media,1.2,Delhi NCR,Full-time,Large (1000-5000),Hybrid,3866142.26,"Excel, Python",0,1,6147811.83
23,Female,Master's,Operations Manager,Manufacturing,3.2,Pune,Contract,Large (1000-5000),Remote,1093700.9,"JavaScript, Machine Learning",2,1,2023687.3
46,Male,Bachelor's,Data Analyst,Consulting,25.8,Hyderabad,Full-time,Medium (201-1000),On-site,,"JavaScript, Data Analysis, Cloud Computing",1,0,1485747.07
27,Female,Master's,Business Analyst,Telecommunications,6.4,Ahmedabad,Full-time,Startup (1-50),Hybrid,911802.48,"Python, C++, Leadership, SQL",3,0,953248.44
31,Male,Bachelor's,Administrative Assistant,Education,2.6,Delhi NCR,Full-time,Startup (1-50),Hybrid,199241.18,"Cloud Computing, Excel, Data Analysis, Python, Communication",1,0,304502.1
33,Female,Bachelor's,HR Manager,Finance,5.2,Kolkata,Full-time,Large (1000-5000),On-site,1187506.1,"JavaScript, Cloud Computing",2,1,1985500.08
41,Male,Bachelor's,QA Engineer,Telecommunications,15.2,Kolkata,Full-time,Enterprise (5000+),On-site,786090.13,"Python, Leadership, SQL, Cloud Computing",3,0,1327731.84
32,Female,Master's,Data Analyst,Retail,6.1,Chennai,Full-time,Medium (201-1000),Hybrid,614216.65,"Java, Cloud Computing, Python, Excel, JavaScript",3,0,1154254.83
27,Female,Bachelor's,Executive Director,Media,6.0,Pune,Full-time,Medium (201-1000),On-site,3860402.75,"C++, Machine Learning",1,1,5285124.85
27,Female,Bachelor's,Customer Support Executive,Consulting,6.1,Pune,Full-time,Startup (1-50),Remote,416325.03,"Cloud Computing, JavaScript, Excel, Data Analysis",3,0,466472.37
28,Male,Bachelor's,Executive Director,Retail,5.0,Kolkata,Full-time,Startup (1-50),Hybrid,3200231.78,"C++, Machine Learning, Excel",2,1,3681396.31
38,Male,Master's,Graphic Designer,Healthcare,4.7,Delhi NCR,Part-time,Small (51-200),Hybrid,415808.26,"Communication, Project Management, Leadership",1,1,564615.5
33,Male,Bachelor's,Business Analyst,Healthcare,5.7,Bangalore,Contract,Medium (201-1000),On-site,861188.06,"Python, Communication, Machine Learning, Data Analysis, Project Management",0,0,1112826.0
36,Female,Bachelor's,Graphic Designer,Telecommunications,4.5,Remote (India),Full-time,Large (1000-5000),Hybrid,433030.76,"Communication, Java",3,0,738957.57
32,Male,Diploma,Project Manager,Telecommunications,10.3,Chennai,Contract,Enterprise (5000+),On-site,1182776.33,"Cloud Computing, JavaScript, Python",3,1,1976239.32
35,Female,Bachelor's,Sales Executive,Information Technology,6.6,Kolkata,Full-time,Large (1000-5000),On-site,759765.36,"Project Management, C++, SQL, Cloud Computing, Java",2,0,946459.26
30,Male,PhD,Senior Software Engineer,Finance,2.7,Ahmedabad,Full-time,Startup (1-50),Remote,1834682.79,"Java, JavaScript, Communication",0,0,2269898.89
36,Female,Bachelor's,Financial Analyst,Information Technology,10.8,Remote (India),Full-time,Large (1000-5000),Hybrid,1166103.27,"Data Analysis, Communication",2,0,1643043.26
41,Male,Diploma,Marketing Manager,Manufacturing,15.5,Pune,Full-time,Small (51-200),Remote,1159017.27,"Communication, Data Analysis, JavaScript, Machine Learning, Java",2,1,1621735.56
24,Male,High School,Data Analyst,Information Technology,2.1,Delhi NCR,Contract,Enterprise (5000+),Remote,620001.46,"Cloud Computing, JavaScript, SQL, Project Management, Java",2,1,1060272.34
39,Female,Bachelor's,QA Engineer,Information Technology,16.6,Bangalore,Full-time,Small (51-200),Remote,1072461.58,"Project Management, Java",2,0,1382015.06
27,Male,High School,HR Executive,Finance,7.3,Jaipur,Full-time,Medium (201-1000),Remote,309937.55,"Leadership, Python",1,0,484031.34
25,Female,Bachelor's,Sales Executive,Healthcare,5.5,Mumbai,Part-time,Enterprise (5000+),Remote,379750.95,"C++, Communication, Leadership, Machine Learning, Python",0,0,613395.28
33,Male,High School,Content Writer,Media,9.0,Mumbai,Contract,Enterprise (5000+),On-site,387005.88,"JavaScript, Data Analysis",1,0,616929.19
28,Other,Bachelor's,Software Engineer,Information Technology,9.3,Pune,Part-time,Medium (201-1000),Hybrid,663784.25,"C++, Communication, Project Management, Machine Learning",1,0,900597.44
29,Male,Master's,Product Manager,Government,3.6,Pune,Part-time,Enterprise (5000+),Remote,1090566.01,"Java, Leadership, Machine Learning",2,1,2266570.18
31,Male,Bachelor's,Financial Analyst,Consulting,3.2,Kolkata,Full-time,Medium (201-1000),Remote,823060.64,"C++, Leadership, Excel, Cloud Computing",3,0,1064865.29
28,Female,Bachelor's,Content Writer,Telecommunications,7.3,Jaipur,Full-time,Large (1000-5000),Remote,466266.78,"Machine Learning, Cloud Computing",3,0,666839.8
40,Female,High School,Marketing Manager,Manufacturing,14.3,Delhi NCR,Contract,Medium (201-1000),Hybrid,994322.97,"Leadership, C++, Machine Learning",1,1,1617441.65
28,Male,High School,DevOps Engineer,Information Technology,5.6,Remote (India),Full-time,Large (1000-5000),On-site,1063279.02,"Data Analysis, Java, Cloud Computing",3,0,2059567.43
22,Female,Diploma,Data Analyst,Manufacturing,4.4,Pune,Contract,Medium (201-1000),Hybrid,501206.97,"Java, SQL, C++, Cloud Computing, Leadership",0,0,604468.9
38,Female,Master's,Financial Analyst,Education,12.9,Bangalore,Part-time,Small (51-200),Remote,574916.39,"Java, SQL, Leadership, Project Management, Communication",0,0,664560.33
30,Male,Bachelor's,Project Manager,Manufacturing,1.3,Delhi NCR,Contract,Startup (1-50),On-site,951382.34,"Machine Learning, Leadership, SQL",0,1,1144154.24
21,Male,Bachelor's,Data Analyst,Telecommunications,2.5,Pune,Full-time,Enterprise (5000+),On-site,605687.19,"Leadership, JavaScript",1,1,1043098.59
33,Female,Bachelor's,Sales Manager,Information Technology,5.7,Chennai,Full-time,Enterprise (5000+),Remote,1602250.56,"Excel, Java, Python, Data Analysis",3,1,2830101.9
28,Male,PhD,Software Engineer,Manufacturing,6.9,Mumbai,Full-time,Enterprise (5000+),On-site,1478850.19,"Data Analysis, Cloud Computing, Python, SQL",3,0,2416335.4
33,Male,Bachelor's,Sales Executive,Government,10.0,Jaipur,Full-time,Enterprise (5000+),Hybrid,439769.02,"Machine Learning, SQL, Communication, Excel, Project Management",3,0,755532.8
30,Female,Bachelor's,Customer Support Executive,Healthcare,4.8,Hyderabad,Full-time,Medium (201-1000),Remote,280197.57,"C++, Communication, JavaScript, Excel",0,0,469064.53
30,Male,High School,Content Writer,Government,4.1,Jaipur,Full-time,Medium (201-1000),Hybrid,225210.37,"Excel, Python, C++, JavaScript, Leadership",1,1,414893.52
27,Male,Bachelor's,HR Executive,Government,4.5,Delhi NCR,Full-time,Small (51-200),Hybrid,368429.51,"Excel, JavaScript, Data Analysis, Python, Machine Learning",1,0,490578.53
29,Male,Bachelor's,DevOps Engineer,Finance,7.1,Hyderabad,Full-time,Enterprise (5000+),Hybrid,1766921.06,"Excel, Python, C++",1,0,3161918.26
35,Female,Bachelor's,Sales Executive,Finance,9.1,Hyderabad,Full-time,Enterprise (5000+),On-site,545250.11,"Machine Learning, Data Analysis",0,0,1088253.37
37,Female,Master's,Administrative Assistant,Education,9.4,Pune,Freelance,Enterprise (5000+),On-site,180288.99,"Communication, Data Analysis, Project Management, C++",3,0,480182.32
33,Male,Diploma,UX Designer,Consulting,4.5,Chennai,Full-time,Large (1000-5000),Remote,755404.65,"C++, Cloud Computing, Machine Learning, SQL, Python",0,0,1163762.64
30,Male,Bachelor's,Research Scientist,Telecommunications,3.8,Hyderabad,Full-time,Enterprise (5000+),On-site,1604605.05,"Communication, Data Analysis",3,0,2178347.88
27,Female,Bachelor's,HR Manager,Manufacturing,4.1,Remote (India),Contract,Large (1000-5000),Remote,982986.93,"SQL, Machine Learning",2,1,1334161.12
23,Male,High School,QA Engineer,Retail,3.7,Delhi NCR,Full-time,Small (51-200),Hybrid,638674.2,"Project Management, Excel, Java, Leadership",3,0,668220.76
43,Male,Bachelor's,Operations Manager,Information Technology,17.5,Chennai,Full-time,Small (51-200),Remote,1967187.1,"Communication, Excel",1,1,2350981.78
29,Male,Master's,Operations Manager,Information Technology,6.2,Remote (India),Full-time,Small (51-200),Remote,1814222.29,"C++, Communication, Machine Learning, Excel, Java",3,1,2293707.01
32,Male,High School,Financial Analyst,Consulting,2.5,Mumbai,Contract,Medium (201-1000),Hybrid,503613.53,"JavaScript, Machine Learning, Project Management, Leadership",0,0,881877.3
40,Male,Bachelor's,Software Engineer,Media,12.6,Delhi NCR,Full-time,Medium (201-1000),On-site,1076713.19,"C++, Machine Learning, Communication, Data Analysis",1,0,1444695.14
32,Male,Bachelor's,DevOps Engineer,Information Technology,4.4,Hyderabad,Full-time,Large (1000-5000),Remote,2500721.13,"Python, Java, Leadership",1,1,3206902.38
23,Female,Master's,Sales Manager,Consulting,5.2,Hyderabad,Full-time,Small (51-200),On-site,1674252.13,"Cloud Computing, Leadership",3,1,2256946.98
29,Male,Bachelor's,Content Writer,Telecommunications,3.5,Hyderabad,Full-time,Medium (201-1000),Remote,543691.33,"JavaScript, Communication",0,0,555964.19
33,Male,Master's,DevOps Engineer,Media,1.9,Jaipur,Full-time,Startup (1-50),Remote,1118156.57,"Data Analysis, C++",2,0,1382370.24
42,Male,Bachelor's,UX Designer,Media,13.8,Mumbai,Part-time,Large (1000-5000),Hybrid,604685.07,"Leadership, C++",1,0,970000.65
30,Female,Bachelor's,Operations Manager,Retail,4.3,Delhi NCR,Full-time,Startup (1-50),Hybrid,1061616.13,"Leadership, JavaScript",1,1,1321428.67
38,Female,Master's,Sales Manager,Consulting,9.7,Ahmedabad,Full-time,Startup (1-50),Remote,1573728.66,"Cloud Computing, JavaScript, SQL, Communication, Excel",1,1,1944682.12
49,Male,Bachelor's,UX Designer,Consulting,21.5,Bangalore,Full-time,Startup (1-50),On-site,1974632.34,"C++, Leadership",2,1,2290284.29
36,Male,Master's,Operations Manager,Media,10.4,Chennai,Full-time,Startup (1-50),On-site,1066571.54,"SQL, Python",1,1,1637400.88
42,Male,Bachelor's,DevOps Engineer,Telecommunications,5.5,Kolkata,Full-time,Startup (1-50),Remote,1445591.74,"Java, Data Analysis",1,0,1460193.68
33,Male,High School,Administrative Assistant,Finance,7.9,Delhi NCR,Full-time,Medium (201-1000),Hybrid,343629.46,"Cloud Computing, JavaScript, Python, Data Analysis, C++",0,0,466788.17
29,Male,Master's,QA Engineer,Media,3.3,Ahmedabad,Contract,Enterprise (5000+),Hybrid,634882.87,"Communication, Machine Learning, Leadership, Python, Excel",1,0,1066144.05
34,Male,Bachelor's,QA Engineer,Information Technology,6.0,Delhi NCR,Full-time,Medium (201-1000),On-site,1020493.42,"SQL, Machine Learning, Cloud Computing, Java",3,0,1229057.75
33,Male,Diploma,DevOps Engineer,Information Technology,8.7,Bangalore,Full-time,Medium (201-1000),On-site,1907500.74,"Java, Project Management, Cloud Computing",0,0,2573759.81
28,Female,Master's,Marketing Manager,Consulting,2.7,Jaipur,Full-time,Small (51-200),Hybrid,1394728.05,"Java, Python",3,1,1680100.24
37,Male,Bachelor's,Research Scientist,Finance,12.6,Bangalore,Full-time,Medium (201-1000),Hybrid,2123665.24,"Data Analysis, SQL",1,0,3059256.94
29,Female,Master's,Executive Director,Information Technology,4.0,Hyderabad,Contract,Medium (201-1000),Remote,6699237.35,"Leadership, Excel, Python",2,1,7760337.98
23,Male,Bachelor's,Executive Director,Media,4.9,Ahmedabad,Full-time,Startup (1-50),Remote,2598400.38,"Excel, Project Management",2,1,3679059.12
32,Male,High School,Accountant,Finance,5.9,Bangalore,Part-time,Enterprise (5000+),On-site,278256.62,"Java, Python, Excel, JavaScript",1,0,456090.01
23,Female,Diploma,Financial Analyst,Finance,0.6,Pune,Part-time,Enterprise (5000+),Hybrid,486391.26,"C++, Python, Machine Learning, Cloud Computing, Excel",2,0,643551.99
40,Male,Bachelor's,HR Executive,Manufacturing,12.8,Hyderabad,Full-time,Medium (201-1000),Hybrid,521974.52,"Python, JavaScript, Cloud Computing, Excel, Machine Learning",2,0,818010.72
21,Male,Bachelor's,Product Manager,Healthcare,2.1,Bangalore,Full-time,Enterprise (5000+),Remote,2390788.39,"Java, Data Analysis, Communication, Leadership, Machine Learning",2,1,4253906.51
38,Male,Bachelor's,Data Analyst,Education,8.2,Kolkata,Full-time,Small (51-200),Remote,446532.76,"Project Management, Java, SQL, Data Analysis",0,0,550827.41
24,Male,Bachelor's,Business Analyst,Manufacturing,2.3,Kolkata,Full-time,Small (51-200),Hybrid,476833.51,"Python, Leadership, JavaScript, Data Analysis",0,0,688968.34
38,Female,Master's,Product Manager,Healthcare,15.3,Mumbai,Contract,Small (51-200),Hybrid,2933087.54,"Java, Communication, Data Analysis, Machine Learning, Leadership",1,1,4617084.05
27,Male,Bachelor's,Customer Support Executive,Media,2.2,Delhi NCR,Freelance,Medium (201-1000),On-site,297498.45,"Communication, Leadership, Java",3,0,413505.7
39,Female,Diploma,DevOps Engineer,Consulting,13.9,Chennai,Full-time,Startup (1-50),Remote,1652138.08,"Cloud Computing, Java, SQL",2,1,2211442.3
33,Male,Diploma,Software Engineer,Media,8.1,Kolkata,Contract,Medium (201-1000),Remote,729177.37,"Excel, Cloud Computing, Communication, Python",2,0,818833.21
38,Female,Bachelor's,Financial Analyst,Retail,8.9,Pune,Full-time,Enterprise (5000+),Remote,660354.62,"Java, Project Management, Cloud Computing",0,0,1228316.33
35,Male,Diploma,Customer Support Executive,Retail,13.0,Chennai,Full-time,Small (51-200),Hybrid,282174.7,"Project Management, Data Analysis, SQL",1,0,373196.07
27,Male,Master's,Marketing Manager,Consulting,2.4,Kolkata,Full-time,Medium (201-1000),Hybrid,1114607.05,"Machine Learning, Python",0,1,1808111.39
34,Male,Bachelor's,Product Manager,Government,2.2,Pune,Full-time,Enterprise (5000+),Remote,2516938.31,"Leadership, C++, Cloud Computing, Data Analysis, SQL",2,1,2977761.94
29,Female,Bachelor's,QA Engineer,Healthcare,3.9,Bangalore,Full-time,Medium (201-1000),Hybrid,900170.89,"Machine Learning, Communication",1,0,1027924.31
31,Female,Diploma,DevOps Engineer,Telecommunications,7.6,Mumbai,Full-time,Large (1000-5000),On-site,2272078.94,"Excel, Communication, JavaScript, Python",1,1,2762914.83
30,Male,High School,Administrative Assistant,Finance,5.4,Bangalore,Full-time,Enterprise (5000+),On-site,323240.89,"Machine Learning, Excel, Project Management, SQL",1,0,504514.35
30,Male,Bachelor's,Data Analyst,Consulting,5.1,Delhi NCR,Full-time,Startup (1-50),Hybrid,828690.99,"Java, Communication, Leadership, SQL, Excel",0,0,894128.43
36,Other,PhD,Data Analyst,Information Technology,5.8,Delhi NCR,Full-time,Startup (1-50),Remote,1058526.55,"Leadership, Project Management, Excel",3,1,1661503.65
33,Male,Bachelor's,Accountant,Information Technology,7.6,Remote (India),Contract,Small (51-200),On-site,548247.57,"Data Analysis, Project Management, Machine Learning, Excel, Java",1,0,756497.19
23,Male,Bachelor's,QA Engineer,Consulting,5.0,Pune,Contract,Startup (1-50),Remote,330432.83,"Communication, Cloud Computing",2,0,918056.38
25,Female,PhD,Financial Analyst,Healthcare,2.5,Delhi NCR,Contract,Startup (1-50),Remote,1006905.88,"C++, Machine Learning",1,0,1274914.52
35,Male,Diploma,Customer Support Executive,Information Technology,8.5,Jaipur,Full-time,Enterprise (5000+),Remote,268670.29,"C++, JavaScript, Communication",3,0,586827.9
30,Female,Master's,Business Analyst,Finance,2.2,Ahmedabad,Full-time,Enterprise (5000+),Remote,954927.58,"Excel, Cloud Computing, C++",0,0,1296978.31
25,Female,Bachelor's,Business Analyst,Media,4.9,Ahmedabad,Full-time,Large (1000-5000),On-site,556135.37,"JavaScript, Machine Learning, Leadership, SQL",2,0,943124.89
26,Male,Master's,Administrative Assistant,Information Technology,4.8,Bangalore,Full-time,Startup (1-50),Remote,367565.32,"Python, C++, Data Analysis, Cloud Computing, Java",0,0,553043.05
30,Female,High School,Marketing Manager,Finance,5.7,Pune,Full-time,Medium (201-1000),Hybrid,985642.44,"SQL, C++, Data Analysis",0,1,1559850.15
37,Male,Diploma,Financial Analyst,Healthcare,5.3,Bangalore,Part-time,Startup (1-50),On-site,370765.98,"JavaScript, C++, Python, Cloud Computing",2,0,564348.1
25,Female,Bachelor's,Business Analyst,Healthcare,4.9,Kolkata,Full-time,Startup (1-50),On-site,590266.17,"Machine Learning, Python, Communication",2,0,829903.42
32,Male,PhD,Software Engineer,Media,5.8,Pune,Full-time,Small (51-200),Hybrid,,"Leadership, Cloud Computing",3,1,1648470.38
34,Male,Master's,Graphic Designer,Information Technology,8.5,Jaipur,Full-time,Medium (201-1000),Remote,567459.12,"Excel, Cloud Computing, Java, Machine Learning, Leadership",0,0,907935.67
39,Female,Master's,Data Analyst,Media,17.8,Kolkata,Full-time,Enterprise (5000+),Hybrid,1425598.97,"Java, Machine Learning, Leadership, Python, Data Analysis",3,1,1837556.33
36,Female,Bachelor's,Senior Software Engineer,Manufacturing,8.6,Chennai,Full-time,Large (1000-5000),Hybrid,1523386.92,"C++, Python, JavaScript",0,0,2275418.68
38,Female,Bachelor's,Executive Director,Media,8.6,Remote (India),Part-time,Medium (201-1000),Remote,2529483.86,"Communication, Leadership",2,1,2555034.2
26,Male,Bachelor's,Research Scientist,Information Technology,6.6,Jaipur,Full-time,Startup (1-50),Remote,1023562.92,"Data Analysis, Excel, JavaScript",1,0,1639457.6
21,Female,Master's,Customer Support Executive,Healthcare,4.0,Remote (India),Full-time,Small (51-200),Remote,388830.96,"Data Analysis, Machine Learning, Cloud Computing, Communication, Project Management",2,0,562782.24
40,Male,Master's,Research Scientist,Information Technology,9.8,Ahmedabad,Full-time,Large (1000-5000),On-site,1751361.4,"Leadership, Project Management",0,0,2476225.43
31,Male,Diploma,Administrative Assistant,Finance,7.4,Chennai,Full-time,Medium (201-1000),Remote,228051.03,"Cloud Computing, Project Management, JavaScript, Communication",3,0,491105.0
22,Male,High School,Software Engineer,Retail,6.7,Ahmedabad,Full-time,Small (51-200),On-site,480572.37,"JavaScript, Java, Communication",0,0,536515.04
21,Female,High School,Operations Manager,Healthcare,1.7,Pune,Part-time,Medium (201-1000),On-site,508789.32,"JavaScript, Machine Learning",3,1,645096.77
25,Male,Bachelor's,Data Scientist,Manufacturing,6.1,Jaipur,Full-time,Large (1000-5000),Remote,647928.2,"Data Analysis, Leadership, JavaScript, Project Management",1,0,1605571.6
31,Male,PhD,Product Manager,Retail,4.8,Bangalore,Full-time,Medium (201-1000),Remote,3534741.53,"Project Management, C++, Communication, Machine Learning",0,1,3968099.31
22,Male,Bachelor's,Administrative Assistant,Education,3.1,Ahmedabad,Full-time,Large (1000-5000),Hybrid,211293.69,"Cloud Computing, Project Management",1,0,342035.84
30,Male,Bachelor's,Accountant,Healthcare,0.7,Remote (India),Full-time,Small (51-200),Hybrid,479112.6,"Cloud Computing, Excel",0,0,561354.79
40,Female,Master's,Customer Support Executive,Healthcare,10.5,Remote (India),Part-time,Enterprise (5000+),On-site,203400.57,"Java, C++, Cloud Computing",1,0,430011.96
29,Female,Bachelor's,Software Engineer,Finance,4.9,Hyderabad,Full-time,Small (51-200),On-site,920378.04,"Java, Leadership, Excel",3,0,1458210.64
30,Male,Master's,Senior Software Engineer,Healthcare,2.6,Mumbai,Full-time,Small (51-200),Hybrid,2312367.57,"C++, JavaScript, Data Analysis, Python, Machine Learning",1,0,3126887.37
31,Male,Master's,Accountant,Finance,2.4,Hyderabad,Part-time,Medium (201-1000),Hybrid,474445.08,"Excel, Leadership, Cloud Computing, Python, SQL",1,0,651362.29
26,Female,PhD,Project Manager,Consulting,,Hyderabad,Freelance,Medium (201-1000),On-site,1616690.87,"Python, JavaScript, C++, Project Management",3,1,2266530.84
30,Male,Master's,Marketing Manager,Media,7.2,Pune,Full-time,Enterprise (5000+),Remote,1351831.43,"SQL, C++, Leadership, Java, Python",3,1,2729782.3
28,Female,PhD,Business Analyst,Education,9.6,Jaipur,Full-time,Enterprise (5000+),On-site,832951.71,"Python, Cloud Computing, C++",2,0,1138533.41
32,Female,Bachelor's,Project Manager,Finance,4.2,Delhi NCR,Full-time,Large (1000-5000),On-site,1452775.79,"Cloud Computing, Java, Data Analysis",0,1,2421152.06
27,Female,High School,QA Engineer,Telecommunications,,Jaipur,Full-time,Small (51-200),Remote,359418.08,"Excel, Python, JavaScript, Communication",0,0,494683.66
26,Male,Master's,Administrative Assistant,Government,4.8,Delhi NCR,Full-time,Small (51-200),Remote,355393.19,"Project Management, SQL, Leadership, Java",3,0,497659.42
27,Female,Bachelor's,DevOps Engineer,Education,4.3,Hyderabad,Part-time,Enterprise (5000+),On-site,769354.95,"Java, Python",1,0,1064821.73
31,Female,Diploma,Data Scientist,Education,14.2,Ahmedabad,Full-time,Medium (201-1000),On-site,1121912.85,"C++, Python, SQL, Cloud Computing",3,0,1402241.33
25,Female,Master's,Marketing Manager,Media,2.1,Bangalore,Full-time,Large (1000-5000),On-site,1848864.61,"Project Management, Java, JavaScript, Cloud Computing, Python",0,1,2101041.83
33,Female,Diploma,Accountant,Government,10.0,Remote (India),Full-time,Medium (201-1000),Hybrid,500597.54,"Python, SQL, JavaScript",0,0,584307.99
26,Male,Bachelor's,Customer Support Executive,Education,1.7,Jaipur,Full-time,Large (1000-5000),Hybrid,254495.51,"Data Analysis, Java",1,0,303171.51
30,Male,Master's,Executive Director,Healthcare,5.0,Jaipur,Contract,Large (1000-5000),Hybrid,3913196.66,"Project Management, Cloud Computing, Python, Leadership",0,1,5776196.09
26,Male,Master's,Content Writer,Education,3.0,Chennai,Full-time,Enterprise (5000+),Remote,318433.93,"Python, Cloud Computing, Communication",2,0,645175.54
27,Male,Diploma,Product Manager,Education,3.5,Bangalore,Full-time,Small (51-200),Hybrid,1833925.52,"Machine Learning, Excel, JavaScript",0,1,1983114.32
33,Female,Bachelor's,HR Manager,Healthcare,7.9,Delhi NCR,Full-time,Small (51-200),Hybrid,806107.43,"C++, Excel",1,1,1839607.34
34,Female,High School,Senior Software Engineer,Education,8.4,Kolkata,Full-time,Startup (1-50),On-site,1003986.24,"Excel, Project Management, JavaScript",0,0,1014127.51
36,Female,Bachelor's,Sales Manager,Healthcare,14.1,Pune,Full-time,Small (51-200),Remote,1874176.59,"Communication, Excel, Leadership, C++",0,1,2146825.1
29,Female,Bachelor's,DevOps Engineer,Media,5.8,Chennai,Full-time,Startup (1-50),Hybrid,1908889.53,"Data Analysis, Machine Learning, Communication",0,1,1928171.25
33,Other,Master's,UX Designer,Media,4.9,Ahmedabad,Full-time,Enterprise (5000+),Remote,633188.38,"Java, Cloud Computing, Python, C++, Data Analysis",2,0,1589648.97
26,Female,Bachelor's,Product Manager,Media,7.4,Pune,Full-time,Large (1000-5000),On-site,1677742.28,"JavaScript, C++, Data Analysis, Project Management, SQL",1,1,3248697.01
28,Female,Diploma,HR Manager,Information Technology,2.5,Jaipur,Full-time,Medium (201-1000),Hybrid,944453.79,"C++, JavaScript, Machine Learning, Data Analysis",2,1,1340313.62
25,Male,Bachelor's,Content Writer,Retail,1.4,Remote (India),Full-time,Startup (1-50),Hybrid,470602.88,"SQL, Java, Data Analysis, Excel",3,1,475356.45
31,Male,Master's,Graphic Designer,Telecommunications,5.5,Ahmedabad,Full-time,Medium (201-1000),Hybrid,489839.2,"Machine Learning, Excel, JavaScript, Cloud Computing",2,0,733556.83
29,Male,Diploma,DevOps Engineer,Finance,6.0,Hyderabad,Contract,Small (51-200),On-site,1482793.8,"JavaScript, C++, SQL, Cloud Computing",0,0,1939831.95
29,Female,High School,Customer Support Executive,Information Technology,2.6,Jaipur,Full-time,Small (51-200),On-site,295771.85,"Data Analysis, Python, Excel",0,1,317372.56
30,Female,High School,Sales Manager,Consulting,11.4,Kolkata,Contract,Small (51-200),Hybrid,,"Communication, Java, C++, Data Analysis",3,1,1351937.46
46,Other,Master's,Executive Director,Government,27.4,Delhi NCR,Full-time,Medium (201-1000),On-site,6916282.6,"Data Analysis, JavaScript",2,1,8898654.48
21,Female,Bachelor's,Administrative Assistant,Telecommunications,3.2,Pune,Full-time,Startup (1-50),Remote,250448.91,"Python, Data Analysis, C++",3,0,405189.31
35,Female,PhD,UX Designer,Media,3.1,Mumbai,Full-time,Startup (1-50),Hybrid,1121854.79,"Excel, Machine Learning, C++, Java, Leadership",3,0,1537586.88
21,Male,Diploma,Accountant,Consulting,2.4,Jaipur,Full-time,Small (51-200),Hybrid,403983.63,"JavaScript, Communication, C++",3,0,482374.58
21,Female,High School,Administrative Assistant,Information Technology,1.9,Ahmedabad,Contract,Enterprise (5000+),Hybrid,246533.95,"Cloud Computing, JavaScript, Communication",2,0,310774.06
35,Male,Bachelor's,Product Manager,Retail,10.8,Remote (India),Full-time,Small (51-200),Hybrid,2133301.84,"SQL, Cloud Computing, JavaScript, Excel",1,1,2796611.12
39,Male,Bachelor's,Product Manager,Finance,3.2,Ahmedabad,Full-time,Large (1000-5000),Hybrid,1164475.61,"C++, Leadership, SQL, Python",3,1,3263672.5
23,Male,PhD,HR Executive,Media,3.8,Remote (India),Full-time,Enterprise (5000+),Remote,383690.58,"Communication, Project Management, Data Analysis, Machine Learning, JavaScript",1,1,1134429.48
30,Male,Bachelor's,QA Engineer,Finance,9.5,Kolkata,Part-time,Medium (201-1000),On-site,442676.51,"Java, Communication, Data Analysis, Leadership",3,0,582496.22
29,Female,Bachelor's,Data Analyst,Government,5.9,Hyderabad,Full-time,Large (1000-5000),Hybrid,587065.21,"Machine Learning, Data Analysis, Project Management, Communication",0,0,857640.14
24,Female,Bachelor's,Administrative Assistant,Media,5.5,Hyderabad,Full-time,Large (1000-5000),On-site,173843.06,"Excel, Python, SQL, JavaScript",2,0,416864.02
28,Male,Bachelor's,Marketing Manager,Telecommunications,6.2,Bangalore,Full-time,Startup (1-50),Remote,1198197.83,"JavaScript, Communication, Excel, SQL",1,1,1629659.85
57,Male,Bachelor's,Project Manager,Telecommunications,30.8,Delhi NCR,Full-time,Enterprise (5000+),Hybrid,2436680.72,"Java, Project Management",3,1,3777796.86
31,Female,PhD,Senior Software Engineer,Telecommunications,5.3,Remote (India),Full-time,Enterprise (5000+),Hybrid,2244654.13,"Communication, Python, C++",2,0,3146817.13
37,Male,Bachelor's,Administrative Assistant,Information Technology,8.6,Delhi NCR,Full-time,Medium (201-1000),Hybrid,431504.92,"Communication, Machine Learning, Python, JavaScript",2,0,676146.84
29,Female,Bachelor's,Product Manager,Information Technology,5.5,Chennai,Full-time,Small (51-200),Hybrid,2117834.23,"Project Management, SQL, Machine Learning, Python",2,1,3057467.8
23,Male,PhD,Marketing Manager,Manufacturing,3.0,Bangalore,Full-time,Enterprise (5000+),Hybrid,1865534.76,"Java, Data Analysis",3,1,2825095.28
34,Male,Diploma,Accountant,Education,7.7,Mumbai,Full-time,Large (1000-5000),Remote,354084.16,"Project Management, C++, Python, Cloud Computing, Java",1,0,688782.11
36,Female,PhD,Software Engineer,Consulting,13.3,Kolkata,Full-time,Enterprise (5000+),On-site,1459285.49,"JavaScript, SQL, Excel, Data Analysis, Java",0,0,2446889.11
36,Female,Master's,Administrative Assistant,Healthcare,5.8,Delhi NCR,Full-time,Startup (1-50),Remote,479819.04,"Cloud Computing, C++, SQL",0,0,496738.61
34,Male,Diploma,Graphic Designer,Telecommunications,10.9,Ahmedabad,Full-time,Small (51-200),On-site,350158.04,"Cloud Computing, Communication",3,1,641211.44
36,Female,Master's,QA Engineer,Government,5.9,Bangalore,Contract,Startup (1-50),On-site,592347.81,"Cloud Computing, Data Analysis, Project Management, JavaScript, Python",3,0,960342.95
24,Male,PhD,Business Analyst,Telecommunications,5.8,Mumbai,Full-time,Large (1000-5000),Hybrid,1056735.73,"Java, Excel",1,0,2110383.05
34,Female,Bachelor's,Senior Software Engineer,Finance,8.1,Jaipur,Full-time,Large (1000-5000),Hybrid,1297450.99,"Leadership, SQL, Communication, C++",2,0,2752991.05
30,Male,High School,Data Scientist,Government,5.2,Bangalore,Full-time,Enterprise (5000+),Hybrid,1066698.38,"JavaScript, Cloud Computing, Leadership, Machine Learning, C++",3,0,1798963.16
39,Male,Master's,DevOps Engineer,Manufacturing,9.5,Mumbai,Full-time,Small (51-200),Remote,1807460.27,"Cloud Computing, JavaScript",2,0,2616162.92
31,Male,Bachelor's,Sales Manager,Retail,3.0,Mumbai,Full-time,Enterprise (5000+),On-site,1518631.65,"C++, SQL",0,1,2134685.88
41,Male,Diploma,Operations Manager,Information Technology,12.2,Ahmedabad,Contract,Large (1000-5000),On-site,1268703.43,"Communication, Project Management",3,1,1816513.29
23,Female,Diploma,Accountant,Consulting,4.2,Bangalore,Full-time,Enterprise (5000+),Hybrid,591139.14,"Python, Leadership, Machine Learning, SQL, Project Management",0,0,1062322.36
34,Male,Master's,Senior Software Engineer,Manufacturing,7.3,Jaipur,Full-time,Enterprise (5000+),On-site,1888289.54,"Leadership, Machine Learning, SQL, Java, Excel",1,0,2708104.66
24,Male,Diploma,Accountant,Retail,2.5,Ahmedabad,Part-time,Medium (201-1000),On-site,209519.11,"JavaScript, Python, Excel",1,0,216782.82
27,Male,Bachelor's,Financial Analyst,Media,11.5,Pune,Part-time,Small (51-200),Remote,494108.25,"Communication, Data Analysis, JavaScript, C++, Machine Learning",2,0,597720.54
42,Male,Diploma,Data Analyst,Government,10.9,Hyderabad,Full-time,Startup (1-50),Hybrid,469614.64,"Data Analysis, Cloud Computing, Leadership",0,0,720854.76
29,Male,Bachelor's,Sales Manager,Consulting,7.4,Mumbai,Full-time,Enterprise (5000+),On-site,1753889.47,"Communication, Data Analysis, Machine Learning, Excel, Python",1,1,3138738.54
25,Male,Diploma,HR Manager,Media,2.7,Kolkata,Contract,Startup (1-50),Hybrid,824064.54,"Java, Communication, Data Analysis",3,1,832388.42
33,Male,Master's,Sales Manager,Retail,4.7,Ahmedabad,Full-time,Startup (1-50),Hybrid,1151614.45,"Excel, Java, Python, JavaScript, Leadership",0,1,1383481.18
27,Female,PhD,Project Manager,Government,6.3,Ahmedabad,Part-time,Startup (1-50),Hybrid,727533.8,"Data Analysis, Cloud Computing",1,1,917180.69
31,Female,Bachelor's,Data Analyst,Consulting,1.7,Ahmedabad,Full-time,Large (1000-5000),Remote,,"C++, Java",2,1,832575.95
29,Female,Bachelor's,Graphic Designer,Telecommunications,6.4,Pune,Full-time,Medium (201-1000),On-site,394014.02,"Java, SQL, Project Management, C++, Communication",2,0,660897.59
24,Male,Master's,Product Manager,Telecommunications,3.4,Chennai,Full-time,Medium (201-1000),Remote,2699079.87,"Java, Leadership, Project Management, C++, Machine Learning",1,1,3445844.12
22,Male,Bachelor's,Product Manager,Media,1.7,Delhi NCR,Full-time,Medium (201-1000),Hybrid,1807589.15,"SQL, Cloud Computing, Communication, Java",3,1,2876283.08
31,Female,Master's,Business Analyst,Finance,8.4,Kolkata,Full-time,Large (1000-5000),Hybrid,1268417.55,"Cloud Computing, Project Management",0,0,1398744.23
26,Male,Master's,Graphic Designer,Government,3.9,Ahmedabad,Full-time,Medium (201-1000),On-site,356791.98,"Leadership, Machine Learning",1,0,527736.72
29,Male,Bachelor's,HR Manager,Government,10.1,Ahmedabad,Full-time,Medium (201-1000),On-site,1135358.44,"JavaScript, Java, Excel, C++",0,1,1146826.71
38,Male,Master's,Research Scientist,Government,4.0,Ahmedabad,Full-time,Enterprise (5000+),Remote,1395724.91,"Leadership, JavaScript",1,0,1942931.39
33,Male,Bachelor's,UX Designer,Information Technology,1.8,Remote (India),Part-time,Small (51-200),Hybrid,614493.31,"Java, Leadership",2,0,620700.31
34,Male,Bachelor's,Data Analyst,Media,8.7,Chennai,Full-time,Enterprise (5000+),Hybrid,688213.61,"Cloud Computing, Java, Excel",3,0,1128581.83
41,Male,Master's,HR Executive,Manufacturing,11.3,Ahmedabad,Full-time,Startup (1-50),Hybrid,549825.42,"Leadership, Machine Learning, Python, Java, Data Analysis",0,0,599937.55
30,Male,Bachelor's,Customer Support Executive,Manufacturing,,Mumbai,Contract,Large (1000-5000),Remote,389210.76,"Communication, Cloud Computing, C++, Leadership, Java",1,0,554662.18
32,Male,Bachelor's,HR Executive,Manufacturing,10.2,Bangalore,Full-time,Large (1000-5000),Remote,538809.35,"SQL, Leadership, Cloud Computing",0,0,738184.67
30,Male,Master's,HR Manager,Media,5.5,Remote (India),Full-time,Medium (201-1000),On-site,1380686.75,"Communication, Java, JavaScript, SQL, Cloud Computing",0,1,1712645.05
61,Male,Bachelor's,HR Manager,Healthcare,33.9,Chennai,Freelance,Large (1000-5000),Remote,2370659.26,"Cloud Computing, C++, Communication, Data Analysis, Project Management",3,1,2611016.33
28,Female,High School,Product Manager,Manufacturing,1.8,Bangalore,Full-time,Small (51-200),Remote,1266499.22,"C++, Excel, Data Analysis, Project Management",3,1,2104395.35
43,Male,High School,Data Analyst,Manufacturing,14.1,Kolkata,Full-time,Small (51-200),On-site,556114.67,"Cloud Computing, Excel",1,0,614161.3
33,Female,PhD,Graphic Designer,Healthcare,9.8,Pune,Full-time,Startup (1-50),On-site,886890.6,"Java, Machine Learning, Communication, Cloud Computing, JavaScript",3,0,977674.7
23,Female,PhD,Financial Analyst,Manufacturing,2.8,Ahmedabad,Full-time,Medium (201-1000),On-site,805186.36,"JavaScript, Leadership, Cloud Computing, Java, Project Management",2,0,1195754.29
38,Male,Master's,Data Analyst,Education,14.4,Remote (India),Full-time,Medium (201-1000),Hybrid,619544.24,"Cloud Computing, Project Management",1,1,1193766.07
29,Male,Diploma,QA Engineer,Manufacturing,2.6,Kolkata,Full-time,Startup (1-50),Hybrid,331824.25,"Data Analysis, Python, Excel, Leadership, Project Management",0,0,582902.91
25,Female,Diploma,Operations Manager,Manufacturing,3.6,Mumbai,Full-time,Medium (201-1000),On-site,1128239.02,"Project Management, C++",1,1,1454435.58
36,Male,Master's,Software Engineer,Healthcare,14.8,Bangalore,Full-time,Enterprise (5000+),Remote,1745254.73,"Python, C++",2,0,2686820.79
33,Female,Bachelor's,UX Designer,Government,9.0,Jaipur,Full-time,Small (51-200),Hybrid,892324.47,"C++, Data Analysis, JavaScript",1,0,994126.17
33,Female,Bachelor's,HR Executive,Finance,7.3,Kolkata,Full-time,Large (1000-5000),Remote,499243.71,"Communication, Data Analysis, SQL, Excel",0,0,691473.54
23,Female,PhD,Project Manager,Retail,2.4,Chennai,Full-time,Startup (1-50),Hybrid,1618124.61,"Excel, Communication",3,1,1757837.84
28,Male,Bachelor's,Executive Director,Education,2.9,Ahmedabad,Full-time,Small (51-200),Hybrid,2578243.01,"Project Management, SQL, C++, Java",0,1,3331166.24
35,Male,High School,Executive Director,Government,3.4,Ahmedabad,Full-time,Large (1000-5000),Hybrid,2907999.33,"JavaScript, Java, Excel, Project Management",1,1,3672383.22
25,Male,Bachelor's,Content Writer,Consulting,5.4,Jaipur,Full-time,Large (1000-5000),Remote,402122.51,"SQL, Machine Learning, Excel",2,0,540781.55
22,Female,Bachelor's,Project Manager,Education,0.8,Chennai,Full-time,Large (1000-5000),Remote,826705.32,"Java, Python, SQL, Communication",1,1,1329074.25
35,Female,Bachelor's,Accountant,Consulting,7.6,Bangalore,Contract,Medium (201-1000),On-site,586645.36,"JavaScript, Data Analysis",2,1,1020015.25
28,Male,Bachelor's,Research Scientist,Education,9.6,Ahmedabad,Full-time,Startup (1-50),Hybrid,691721.84,"Machine Learning, Project Management, Java",2,0,1256801.02
32,Female,Master's,Product Manager,Government,12.3,Bangalore,Full-time,Medium (201-1000),Remote,2312453.89,"Cloud Computing, Machine Learning, Python",0,1,4167074.63
33,Male,Bachelor's,Business Analyst,Government,13.1,Kolkata,Full-time,Enterprise (5000+),Remote,915539.33,"Data Analysis, Project Management",3,1,1522158.91
30,Female,Master's,Marketing Manager,Retail,1.3,Bangalore,Full-time,Enterprise (5000+),Remote,1251381.24,"JavaScript, SQL, Project Management, Communication, Data Analysis",3,1,2304014.25
21,Male,Master's,Financial Analyst,Healthcare,2.6,Remote (India),Full-time,Enterprise (5000+),Hybrid,625290.62,"Communication, Java, Python",2,0,1489242.65
23,Male,Bachelor's,Research Scientist,Government,5.4,Delhi NCR,Full-time,Enterprise (5000+),On-site,1357282.11,"Python, Project Management, JavaScript, Machine Learning, Java",3,0,2380819.58
29,Female,Bachelor's,Customer Support Executive,Education,2.7,Chennai,Full-time,Medium (201-1000),Hybrid,253910.2,"Communication, Data Analysis, C++, Python",3,0,350223.98
43,Male,Bachelor's,Project Manager,Information Technology,11.4,Pune,Full-time,Medium (201-1000),Hybrid,1565865.61,"JavaScript, Communication",3,1,2471482.5
30,Male,Bachelor's,Product Manager,Telecommunications,3.8,Pune,Full-time,Small (51-200),Hybrid,,"Java, Python, C++, Machine Learning",0,1,2893229.04
37,Male,Diploma,Administrative Assistant,Information Technology,5.8,Kolkata,Full-time,Enterprise (5000+),Hybrid,337553.08,"C++, Project Management, Python, Communication",0,0,473208.5
37,Male,Master's,Financial Analyst,Manufacturing,6.8,Hyderabad,Full-time,Large (1000-5000),Remote,805245.6,"Communication, JavaScript, Machine Learning, C++",0,0,1295591.95
28,Male,Master's,Data Scientist,Healthcare,6.2,Ahmedabad,Full-time,Medium (201-1000),On-site,1431462.85,"C++, JavaScript, Project Management, Python, Data Analysis",0,0,1681981.91
40,Female,Master's,Executive Director,Education,15.5,Chennai,Full-time,Large (1000-5000),On-site,3973281.67,"Cloud Computing, Project Management, Machine Learning",2,1,7173708.36
36,Male,Master's,Graphic Designer,Manufacturing,6.3,Delhi NCR,Full-time,Enterprise (5000+),Remote,454923.2,"Cloud Computing, Leadership, JavaScript",3,0,1066144.36
30,Male,Diploma,Accountant,Manufacturing,2.8,Kolkata,Part-time,Large (1000-5000),Hybrid,237879.38,"Excel, Cloud Computing, C++, Machine Learning, Leadership",1,0,326672.94
30,Male,Bachelor's,QA Engineer,Government,5.9,Remote (India),Full-time,Enterprise (5000+),Hybrid,495512.17,"Cloud Computing, Project Management, Machine Learning",1,0,922320.7
43,Male,Master's,Administrative Assistant,Telecommunications,21.4,Kolkata,Full-time,Medium (201-1000),Hybrid,432457.43,"Communication, Excel, Project Management, Python",2,0,724973.3
44,Male,Bachelor's,Product Manager,Information Technology,12.1,Remote (India),Full-time,Large (1000-5000),Remote,2860557.4,"Data Analysis, C++",3,1,4058599.25
34,Male,High School,QA Engineer,Retail,8.1,Ahmedabad,Full-time,Enterprise (5000+),Hybrid,332149.08,"C++, Java, Leadership, Python",1,0,676861.45
39,Female,Bachelor's,Content Writer,Telecommunications,8.2,Chennai,Full-time,Enterprise (5000+),Remote,496167.42,"JavaScript, Data Analysis, Python",3,0,776509.98
30,Male,Master's,Graphic Designer,Government,5.6,Chennai,Full-time,Small (51-200),On-site,473915.11,"Python, C++, SQL, JavaScript, Data Analysis",1,0,699112.28
27,Male,Bachelor's,Operations Manager,Manufacturing,2.7,Ahmedabad,Full-time,Small (51-200),Hybrid,772828.85,"Communication, Project Management, Excel, JavaScript, SQL",1,1,1128636.04
48,Female,Master's,Senior Software Engineer,Finance,23.1,Pune,Full-time,Large (1000-5000),Hybrid,3263308.36,"Machine Learning, SQL, Data Analysis, Python, Java",1,0,5291510.92
30,Female,Master's,Administrative Assistant,Media,2.6,Remote (India),Contract,Enterprise (5000+),On-site,275692.65,"Project Management, Data Analysis, Cloud Computing, SQL, Excel",2,0,421172.67
26,Male,Bachelor's,Product Manager,Healthcare,6.5,Jaipur,Full-time,Enterprise (5000+),Remote,1850380.23,"C++, Python, Leadership, Project Management",1,1,3401889.1
31,Male,Master's,Software Engineer,Information Technology,8.1,Remote (India),Part-time,Large (1000-5000),Remote,406885.04,"Excel, Leadership, SQL, JavaScript, C++",1,0,1153659.73
28,Male,Master's,Sales Manager,Retail,6.0,Remote (India),Freelance,Large (1000-5000),Remote,1476232.54,"SQL, JavaScript, Machine Learning, Data Analysis",0,1,1729578.13
29,Male,Bachelor's,QA Engineer,Consulting,4.5,Jaipur,Part-time,Medium (201-1000),On-site,414926.14,"SQL, Project Management",1,1,526537.08
33,Female,Master's,Product Manager,Education,7.0,Mumbai,Full-time,Small (51-200),Remote,2388044.32,"SQL, Data Analysis, Java",1,1,3401401.56
36,Male,Master's,UX Designer,Manufacturing,6.5,Mumbai,Full-time,Large (1000-5000),Hybrid,1386667.97,"Communication, Python, JavaScript",2,0,1887635.04
34,Male,PhD,Graphic Designer,Media,3.4,Hyderabad,Full-time,Medium (201-1000),On-site,485858.53,"Cloud Computing, Data Analysis, Machine Learning, Python, Leadership",2,0,948545.63
29,Male,Master's,Software Engineer,Education,5.9,Bangalore,Full-time,Enterprise (5000+),Remote,954635.55,"Machine Learning, SQL, Python, C++",1,0,1884488.27
30,Female,Bachelor's,Marketing Manager,Healthcare,11.8,Chennai,Full-time,Large (1000-5000),Remote,1570950.44,"Machine Learning, Project Management, C++",2,1,2286556.25
25,Male,Bachelor's,Customer Support Executive,Telecommunications,6.6,Kolkata,Full-time,Large (1000-5000),Hybrid,322411.53,"Java, SQL, Cloud Computing, C++, Excel",1,0,510204.42
34,Male,PhD,Accountant,Government,5.8,Hyderabad,Contract,Enterprise (5000+),On-site,527930.2,"Machine Learning, Leadership",1,0,1115632.62
27,Female,Bachelor's,DevOps Engineer,Manufacturing,6.7,Chennai,Full-time,Large (1000-5000),On-site,1280345.07,"Machine Learning, Project Management, Excel, Python, Data Analysis",3,0,2096923.93
27,Male,Master's,Administrative Assistant,Government,10.1,Remote (India),Full-time,Large (1000-5000),Remote,313988.21,"Java, C++",1,0,549989.19
32,Female,Bachelor's,Research Scientist,Retail,4.2,Hyderabad,Full-time,Medium (201-1000),Hybrid,1091998.07,"Cloud Computing, Leadership, Communication, Python",3,0,1838612.49
25,Female,Bachelor's,HR Manager,Telecommunications,1.3,Chennai,Full-time,Small (51-200),Hybrid,1180704.77,"Machine Learning, Java, Communication",0,1,1360615.82
34,Male,Bachelor's,Sales Executive,Media,3.7,Hyderabad,Full-time,Large (1000-5000),Remote,719322.41,"Java, Cloud Computing",2,1,944798.29
27,Male,Master's,Product Manager,Information Technology,3.6,Bangalore,Full-time,Small (51-200),Hybrid,3294644.89,"Cloud Computing, JavaScript, Leadership, Project Management",3,1,4095935.68
31,Male,Master's,Business Analyst,Finance,2.6,Remote (India),Part-time,Startup (1-50),Remote,481538.42,"JavaScript, SQL, Communication, Leadership",0,0,557530.7
36,Male,Bachelor's,HR Executive,Education,5.0,Kolkata,Full-time,Medium (201-1000),On-site,375820.12,"Python, Data Analysis, JavaScript, Machine Learning",2,0,462377.8
51,Male,Bachelor's,DevOps Engineer,Telecommunications,23.7,Bangalore,Full-time,Enterprise (5000+),Remote,1693891.04,"Project Management, SQL, Communication",3,0,4491536.42
32,Female,Master's,Administrative Assistant,Education,8.0,Pune,Full-time,Enterprise (5000+),Hybrid,274297.75,"Leadership, Excel",2,0,542133.6
31,Female,PhD,Project Manager,Information Technology,6.3,Ahmedabad,Full-time,Large (1000-5000),On-site,1928443.17,"Java, Leadership, C++, Data Analysis",0,1,2983294.94
35,Female,Diploma,Customer Support Executive,Retail,3.3,Pune,Full-time,Startup (1-50),On-site,220051.64,"C++, Project Management, Machine Learning",3,0,294072.07
29,Female,Bachelor's,Data Analyst,Government,5.5,Mumbai,Full-time,Enterprise (5000+),Hybrid,658832.04,"Leadership, Cloud Computing",0,0,1036423.12
37,Male,Bachelor's,Customer Support Executive,Retail,11.9,Pune,Full-time,Medium (201-1000),Remote,433931.79,"Data Analysis, Project Management, Communication",2,1,603289.06
34,Female,High School,Product Manager,Manufacturing,12.5,Mumbai,Full-time,Enterprise (5000+),Hybrid,2331321.39,"Machine Learning, SQL, Data Analysis",2,1,3356148.73
26,Female,High School,Graphic Designer,Government,4.7,Chennai,Full-time,Startup (1-50),Remote,410798.62,"Leadership, Cloud Computing",2,1,460619.96
38,Male,Master's,Accountant,Information Technology,9.3,Kolkata,Full-time,Enterprise (5000+),Remote,894447.09,"C++, Cloud Computing, Machine Learning, Excel, Python",3,0,1410175.24
32,Female,Diploma,Operations Manager,Retail,5.4,Pune,Freelance,Startup (1-50),Remote,804938.88,"Communication, Excel, Java, Data Analysis",0,1,813069.58
23,Male,Bachelor's,HR Manager,Retail,3.8,Hyderabad,Full-time,Enterprise (5000+),Hybrid,902972.14,"Cloud Computing, SQL, Communication, Java",2,1,1883934.99
35,Male,Bachelor's,Marketing Manager,Education,8.4,Kolkata,Full-time,Medium (201-1000),On-site,930490.17,"Project Management, Python, C++, Data Analysis",1,1,1434236.76
32,Female,Diploma,HR Manager,Media,7.3,Chennai,Full-time,Medium (201-1000),Hybrid,1162037.28,"JavaScript, Communication, Cloud Computing",1,1,1375942.84
34,Male,High School,Senior Software Engineer,Manufacturing,11.1,Delhi NCR,Freelance,Enterprise (5000+),Hybrid,1056564.42,"Data Analysis, Python, Excel, Machine Learning, Java",1,0,1999090.03
38,Female,Bachelor's,Marketing Manager,Consulting,10.7,Mumbai,Full-time,Small (51-200),Remote,1314200.16,"Cloud Computing, Excel, Machine Learning, Project Management",2,1,1920190.58
25,Other,Master's,Sales Executive,Education,1.9,Delhi NCR,Full-time,Large (1000-5000),On-site,353362.35,"SQL, Communication, Project Management, Leadership, C++",1,0,733597.93
27,Female,Bachelor's,Graphic Designer,Manufacturing,3.8,Remote (India),Full-time,Small (51-200),On-site,445616.11,"Python, Java, Leadership, Communication",0,1,623674.19
31,Male,Bachelor's,Project Manager,Manufacturing,2.4,Mumbai,Full-time,Small (51-200),Hybrid,1221806.53,"Python, Communication",0,1,1520732.51
33,Female,Bachelor's,Financial Analyst,Manufacturing,7.9,Remote (India),Full-time,Medium (201-1000),Remote,696164.69,"C++, Excel, Java, SQL",1,0,966259.09
29,Female,Bachelor's,Operations Manager,Healthcare,5.0,Bangalore,Full-time,Enterprise (5000+),Hybrid,1898600.66,"Java, SQL, C++",2,1,2271365.46
27,Female,Master's,UX Designer,Manufacturing,3.9,Pune,Full-time,Small (51-200),Hybrid,1055767.72,"Data Analysis, Leadership, Machine Learning, JavaScript, Excel",2,0,1353860.7
28,Male,PhD,Project Manager,Consulting,5.9,Hyderabad,Full-time,Startup (1-50),Remote,2050802.61,"Python, Java, C++, Project Management",2,1,2717906.16
34,Male,Bachelor's,Business Analyst,Telecommunications,9.9,Hyderabad,Full-time,Enterprise (5000+),On-site,,"Leadership, C++, Java, Data Analysis",3,0,1564802.17
29,Male,Bachelor's,Senior Software Engineer,Manufacturing,6.8,Chennai,Full-time,Startup (1-50),Remote,1234023.54,"Machine Learning, Python, Data Analysis, Java, JavaScript",0,0,1759686.98
21,Male,Diploma,Financial Analyst,Consulting,3.3,Mumbai,Full-time,Enterprise (5000+),Remote,903958.69,"C++, Leadership, Excel, Java, Cloud Computing",2,1,1392407.81
25,Female,Diploma,QA Engineer,Finance,6.0,Mumbai,Full-time,Enterprise (5000+),On-site,700290.82,"Leadership, SQL, Project Management, Excel, Machine Learning",0,0,1244765.71
32,Female,Bachelor's,Marketing Manager,Retail,9.5,Delhi NCR,Contract,Large (1000-5000),Hybrid,1067989.26,"Project Management, Cloud Computing, SQL, JavaScript, Python",3,1,1936852.64
30,Female,High School,Executive Director,Telecommunications,8.4,Ahmedabad,Full-time,Small (51-200),Remote,2550197.65,"Machine Learning, Project Management, SQL, Java",1,1,3338105.79
25,Male,Bachelor's,Research Scientist,Government,1.4,Hyderabad,Part-time,Medium (201-1000),Remote,637793.49,"Python, Java",3,0,869461.38
54,Male,Diploma,Content Writer,Consulting,24.6,Mumbai,Contract,Small (51-200),On-site,522584.13,"C++, Cloud Computing",1,0,707788.28
31,Female,Bachelor's,Software Engineer,Government,2.6,Pune,Full-time,Large (1000-5000),Hybrid,575527.57,"Java, Python, Cloud Computing, Leadership, Data Analysis",0,0,1139170.46
23,Male,Diploma,HR Executive,Education,4.3,Delhi NCR,Full-time,Enterprise (5000+),Hybrid,459111.12,"SQL, Data Analysis",1,0,553583.12
29,Female,Bachelor's,Research Scientist,Government,6.1,Remote (India),Full-time,Large (1000-5000),On-site,721565.3,"SQL, JavaScript, Communication, Excel, C++",3,1,2157902.75
29,Female,Diploma,Software Engineer,Media,7.3,Mumbai,Full-time,Medium (201-1000),Remote,780568.82,"Java, Machine Learning",0,0,1179280.26
30,Male,Diploma,Sales Manager,Consulting,6.8,Mumbai,Full-time,Startup (1-50),Remote,933517.45,"Python, C++, Data Analysis, Machine Learning",3,1,1975467.41
52,Male,Bachelor's,Research Scientist,Information Technology,31.0,Pune,Full-time,Enterprise (5000+),Hybrid,3580616.33,"C++, Excel",0,0,4199595.42
37,Male,Master's,Customer Support Executive,Consulting,10.1,Jaipur,Full-time,Small (51-200),On-site,365295.66,"JavaScript, Data Analysis, Machine Learning, Communication, Python",2,0,541222.17
35,Male,Bachelor's,QA Engineer,Retail,0.2,Delhi NCR,Full-time,Startup (1-50),Hybrid,430158.58,"Project Management, Data Analysis, Leadership, Python",3,0,695280.42
29,Female,High School,Product Manager,Finance,3.0,Hyderabad,Full-time,Startup (1-50),Remote,1889275.94,"Communication, SQL",1,1,1908359.53
36,Female,Diploma,Sales Executive,Education,8.2,Chennai,Full-time,Enterprise (5000+),Hybrid,477406.38,"Java, Cloud Computing",1,0,647452.42
39,Female,Master's,Project Manager,Consulting,3.5,Pune,Full-time,Medium (201-1000),Hybrid,1657702.5,"Project Management, SQL, C++, Cloud Computing",0,1,2124359.28
22,Male,Bachelor's,Product Manager,Information Technology,1.4,Jaipur,Contract,Startup (1-50),Remote,1843261.11,"Excel, Java, Leadership",2,1,2067692.23
42,Female,PhD,QA Engineer,Media,14.2,Mumbai,Full-time,Enterprise (5000+),Hybrid,1179391.22,"Machine Learning, Excel, Project Management",3,0,1760842.95
27,Male,Master's,Sales Executive,Manufacturing,3.1,Kolkata,Full-time,Medium (201-1000),Remote,550233.01,"C++, Leadership, Excel, SQL, Java",0,0,639782.8
22,Male,Master's,HR Executive,Education,3.0,Bangalore,Full-time,Medium (201-1000),Remote,492863.88,"C++, Cloud Computing, SQL, Project Management",1,0,615936.17
32,Female,Bachelor's,Administrative Assistant,Media,12.2,Hyderabad,Full-time,Medium (201-1000),Remote,314572.36,"Leadership, Excel, Cloud Computing",3,0,487086.71
28,Male,Bachelor's,HR Executive,Consulting,6.6,Kolkata,Full-time,Medium (201-1000),Remote,527790.76,"JavaScript, Data Analysis, Cloud Computing, SQL",3,0,646081.22
37,Female,Bachelor's,Data Analyst,Healthcare,14.4,Hyderabad,Full-time,Enterprise (5000+),Hybrid,678213.08,"SQL, Excel",2,1,1628017.37
23,Male,Master's,Data Scientist,Government,1.6,Kolkata,Full-time,Enterprise (5000+),Hybrid,1030481.7,"Excel, Data Analysis, Cloud Computing, Project Management, C++",3,0,1906525.36
33,Female,Bachelor's,QA Engineer,Finance,4.4,Chennai,Full-time,Large (1000-5000),Hybrid,562338.07,"Cloud Computing, Communication, SQL, Python",0,0,1195056.24
34,Male,Master's,QA Engineer,Government,7.5,Bangalore,Full-time,Startup (1-50),Hybrid,957949.76,"Data Analysis, C++, Excel",2,0,1109943.42
35,Male,PhD,Financial Analyst,Consulting,10.9,Delhi NCR,Contract,Large (1000-5000),On-site,2001536.44,"Cloud Computing, JavaScript, Machine Learning, C++, Project Management",3,1,2869048.09
30,Male,Diploma,Data Analyst,Education,8.1,Hyderabad,Full-time,Medium (201-1000),On-site,449571.16,"Python, Machine Learning, Communication",3,0,631455.5
31,Female,Master's,DevOps Engineer,Information Technology,4.3,Delhi NCR,Full-time,Enterprise (5000+),On-site,2178353.95,"Machine Learning, Data Analysis",3,0,3754650.35
33,Female,Bachelor's,QA Engineer,Education,7.9,Ahmedabad,Full-time,Enterprise (5000+),Remote,469775.58,"Communication, Cloud Computing, C++, JavaScript",2,0,904210.52
31,Female,Bachelor's,DevOps Engineer,Government,4.0,Remote (India),Full-time,Small (51-200),Remote,1539249.11,"Communication, Excel, Python",2,0,1617942.94
36,Female,Bachelor's,Customer Support Executive,Healthcare,11.8,Bangalore,Full-time,Medium (201-1000),Remote,406139.92,"C++, Data Analysis, Communication, Machine Learning",0,0,601812.49
27,Female,Bachelor's,QA Engineer,Finance,6.5,Mumbai,Freelance,Enterprise (5000+),On-site,981831.03,"Data Analysis, Machine Learning, Cloud Computing",2,0,1391999.96
28,Female,Master's,Administrative Assistant,Retail,6.0,Ahmedabad,Full-time,Startup (1-50),Remote,303583.24,"Python, Excel",0,0,306649.74
29,Male,Bachelor's,Data Analyst,Retail,5.5,Bangalore,Contract,Enterprise (5000+),Hybrid,511934.35,"Project Management, JavaScript",3,0,969743.77
28,Male,Master's,Operations Manager,Media,3.5,Pune,Full-time,Startup (1-50),On-site,1343650.19,"Machine Learning, Communication, C++, Project Management",0,1,1589653.11
30,Female,Master's,Software Engineer,Healthcare,1.4,Mumbai,Full-time,Medium (201-1000),Remote,1290088.24,"Communication, Leadership",1,0,1417326.27
38,Female,Master's,Operations Manager,Education,17.1,Ahmedabad,Full-time,Enterprise (5000+),Hybrid,1193142.81,"Data Analysis, Python",0,1,2276515.62
35,Male,Bachelor's,Financial Analyst,Education,3.9,Delhi NCR,Contract,Enterprise (5000+),Remote,563864.8,"Data Analysis, Project Management, Cloud Computing",1,0,989579.57
33,Male,Bachelor's,Executive Director,Government,5.6,Chennai,Full-time,Small (51-200),Hybrid,3575521.0,"Java, Python, Communication, Leadership",1,1,4720365.73
35,Female,Master's,Sales Executive,Government,0.8,Delhi NCR,Full-time,Startup (1-50),Hybrid,627170.31,"Excel, Java",0,0,633505.36
27,Male,Bachelor's,Administrative Assistant,Media,1.1,Chennai,Full-time,Large (1000-5000),Hybrid,320277.91,"SQL, Project Management, Communication, Leadership",0,0,345919.98
36,Female,Bachelor's,Customer Support Executive,Media,11.6,Jaipur,Full-time,Enterprise (5000+),On-site,320536.39,"Machine Learning, Cloud Computing, C++, Project Management",2,0,525545.23
24,Male,High School,Data Scientist,Education,1.0,Delhi NCR,Full-time,Enterprise (5000+),Hybrid,725954.21,"Project Management, Python, Machine Learning, Java, Leadership",3,0,1506757.72
26,Male,Bachelor's,Data Scientist,Finance,2.6,Pune,Full-time,Small (51-200),Remote,1345018.25,"SQL, Project Management, Cloud Computing",0,0,1772663.16
41,Male,Bachelor's,HR Manager,Telecommunications,8.4,Hyderabad,Full-time,Enterprise (5000+),Remote,1210470.37,"SQL, Project Management, Excel",2,1,2115557.98
24,Male,Master's,Software Engineer,Telecommunications,1.6,Hyderabad,Contract,Small (51-200),Remote,838244.04,"Machine Learning, JavaScript, Java",3,0,1269258.2
24,Male,Master's,HR Executive,Telecommunications,2.6,Delhi NCR,Full-time,Large (1000-5000),Hybrid,854087.19,"Python, SQL",1,1,964181.5
35,Female,Bachelor's,Financial Analyst,Healthcare,8.2,Ahmedabad,Full-time,Startup (1-50),Remote,720817.05,"Excel, Python, SQL, C++, Cloud Computing",1,0,935365.98
27,Male,Bachelor's,Sales Executive,Telecommunications,9.2,Remote (India),Full-time,Enterprise (5000+),Hybrid,484184.36,"Java, Excel",3,0,902156.77
28,Male,Bachelor's,HR Executive,Education,5.4,Pune,Full-time,Large (1000-5000),On-site,251358.14,"Machine Learning, C++, Communication",0,0,536596.12
21,Male,Bachelor's,Data Scientist,Education,4.7,Jaipur,Full-time,Small (51-200),Remote,659738.41,"Project Management, C++, SQL, Communication, Python",0,0,1169783.12
33,Male,Bachelor's,Data Analyst,Finance,10.9,Bangalore,Full-time,Startup (1-50),Hybrid,864374.18,"Leadership, C++, Cloud Computing",3,0,1168696.76
24,Male,Bachelor's,Administrative Assistant,Telecommunications,5.9,Chennai,Freelance,Startup (1-50),Remote,197398.29,"JavaScript, Data Analysis, Project Management",2,0,301970.05
34,Male,Bachelor's,Senior Software Engineer,Healthcare,9.8,Ahmedabad,Full-time,Startup (1-50),On-site,1316902.11,"Python, Leadership, SQL, JavaScript",1,0,1656380.77
33,Female,Master's,HR Manager,Information Technology,5.8,Chennai,Full-time,Medium (201-1000),Hybrid,1203061.86,"Project Management, JavaScript, SQL, Data Analysis",2,1,2313916.4
23,Male,Master's,Data Analyst,Finance,4.6,Hyderabad,Full-time,Enterprise (5000+),Remote,1261325.21,"C++, Java, Excel, Data Analysis",2,0,1420987.99
34,Male,Master's,Data Analyst,Government,8.3,Hyderabad,Full-time,Large (1000-5000),Hybrid,936317.23,"Communication, JavaScript, Excel, Java",2,0,1154594.76
38,Male,Bachelor's,Data Scientist,Healthcare,4.6,Delhi NCR,Full-time,Medium (201-1000),On-site,996513.47,"Cloud Computing, Project Management, Leadership",0,1,2318015.83
28,Female,Master's,Customer Support Executive,Consulting,4.9,Bangalore,Part-time,Medium (201-1000),Remote,346774.85,"Leadership, Cloud Computing",1,0,367874.79
28,Female,Bachelor's,Administrative Assistant,Telecommunications,2.1,Ahmedabad,Full-time,Large (1000-5000),Hybrid,221045.54,"Communication, Leadership",1,0,346300.0
21,Female,Bachelor's,Operations Manager,Telecommunications,2.2,Jaipur,Full-time,Large (1000-5000),Hybrid,1054373.81,"Excel, Machine Learning",3,1,1541883.16
29,Female,Master's,Project Manager,Manufacturing,9.6,Jaipur,Full-time,Startup (1-50),Remote,833859.62,"Data Analysis, Cloud Computing, Python, Machine Learning, JavaScript",2,1,1662809.77
28,Male,High School,Graphic Designer,Education,6.0,Chennai,Part-time,Enterprise (5000+),On-site,129373.2,"Java, Data Analysis, Leadership",3,0,264268.21
38,Female,Master's,Data Scientist,Education,9.9,Chennai,Freelance,Medium (201-1000),On-site,1180948.77,"SQL, Machine Learning, Cloud Computing",2,0,1760260.05
38,Male,Bachelor's,Financial Analyst,Consulting,9.0,Remote (India),Full-time,Large (1000-5000),On-site,810192.06,"JavaScript, Communication, SQL",0,0,1244195.0
32,Other,PhD,Product Manager,Finance,6.5,Bangalore,Full-time,Medium (201-1000),Remote,4405953.16,"SQL, Cloud Computing",2,1,6162035.75
23,Female,Diploma,Marketing Manager,Media,3.5,Ahmedabad,Full-time,Medium (201-1000),On-site,1013608.24,"Java, Python, JavaScript, Communication",3,1,1141216.37
32,Female,Bachelor's,Research Scientist,Retail,8.9,Pune,Full-time,Medium (201-1000),Hybrid,1841418.95,"Data Analysis, Excel",1,1,1942642.33
26,Male,Bachelor's,Executive Director,Consulting,4.3,Kolkata,Full-time,Small (51-200),On-site,4152762.07,"Data Analysis, SQL",3,1,4610764.93
27,Female,Bachelor's,Operations Manager,Manufacturing,3.2,Mumbai,Full-time,Medium (201-1000),Hybrid,1188514.92,"C++, Python, Machine Learning",3,1,1952805.97
31,Male,Bachelor's,Customer Support Executive,Telecommunications,7.5,Chennai,Full-time,Enterprise (5000+),Remote,521863.42,"Excel, Leadership, Communication",2,1,603858.7
32,Female,High School,Sales Manager,Telecommunications,6.6,Hyderabad,Full-time,Small (51-200),On-site,1045828.69,"Excel, Python, JavaScript, Java",0,1,1350130.34
23,Male,Diploma,Senior Software Engineer,Retail,1.0,Jaipur,Full-time,Startup (1-50),On-site,1042356.38,"Data Analysis, C++",0,1,1052885.23
27,Female,PhD,QA Engineer,Telecommunications,5.8,Pune,Full-time,Enterprise (5000+),Remote,1133582.39,"Python, SQL, JavaScript",1,0,1398515.71
28,Male,Bachelor's,Business Analyst,Education,5.4,Ahmedabad,Part-time,Medium (201-1000),Hybrid,392474.29,"Machine Learning, Leadership, C++",2,0,456254.19
27,Female,Bachelor's,UX Designer,Consulting,2.3,Pune,Full-time,Startup (1-50),On-site,979934.94,"Java, Communication, SQL",3,0,1173959.65
21,Female,Bachelor's,Sales Executive,Information Technology,3.4,Bangalore,Full-time,Medium (201-1000),On-site,674269.01,"SQL, Python",0,0,818570.14
27,Male,Bachelor's,Data Scientist,Finance,4.2,Remote (India),Full-time,Enterprise (5000+),Remote,1079372.33,"Excel, SQL, Leadership",2,0,2415894.0
49,Female,Diploma,QA Engineer,Retail,20.7,Ahmedabad,Full-time,Startup (1-50),Hybrid,657472.77,"C++, Project Management, Excel",0,0,699581.95
29,Female,Bachelor's,Product Manager,Education,7.4,Ahmedabad,Full-time,Enterprise (5000+),On-site,1760741.37,"Project Management, Machine Learning, Data Analysis",0,1,2765079.54
23,Male,Bachelor's,Customer Support Executive,Finance,1.7,Ahmedabad,Contract,Enterprise (5000+),Hybrid,160249.97,"Cloud Computing, JavaScript, Machine Learning, Java",3,0,512211.23
21,Male,Master's,Marketing Manager,Finance,2.3,Chennai,Contract,Medium (201-1000),On-site,1683917.18,"Leadership, C++",2,1,1953575.53
25,Male,Bachelor's,Marketing Manager,Manufacturing,3.5,Kolkata,Full-time,Enterprise (5000+),Remote,875445.43,"Machine Learning, Leadership, SQL",1,1,1584695.57
26,Male,Diploma,Business Analyst,Information Technology,0.7,Bangalore,Full-time,Startup (1-50),Remote,405560.15,"Communication, Java",0,0,683763.04
33,Female,Bachelor's,Research Scientist,Education,,Ahmedabad,Full-time,Startup (1-50),On-site,814076.95,"Data Analysis, Java, Project Management, C++, Excel",3,0,1180000.16
29,Male,Bachelor's,Project Manager,Finance,4.9,Pune,Full-time,Enterprise (5000+),On-site,1688317.9,"Data Analysis, Cloud Computing, Java",3,1,2533585.94
28,Female,Bachelor's,Research Scientist,Telecommunications,5.0,Pune,Full-time,Medium (201-1000),Hybrid,1138839.43,"Data Analysis, Machine Learning, C++",1,0,1820674.99
29,Male,Bachelor's,Data Analyst,Consulting,6.7,Ahmedabad,Full-time,Startup (1-50),Hybrid,482400.95,"Java, Leadership, Communication, Project Management, Cloud Computing",0,0,678230.46
29,Female,Bachelor's,Content Writer,Government,4.3,Pune,Full-time,Medium (201-1000),Hybrid,351730.2,"Communication, Project Management, JavaScript",2,0,543459.64
29,Male,PhD,Graphic Designer,Healthcare,6.8,Remote (India),Full-time,Startup (1-50),On-site,828445.12,"Project Management, Excel, JavaScript",2,1,836813.26
29,Male,Bachelor's,Accountant,Telecommunications,3.8,Bangalore,Full-time,Small (51-200),Remote,722006.54,"JavaScript, Python, SQL",3,0,729299.53
32,Male,High School,Sales Executive,Media,9.2,Jaipur,Full-time,Startup (1-50),Hybrid,309190.35,"SQL, Java, C++, Project Management",3,0,419389.73
28,Male,Bachelor's,Accountant,Media,4.6,Hyderabad,Freelance,Small (51-200),Hybrid,409498.52,"Excel, C++, JavaScript",2,0,591605.36
29,Male,Bachelor's,Accountant,Information Technology,3.9,Chennai,Full-time,Enterprise (5000+),Remote,596039.06,"Leadership, Project Management, Python, Data Analysis, JavaScript",3,0,1034491.8
25,Female,Bachelor's,Operations Manager,Education,5.9,Pune,Full-time,Startup (1-50),Remote,1213142.38,"C++, JavaScript, SQL, Leadership",1,1,1225396.34
25,Female,High School,Product Manager,Education,3.4,Delhi NCR,Part-time,Startup (1-50),Hybrid,645249.79,"Machine Learning, Cloud Computing, Data Analysis, JavaScript, SQL",1,1,853845.06
25,Male,Bachelor's,Financial Analyst,Healthcare,1.2,Bangalore,Full-time,Enterprise (5000+),Hybrid,1043178.85,"Cloud Computing, SQL",3,0,1262257.93
28,Female,Master's,Administrative Assistant,Manufacturing,4.9,Delhi NCR,Contract,Large (1000-5000),Hybrid,478736.81,"Leadership, Java",1,0,557015.4
30,Male,Diploma,Data Analyst,Telecommunications,10.2,Pune,Full-time,Startup (1-50),Hybrid,,"C++, JavaScript",3,0,654637.59
42,Male,Master's,Administrative Assistant,Healthcare,10.5,Bangalore,Full-time,Small (51-200),Hybrid,559345.07,"Data Analysis, Machine Learning",2,0,612521.27
32,Male,Bachelor's,Graphic Designer,Manufacturing,2.6,Pune,Full-time,Large (1000-5000),Hybrid,359138.79,"Communication, Java, Python, JavaScript, Project Management",0,0,644964.85
37,Male,Master's,Business Analyst,Education,7.4,Chennai,Full-time,Small (51-200),On-site,964018.83,"Python, Leadership, SQL",0,1,1079348.89
30,Female,PhD,Sales Executive,Government,3.1,Pune,Full-time,Small (51-200),On-site,740913.82,"SQL, Machine Learning, Java",2,0,783248.72
32,Male,Diploma,Financial Analyst,Manufacturing,9.6,Hyderabad,Part-time,Startup (1-50),Remote,378363.84,"Java, Cloud Computing, Leadership, Communication, Excel",1,0,501515.53
36,Male,Master's,Data Scientist,Telecommunications,12.8,Delhi NCR,Full-time,Small (51-200),On-site,2130966.91,"Data Analysis, Excel, Project Management, Machine Learning, JavaScript",3,0,2902721.82
28,Female,Bachelor's,Customer Support Executive,Healthcare,3.8,Jaipur,Full-time,Enterprise (5000+),Remote,304703.58,"Communication, Project Management, Cloud Computing, C++, Machine Learning",0,0,472221.94
28,Male,Diploma,HR Manager,Retail,3.3,Remote (India),Full-time,Startup (1-50),Remote,768711.16,"Project Management, Excel, C++",1,1,827866.17
29,Male,Master's,Sales Executive,Consulting,4.5,Bangalore,Full-time,Enterprise (5000+),Hybrid,907807.88,"Project Management, SQL, JavaScript, C++",1,0,1414488.13
34,Male,Diploma,Data Scientist,Consulting,8.5,Jaipur,Full-time,Large (1000-5000),Hybrid,931978.35,"Excel, C++, Java",3,0,1661450.19
48,Female,PhD,Business Analyst,Media,14.3,Chennai,Full-time,Enterprise (5000+),Remote,1264221.23,"Communication, Leadership, Python",1,0,2101655.39
28,Male,PhD,Project Manager,Media,3.5,Hyderabad,Full-time,Large (1000-5000),Hybrid,945042.63,"Cloud Computing, JavaScript, SQL",2,1,2637852.51
30,Male,Master's,Marketing Manager,Manufacturing,12.2,Delhi NCR,Freelance,Small (51-200),Hybrid,1553756.85,"Machine Learning, Java, Project Management, SQL, Leadership",1,1,1909465.62
30,Female,Bachelor's,Marketing Manager,Education,1.4,Chennai,Full-time,Enterprise (5000+),On-site,904268.76,"Machine Learning, Data Analysis",3,1,1516136.02
33,Male,Bachelor's,Data Scientist,Manufacturing,5.4,Delhi NCR,Full-time,Enterprise (5000+),Remote,1569454.23,"Java, Data Analysis",1,0,2224983.1
31,Female,Diploma,Business Analyst,Government,5.8,Mumbai,Part-time,Enterprise (5000+),Remote,456210.58,"JavaScript, Machine Learning, Excel",2,0,574054.22
25,Male,Master's,Data Scientist,Healthcare,2.9,Mumbai,Contract,Small (51-200),On-site,1271817.62,"Machine Learning, Leadership, JavaScript, Python, Java",3,0,2007242.39
29,Male,High School,UX Designer,Manufacturing,6.9,Pune,Full-time,Medium (201-1000),On-site,646179.33,"Communication, Leadership",1,0,994011.58
29,Female,Master's,Accountant,Information Technology,2.8,Hyderabad,Full-time,Medium (201-1000),Hybrid,650710.63,"Machine Learning, SQL",3,1,1235248.8
32,Male,Bachelor's,Sales Manager,Information Technology,6.9,Pune,Full-time,Small (51-200),Remote,1940477.04,"Project Management, Leadership, Communication, Excel, Data Analysis",3,1,2382600.21
22,Male,Bachelor's,Executive Director,Healthcare,2.1,Jaipur,Full-time,Small (51-200),Hybrid,2620126.48,"Java, Project Management, Data Analysis, Cloud Computing",1,1,3849163.66
29,Female,PhD,Software Engineer,Manufacturing,6.5,Jaipur,Contract,Medium (201-1000),Hybrid,1090057.14,"C++, Excel, Leadership",2,1,1424733.44
32,Female,Diploma,Research Scientist,Finance,6.8,Bangalore,Part-time,Medium (201-1000),Hybrid,1050623.69,"Cloud Computing, JavaScript, Java, Machine Learning, SQL",2,1,1616002.73
25,Male,Bachelor's,Business Analyst,Telecommunications,4.3,Hyderabad,Full-time,Startup (1-50),Remote,733984.61,"Machine Learning, C++, Data Analysis, Project Management, Cloud Computing",3,0,1055525.0
21,Male,Bachelor's,Product Manager,Manufacturing,1.5,Hyderabad,Full-time,Medium (201-1000),Hybrid,2317209.05,"Java, Cloud Computing",0,1,2572781.12
26,Male,Bachelor's,Accountant,Manufacturing,5.4,Bangalore,Full-time,Enterprise (5000+),Remote,419222.35,"Python, Excel",0,0,855270.37
35,Male,Master's,Sales Executive,Consulting,15.3,Jaipur,Full-time,Large (1000-5000),Hybrid,789299.05,"Communication, Excel, SQL, Leadership, Data Analysis",2,0,953694.43
21,Male,High School,Product Manager,Education,2.0,Kolkata,Full-time,Startup (1-50),On-site,732244.96,"Data Analysis, Excel",0,1,1122697.07
27,Female,Bachelor's,Accountant,Telecommunications,6.3,Pune,Full-time,Startup (1-50),Remote,491905.73,"JavaScript, Cloud Computing, Machine Learning, Java",2,1,867673.26
35,Male,Master's,Operations Manager,Media,7.5,Bangalore,Full-time,Large (1000-5000),Hybrid,1541186.08,"Excel, JavaScript, Leadership, Project Management",1,1,2155278.74
33,Female,Bachelor's,Operations Manager,Finance,10.2,Kolkata,Full-time,Enterprise (5000+),On-site,1202433.52,"Data Analysis, C++, JavaScript, Cloud Computing",0,1,2355990.79
30,Female,Bachelor's,QA Engineer,Retail,4.0,Kolkata,Full-time,Enterprise (5000+),Hybrid,534420.25,"Data Analysis, C++, Python, Project Management",0,1,955507.51
27,Female,Master's,Software Engineer,Government,6.3,Kolkata,Full-time,Medium (201-1000),Hybrid,1338041.61,"Data Analysis, Excel, Project Management",2,1,1627236.65
38,Female,PhD,Executive Director,Telecommunications,9.8,Remote (India),Full-time,Enterprise (5000+),Hybrid,6243192.16,"Excel, Leadership, Java, Communication",2,1,11885777.51
42,Female,Bachelor's,Data Scientist,Media,19.0,Hyderabad,Contract,Large (1000-5000),Remote,1971892.33,"Cloud Computing, Project Management, Communication, Java",1,0,2364854.95
24,Male,Bachelor's,Marketing Manager,Finance,0.7,Ahmedabad,Full-time,Enterprise (5000+),Remote,1223871.96,"Project Management, Data Analysis, Excel",3,1,1681247.57
34,Female,Bachelor's,Operations Manager,Telecommunications,3.6,Bangalore,Full-time,Startup (1-50),Remote,1379954.18,"Data Analysis, Cloud Computing, SQL, C++, JavaScript",0,1,1531550.25
21,Male,Diploma,UX Designer,Media,0.8,Delhi NCR,Full-time,Enterprise (5000+),Remote,814247.54,"C++, Leadership, Cloud Computing",1,0,1214099.51
27,Male,Diploma,Research Scientist,Government,6.7,Hyderabad,Full-time,Large (1000-5000),Hybrid,1129841.33,"Data Analysis, JavaScript, Communication",0,0,1891855.97
32,Female,Bachelor's,Project Manager,Consulting,7.1,Ahmedabad,Full-time,Medium (201-1000),Hybrid,1168578.41,"Machine Learning, Communication, Project Management, Java, JavaScript",3,1,1903570.96
30,Female,Bachelor's,Product Manager,Manufacturing,6.3,Chennai,Full-time,Startup (1-50),On-site,2167817.59,"Communication, Data Analysis",2,1,2252633.12
29,Male,High School,Data Scientist,Media,7.6,Remote (India),Full-time,Startup (1-50),Hybrid,935383.51,"Data Analysis, C++, Cloud Computing, Project Management",0,0,944831.83
29,Male,Bachelor's,Senior Software Engineer,Healthcare,6.6,Delhi NCR,Full-time,Startup (1-50),Hybrid,1596834.98,"Project Management, Communication, JavaScript, C++",3,0,2331287.18
29,Male,Bachelor's,HR Manager,Information Technology,3.4,Remote (India),Full-time,Small (51-200),Hybrid,1529425.89,"SQL, C++, Excel",3,1,1544874.64
25,Female,Diploma,QA Engineer,Consulting,0.8,Ahmedabad,Full-time,Startup (1-50),Hybrid,526013.58,"Data Analysis, Java, C++",1,0,534749.47
32,Female,Bachelor's,Senior Software Engineer,Manufacturing,4.5,Hyderabad,Full-time,Enterprise (5000+),On-site,1620350.8,"C++, Cloud Computing, Data Analysis, Leadership, Java",3,1,3267195.2
51,Female,High School,Sales Manager,Finance,23.2,Ahmedabad,Full-time,Startup (1-50),Remote,1433748.63,"Data Analysis, Communication, Project Management, Java",3,1,1737951.39
22,Male,Bachelor's,Data Scientist,Telecommunications,4.0,Ahmedabad,Full-time,Enterprise (5000+),On-site,1064250.43,"Communication, Java, Data Analysis",3,0,1955880.75
33,Male,Diploma,Business Analyst,Government,4.4,Pune,Part-time,Small (51-200),Remote,352895.12,"Project Management, SQL",3,0,378163.54
24,Other,Master's,Data Scientist,Manufacturing,1.6,Pune,Full-time,Small (51-200),On-site,1691392.27,"Project Management, SQL",0,1,1708477.04
27,Male,Bachelor's,Sales Manager,Healthcare,2.8,Jaipur,Full-time,Small (51-200),Remote,1254715.34,"JavaScript, Project Management, C++, Excel, Communication",1,1,1267389.23
28,Male,Bachelor's,Sales Manager,Government,7.7,Delhi NCR,Freelance,Startup (1-50),On-site,1453288.88,"JavaScript, Python, Cloud Computing, Machine Learning",3,1,1467968.57
32,Female,High School,Product Manager,Telecommunications,7.1,Chennai,Full-time,Startup (1-50),Hybrid,1711350.2,"Communication, Machine Learning, Java, JavaScript, Data Analysis",1,1,2077987.22
29,Female,Bachelor's,Accountant,Consulting,4.0,Remote (India),Full-time,Small (51-200),Remote,480861.8,"Communication, Machine Learning, C++, Java",0,0,639762.2
32,Male,Diploma,HR Manager,Healthcare,6.0,Pune,Full-time,Small (51-200),Hybrid,811395.56,"Machine Learning, JavaScript, Project Management, Java",3,1,1499549.4
27,Male,Bachelor's,Customer Support Executive,Telecommunications,6.3,Jaipur,Full-time,Startup (1-50),On-site,,"Leadership, Python, Machine Learning, Excel, Communication",0,0,367582.56
31,Male,Bachelor's,Sales Manager,Finance,5.8,Jaipur,Full-time,Large (1000-5000),Remote,1455853.78,"Leadership, Communication, Machine Learning",3,1,2265834.78
37,Male,High School,Data Scientist,Healthcare,5.6,Mumbai,Full-time,Medium (201-1000),Remote,1223277.15,"SQL, Project Management",1,1,1916329.82
39,Male,Bachelor's,Data Scientist,Manufacturing,4.9,Mumbai,Full-time,Enterprise (5000+),On-site,1139096.36,"Python, Project Management, C++, Java, SQL",3,0,2082708.25
30,Male,Bachelor's,Administrative Assistant,Telecommunications,2.9,Delhi NCR,Full-time,Small (51-200),Remote,301900.17,"Cloud Computing, C++",0,0,386939.22
29,Male,Master's,QA Engineer,Retail,4.1,Ahmedabad,Full-time,Startup (1-50),Hybrid,630138.75,"Java, Leadership, Machine Learning",2,0,686708.09
25,Female,Master's,DevOps Engineer,Education,4.7,Hyderabad,Full-time,Enterprise (5000+),Remote,1599421.33,"Excel, C++, Project Management, Communication",3,1,2716046.26
36,Female,High School,QA Engineer,Retail,13.6,Pune,Full-time,Medium (201-1000),On-site,450774.46,"Machine Learning, Java",2,0,694652.54
31,Male,Bachelor's,Financial Analyst,Manufacturing,9.2,Hyderabad,Full-time,Large (1000-5000),Remote,674014.08,"Excel, Cloud Computing, Data Analysis, C++, Project Management",3,1,1469875.73
30,Male,Diploma,HR Executive,Education,4.9,Jaipur,Full-time,Small (51-200),On-site,244342.69,"Cloud Computing, JavaScript, Excel, Communication, Machine Learning",1,0,306245.26
28,Female,Bachelor's,Graphic Designer,Consulting,3.8,Jaipur,Full-time,Small (51-200),On-site,343101.63,"Java, JavaScript, Python",2,0,591858.93
21,Female,Bachelor's,Administrative Assistant,Retail,1.9,Pune,Full-time,Small (51-200),On-site,277963.18,"Communication, Excel, SQL, Project Management",2,0,297142.66
28,Male,Bachelor's,Operations Manager,Consulting,3.2,Pune,Contract,Enterprise (5000+),Remote,1011436.65,"Java, Machine Learning, Cloud Computing, Data Analysis, JavaScript",1,1,1935776.82
21,Male,Diploma,Accountant,Media,3.5,Delhi NCR,Full-time,Small (51-200),Hybrid,437264.11,"C++, Data Analysis, Python, JavaScript",2,0,588680.56
29,Female,Master's,Data Scientist,Media,9.2,Mumbai,Full-time,Enterprise (5000+),Remote,2277413.16,"Project Management, Communication",1,0,3021454.2
24,Male,Master's,Sales Manager,Manufacturing,6.2,Remote (India),Full-time,Medium (201-1000),Hybrid,1389163.29,"Data Analysis, Python, Excel, Cloud Computing",2,1,2331762.14
37,Female,Diploma,Data Analyst,Retail,13.3,Kolkata,Full-time,Startup (1-50),On-site,278011.73,"Data Analysis, SQL, Java, Cloud Computing",1,0,587318.01
36,Female,Bachelor's,HR Executive,Healthcare,10.5,Ahmedabad,Full-time,Startup (1-50),On-site,455657.59,"Cloud Computing, Communication, Java",3,0,527245.54
24,Female,Bachelor's,Sales Executive,Telecommunications,1.8,Chennai,Full-time,Large (1000-5000),On-site,552240.17,"Leadership, C++",0,0,685862.06
38,Female,Bachelor's,Sales Manager,Manufacturing,16.1,Remote (India),Contract,Large (1000-5000),Remote,1574359.25,"Project Management, Excel, JavaScript, SQL, Communication",0,1,2177311.97
41,Male,Master's,Financial Analyst,Government,8.6,Kolkata,Full-time,Medium (201-1000),Remote,914368.29,"Excel, Project Management, Machine Learning, Communication, Cloud Computing",3,0,1211721.21
24,Male,Bachelor's,DevOps Engineer,Manufacturing,0.3,Kolkata,Full-time,Medium (201-1000),On-site,1047468.73,"Leadership, C++, Python",0,0,1381326.61
32,Female,Master's,Graphic Designer,Telecommunications,4.2,Jaipur,Freelance,Medium (201-1000),On-site,482671.3,"C++, Python, Java, Data Analysis",1,0,548648.88
38,Male,PhD,UX Designer,Media,13.0,Pune,Freelance,Enterprise (5000+),Remote,1005231.73,"Excel, Project Management",1,0,1942883.99
32,Female,High School,Business Analyst,Education,6.5,Chennai,Full-time,Small (51-200),Hybrid,424907.14,"Leadership, Data Analysis, Project Management, JavaScript, SQL",3,0,576184.23
35,Female,Bachelor's,Executive Director,Finance,15.2,Kolkata,Full-time,Small (51-200),Hybrid,4631466.69,"Java, Cloud Computing, Python",2,1,6781938.1
41,Male,Bachelor's,Executive Director,Education,18.9,Mumbai,Full-time,Large (1000-5000),Remote,6913747.96,"Machine Learning, Excel, Cloud Computing, Communication",0,1,7760046.75
30,Male,Bachelor's,HR Manager,Consulting,6.2,Bangalore,Contract,Small (51-200),Remote,1003577.92,"JavaScript, Leadership, Data Analysis",1,1,1623645.1
34,Male,PhD,HR Executive,Telecommunications,7.1,Delhi NCR,Full-time,Large (1000-5000),Hybrid,647120.24,"Cloud Computing, Java, SQL, Leadership, Data Analysis",2,0,1164506.56
33,Male,Diploma,Project Manager,Media,9.7,Mumbai,Part-time,Large (1000-5000),On-site,828003.46,"Leadership, Communication, C++",2,1,1047805.6
32,Male,Bachelor's,Sales Executive,Consulting,2.9,Pune,Full-time,Enterprise (5000+),Hybrid,730946.7,"JavaScript, Communication, Python, C++",2,0,985340.18
26,Female,Diploma,Software Engineer,Information Technology,,Mumbai,Full-time,Medium (201-1000),Remote,890220.43,"C++, JavaScript, Java, Excel, Python",2,0,1557617.7
43,Male,Master's,Customer Support Executive,Information Technology,8.2,Jaipur,Part-time,Startup (1-50),On-site,252030.58,"JavaScript, Cloud Computing, Project Management, Excel, Python",1,0,257989.28
21,Male,High School,Sales Executive,Healthcare,0.2,Mumbai,Full-time,Medium (201-1000),Remote,353156.58,"Data Analysis, JavaScript, Machine Learning, Excel, Leadership",3,0,681274.52
24,Male,Bachelor's,Marketing Manager,Retail,2.8,Mumbai,Full-time,Large (1000-5000),On-site,1245711.05,"Java, Machine Learning, Data Analysis, Leadership, Cloud Computing",3,1,1911703.74
26,Other,Diploma,Accountant,Education,5.1,Ahmedabad,Full-time,Medium (201-1000),Remote,314539.97,"Python, Java",2,0,409460.04
34,Male,High School,Customer Support Executive,Telecommunications,7.0,Jaipur,Full-time,Small (51-200),Remote,254611.65,"Leadership, SQL, JavaScript, Python",1,0,257183.48
40,Other,Master's,HR Executive,Finance,9.6,Ahmedabad,Full-time,Startup (1-50),Hybrid,555181.69,"Java, Excel, Cloud Computing",0,1,684549.31
40,Male,Bachelor's,Software Engineer,Information Technology,10.9,Bangalore,Full-time,Medium (201-1000),On-site,1518072.68,"C++, JavaScript, Machine Learning, Python",2,0,1772957.19
28,Female,Bachelor's,UX Designer,Government,5.0,Mumbai,Full-time,Enterprise (5000+),Remote,1028042.14,"Leadership, C++, Machine Learning, Python",1,0,1567403.75
27,Female,Bachelor's,Accountant,Media,6.0,Ahmedabad,Full-time,Medium (201-1000),Remote,435595.84,"C++, SQL, Cloud Computing, Python",0,0,626057.08
30,Female,Bachelor's,Financial Analyst,Finance,6.7,Mumbai,Part-time,Startup (1-50),On-site,589431.62,"Leadership, C++, Data Analysis, Excel, Machine Learning",3,0,663287.82
29,Female,Diploma,Product Manager,Retail,6.6,Pune,Full-time,Medium (201-1000),On-site,1616799.82,"SQL, Machine Learning",2,1,2310006.7
29,Female,Master's,Sales Executive,Finance,2.9,Bangalore,Contract,Small (51-200),On-site,864480.21,"Leadership, JavaScript, Data Analysis",3,1,1034418.16
33,Male,Master's,Software Engineer,Media,1.7,Jaipur,Full-time,Enterprise (5000+),Hybrid,887903.3,"JavaScript, C++, Python, Cloud Computing",1,0,1237684.94
33,Male,Bachelor's,Project Manager,Finance,16.4,Pune,Full-time,Large (1000-5000),Hybrid,2029290.89,"JavaScript, Java, Excel, Cloud Computing, C++",1,1,2775309.01
35,Female,Master's,Marketing Manager,Consulting,6.1,Remote (India),Part-time,Enterprise (5000+),On-site,702971.68,"Java, Excel",2,1,1442734.79
24,Female,Bachelor's,UX Designer,Finance,2.4,Hyderabad,Full-time,Small (51-200),Hybrid,1026276.02,"SQL, JavaScript, Machine Learning, Data Analysis, Project Management",0,0,1269562.19
32,Female,Master's,Business Analyst,Government,3.5,Jaipur,Full-time,Large (1000-5000),Hybrid,814797.32,"Project Management, C++",1,0,1021303.01
30,Female,High School,Product Manager,Government,4.3,Hyderabad,Full-time,Medium (201-1000),Remote,1296874.14,"Excel, Cloud Computing",3,1,1997751.64
41,Female,Diploma,Sales Manager,Manufacturing,10.0,Delhi NCR,Full-time,Medium (201-1000),Hybrid,1593960.75,"Cloud Computing, Java, JavaScript, Excel",2,1,1780544.66
31,Female,Master's,Research Scientist,Education,1.8,Ahmedabad,Full-time,Enterprise (5000+),Hybrid,1363970.28,"Project Management, Cloud Computing, SQL, Python",2,0,1894201.39
28,Male,High School,UX Designer,Education,3.0,Bangalore,Full-time,Startup (1-50),Remote,528070.92,"Python, Excel",0,0,654662.26
32,Female,Bachelor's,Software Engineer,Government,7.5,Jaipur,Contract,Large (1000-5000),Remote,534876.03,"Communication, SQL, C++",1,0,1128779.63
37,Female,PhD,DevOps Engineer,Education,10.7,Bangalore,Freelance,Startup (1-50),Remote,1906762.29,"Project Management, Machine Learning",1,0,2174432.45
41,Female,Master's,Financial Analyst,Manufacturing,9.9,Mumbai,Full-time,Medium (201-1000),Hybrid,1475782.25,"Java, SQL, Communication, Cloud Computing",1,1,1712658.31
26,Male,Master's,Sales Manager,Finance,3.3,Kolkata,Full-time,Large (1000-5000),On-site,1769216.09,"Data Analysis, Python, Java",2,1,2526822.46
27,Female,High School,Financial Analyst,Information Technology,3.8,Bangalore,Contract,Large (1000-5000),Remote,476298.79,"Machine Learning, Communication, SQL, Python",2,1,1212134.42
31,Male,Master's,HR Manager,Manufacturing,5.9,Mumbai,Full-time,Enterprise (5000+),Hybrid,1608442.05,"Java, JavaScript, Project Management",2,1,2842490.59
35,Male,Diploma,Financial Analyst,Healthcare,5.1,Bangalore,Part-time,Enterprise (5000+),On-site,296085.39,"Python, Leadership, Java, Cloud Computing",0,0,759165.93
35,Female,Diploma,Operations Manager,Consulting,4.5,Pune,Full-time,Small (51-200),Hybrid,1142427.71,"Java, Cloud Computing, SQL, Excel",2,1,1558447.23
30,Male,High School,Project Manager,Finance,9.6,Delhi NCR,Full-time,Enterprise (5000+),On-site,1009033.61,"JavaScript, Excel, Data Analysis, C++",3,1,2176473.43
39,Male,High School,Executive Director,Healthcare,8.7,Pune,Full-time,Startup (1-50),Hybrid,3280427.56,"C++, Data Analysis, SQL",3,1,4218989.39
34,Female,Bachelor's,Executive Director,Government,9.4,Remote (India),Full-time,Large (1000-5000),Remote,3710366.76,"Cloud Computing, Communication",2,1,5432054.61
34,Male,High School,DevOps Engineer,Education,7.5,Remote (India),Full-time,Startup (1-50),On-site,729230.32,"JavaScript, Machine Learning",2,0,986263.69
30,Male,Master's,Research Scientist,Media,7.0,Hyderabad,Full-time,Medium (201-1000),Hybrid,1897172.97,"Leadership, Communication, Machine Learning",1,0,2204098.55
35,Male,Bachelor's,Data Analyst,Telecommunications,12.5,Bangalore,Full-time,Enterprise (5000+),Remote,815249.63,"Data Analysis, SQL, Communication",3,1,1686057.6
26,Male,PhD,QA Engineer,Media,2.6,Kolkata,Full-time,Small (51-200),Remote,682793.2,"C++, Machine Learning, Leadership",0,0,911534.07
24,Male,Master's,DevOps Engineer,Information Technology,1.9,Chennai,Full-time,Startup (1-50),Remote,1662471.11,"JavaScript, Cloud Computing, Python, Excel",2,0,2007899.47
30,Female,Master's,Administrative Assistant,Retail,3.4,Jaipur,Full-time,Small (51-200),Hybrid,277128.14,"Project Management, Leadership, Cloud Computing, Communication",1,0,380591.6
31,Male,Diploma,Operations Manager,Manufacturing,5.9,Delhi NCR,Part-time,Small (51-200),Remote,611430.8,"Communication, Python, Cloud Computing",3,1,774198.11
32,Male,Bachelor's,Sales Executive,Telecommunications,5.9,Remote (India),Full-time,Medium (201-1000),Hybrid,465303.92,"Leadership, Excel, C++, Java",1,0,707504.15
33,Female,Bachelor's,Administrative Assistant,Telecommunications,4.7,Chennai,Full-time,Enterprise (5000+),Remote,340293.7,"Cloud Computing, Python, SQL, Java, C++",2,0,561426.89
31,Male,PhD,Software Engineer,Telecommunications,5.4,Pune,Full-time,Medium (201-1000),Remote,839822.14,"Python, SQL",0,1,1800198.2
43,Female,Master's,Project Manager,Finance,10.6,Chennai,Full-time,Medium (201-1000),On-site,2101650.1,"Cloud Computing, Machine Learning, Leadership",3,1,2694278.56
39,Female,Master's,Data Scientist,Retail,3.9,Pune,Full-time,Enterprise (5000+),On-site,747251.05,"Project Management, Machine Learning, Leadership, Excel, Data Analysis",3,0,2531905.95
29,Female,Diploma,Executive Director,Media,3.3,Delhi NCR,Full-time,Startup (1-50),Remote,2933331.9,"C++, Python, Machine Learning, Project Management, Java",3,1,4143420.0
27,Male,Bachelor's,Software Engineer,Telecommunications,6.5,Hyderabad,Full-time,Startup (1-50),Remote,914426.12,"Excel, Leadership",1,0,1062445.6
31,Male,Bachelor's,Software Engineer,Finance,2.3,Chennai,Part-time,Medium (201-1000),On-site,609416.24,"JavaScript, SQL, Communication, C++, Python",0,1,834029.67
28,Female,High School,Financial Analyst,Consulting,4.8,Pune,Full-time,Large (1000-5000),Hybrid,531066.39,"Python, Excel",1,0,956202.96
27,Other,Bachelor's,Data Analyst,Telecommunications,8.8,Jaipur,Full-time,Small (51-200),On-site,448041.42,"Java, Excel, Machine Learning, Project Management, JavaScript",0,0,711617.83
35,Male,Bachelor's,Senior Software Engineer,Retail,8.1,Ahmedabad,Freelance,Enterprise (5000+),Remote,964316.94,"Java, SQL, Communication, Cloud Computing",1,0,1857274.85
24,Male,Master's,HR Manager,Retail,2.4,Chennai,Full-time,Small (51-200),On-site,1122914.58,"Cloud Computing, C++, Project Management, Machine Learning, Leadership",3,1,1389045.12
27,Female,Bachelor's,Sales Manager,Manufacturing,3.6,Jaipur,Part-time,Enterprise (5000+),Remote,577118.59,"C++, Machine Learning, Data Analysis",0,1,992915.25
31,Male,High School,HR Executive,Government,8.8,Remote (India),Contract,Large (1000-5000),On-site,352685.58,"Leadership, Data Analysis, SQL",2,1,484511.77
21,Male,Master's,Accountant,Telecommunications,1.6,Delhi NCR,Full-time,Small (51-200),Hybrid,817807.18,"Machine Learning, JavaScript, Excel, Leadership, Java",2,1,1019003.09
30,Male,Bachelor's,Executive Director,Consulting,1.8,Bangalore,Full-time,Enterprise (5000+),Hybrid,4805431.4,"Leadership, Data Analysis",3,1,8394512.3
24,Female,Master's,Administrative Assistant,Government,1.6,Chennai,Full-time,Large (1000-5000),On-site,275209.73,"Machine Learning, Project Management, Cloud Computing, Leadership",2,0,508952.13
26,Female,PhD,Project Manager,Healthcare,9.5,Bangalore,Full-time,Enterprise (5000+),On-site,2311728.75,"SQL, Machine Learning, JavaScript, Leadership",2,1,3888841.61
30,Male,Master's,Software Engineer,Government,1.8,Delhi NCR,Full-time,Enterprise (5000+),Hybrid,1199188.34,"Java, Data Analysis, Machine Learning, Excel",2,1,2176367.83
30,Male,Master's,Software Engineer,Media,3.4,Pune,Full-time,Large (1000-5000),Hybrid,860106.79,"Excel, Data Analysis",2,0,1313285.87
30,Female,Master's,Customer Support Executive,Manufacturing,7.5,Chennai,Full-time,Enterprise (5000+),Remote,388088.39,"JavaScript, Communication, Excel, C++",3,0,661045.69
45,Male,Master's,Executive Director,Education,9.7,Mumbai,Contract,Medium (201-1000),Hybrid,5124776.59,"C++, Project Management, Machine Learning, JavaScript",2,1,7112645.99
53,Female,Bachelor's,HR Manager,Information Technology,22.7,Hyderabad,Full-time,Medium (201-1000),On-site,2821706.63,"SQL, Python, Java, C++, Data Analysis",1,1,3100516.5
31,Female,High School,Marketing Manager,Education,9.6,Kolkata,Part-time,Medium (201-1000),Remote,382354.52,"SQL, Project Management, JavaScript",2,1,596376.67
29,Female,Bachelor's,Financial Analyst,Education,7.4,Remote (India),Full-time,Small (51-200),On-site,659794.52,"JavaScript, C++, Java",1,0,803636.22
35,Female,Master's,Content Writer,Information Technology,13.5,Kolkata,Part-time,Enterprise (5000+),Hybrid,330597.34,"Leadership, Machine Learning",3,0,669371.17
21,Male,Master's,Project Manager,Retail,2.3,Delhi NCR,Full-time,Small (51-200),Hybrid,1023199.65,"Leadership, Machine Learning",2,1,1733782.61
28,Male,Bachelor's,Software Engineer,Manufacturing,10.4,Mumbai,Full-time,Enterprise (5000+),On-site,1101027.54,"Python, Data Analysis, C++",1,1,1816670.15
21,Male,Diploma,Product Manager,Information Technology,1.6,Chennai,Full-time,Small (51-200),Remote,1764636.28,"C++, Communication, Data Analysis, Leadership",1,1,2273417.35
23,Female,PhD,Operations Manager,Consulting,1.1,Bangalore,Full-time,Small (51-200),Remote,1271833.86,"C++, Java",1,1,2562520.38
29,Male,Diploma,Data Analyst,Retail,3.7,Bangalore,Full-time,Large (1000-5000),On-site,412431.09,"Leadership, Python, JavaScript, Project Management",3,0,710673.39
42,Female,Bachelor's,Graphic Designer,Manufacturing,9.9,Chennai,Full-time,Small (51-200),On-site,456972.98,"Java, Project Management",0,1,665949.16
26,Female,Master's,Operations Manager,Retail,4.7,Hyderabad,Full-time,Medium (201-1000),Remote,1299701.0,"JavaScript, C++, Project Management, Cloud Computing",1,1,1883730.04
33,Male,PhD,Customer Support Executive,Finance,5.3,Mumbai,Full-time,Medium (201-1000),Remote,585232.4,"Python, Machine Learning, C++, Excel",2,0,993418.83
25,Female,Bachelor's,QA Engineer,Telecommunications,1.3,Bangalore,Full-time,Medium (201-1000),On-site,906908.55,"JavaScript, SQL, Project Management",3,0,916069.25
35,Female,PhD,Marketing Manager,Healthcare,7.2,Kolkata,Full-time,Enterprise (5000+),On-site,2159410.83,"C++, Machine Learning",2,1,2697218.67
29,Other,Bachelor's,Data Scientist,Media,2.8,Chennai,Full-time,Large (1000-5000),Hybrid,764664.15,"Communication, Data Analysis, Excel, Machine Learning, Java",0,0,1634184.02
28,Male,Bachelor's,Business Analyst,Information Technology,3.3,Kolkata,Full-time,Medium (201-1000),On-site,831737.37,"Excel, Python",2,0,1044338.8
32,Female,Diploma,Software Engineer,Information Technology,8.3,Chennai,Full-time,Enterprise (5000+),Hybrid,934359.28,"SQL, JavaScript, Python, Leadership",2,0,1725135.38
35,Female,Bachelor's,Data Scientist,Healthcare,5.4,Remote (India),Full-time,Startup (1-50),On-site,1293064.06,"Python, Cloud Computing, SQL, Data Analysis",0,0,1495075.75
30,Female,Master's,Data Scientist,Retail,4.5,Jaipur,Full-time,Enterprise (5000+),Hybrid,,"JavaScript, Machine Learning",0,0,1639822.55
26,Male,Bachelor's,Accountant,Healthcare,6.2,Bangalore,Full-time,Enterprise (5000+),Remote,745527.71,"Project Management, SQL",0,0,1033465.07
42,Female,Diploma,UX Designer,Education,17.8,Ahmedabad,Freelance,Small (51-200),Hybrid,469322.76,"Excel, C++, Java",2,0,790937.1
32,Female,Bachelor's,Business Analyst,Retail,11.2,Hyderabad,Full-time,Startup (1-50),Hybrid,806982.39,"Data Analysis, JavaScript, Machine Learning, Project Management",0,0,1033293.62
26,Female,Diploma,Software Engineer,Manufacturing,5.0,Bangalore,Full-time,Enterprise (5000+),Remote,815988.32,"Cloud Computing, JavaScript, SQL, Machine Learning",0,1,1786302.81
35,Female,High School,Executive Director,Education,11.4,Pune,Full-time,Large (1000-5000),Hybrid,3071374.44,"Excel, Python, Machine Learning, JavaScript",0,1,4072015.59
32,Male,Bachelor's,Financial Analyst,Consulting,3.4,Mumbai,Full-time,Large (1000-5000),On-site,1268259.68,"Machine Learning, Leadership, Excel, Data Analysis, JavaScript",3,0,1639895.59
30,Male,High School,Sales Manager,Retail,2.0,Hyderabad,Full-time,Large (1000-5000),On-site,881771.96,"Communication, Machine Learning, Project Management, Excel, Cloud Computing",1,1,1424897.35
31,Male,Bachelor's,Senior Software Engineer,Media,5.2,Pune,Full-time,Startup (1-50),On-site,1855318.05,"Project Management, Communication, JavaScript",0,1,1874058.63
31,Female,Bachelor's,HR Executive,Media,9.3,Delhi NCR,Full-time,Startup (1-50),Hybrid,546193.25,"Java, SQL, Project Management, C++",1,0,589379.93
39,Male,Master's,Sales Manager,Media,12.1,Ahmedabad,Full-time,Small (51-200),On-site,1813212.31,"Project Management, Communication",2,1,1888489.52
34,Male,Bachelor's,Business Analyst,Education,6.3,Bangalore,Full-time,Large (1000-5000),On-site,562357.99,"C++, Communication, Cloud Computing, SQL",2,0,1045950.35
29,Male,PhD,Project Manager,Media,4.7,Mumbai,Full-time,Medium (201-1000),Remote,1388299.22,"Machine Learning, Data Analysis, JavaScript, Cloud Computing",2,1,2782173.81
34,Other,Bachelor's,Financial Analyst,Government,5.5,Mumbai,Full-time,Startup (1-50),Hybrid,1039183.63,"Machine Learning, Java, Data Analysis, Cloud Computing",2,1,1244395.51
23,Male,Bachelor's,Data Analyst,Education,3.1,Remote (India),Full-time,Enterprise (5000+),On-site,435392.29,"Python, Communication, Machine Learning, Project Management",3,0,860974.81
22,Female,Bachelor's,UX Designer,Information Technology,4.2,Ahmedabad,Full-time,Startup (1-50),Remote,1145708.0,"Machine Learning, JavaScript, Data Analysis, Communication, C++",2,0,1157280.81
29,Female,High School,Business Analyst,Healthcare,4.4,Bangalore,Full-time,Startup (1-50),Remote,670818.57,"Excel, Machine Learning, Project Management",0,0,677594.52
24,Male,Bachelor's,Project Manager,Education,7.0,Ahmedabad,Full-time,Medium (201-1000),Remote,692277.82,"Cloud Computing, JavaScript, Leadership, Data Analysis",1,1,1068982.47
29,Male,Bachelor's,DevOps Engineer,Retail,5.2,Jaipur,Full-time,Startup (1-50),Remote,849980.26,"Leadership, Java, Cloud Computing",1,0,1340513.37
31,Male,Master's,Administrative Assistant,Education,3.0,Ahmedabad,Full-time,Enterprise (5000+),On-site,232870.84,"Data Analysis, JavaScript",0,0,432946.77
23,Male,High School,Sales Executive,Retail,3.5,Mumbai,Contract,Enterprise (5000+),Hybrid,455840.28,"Excel, Python",2,0,614302.82
31,Male,High School,UX Designer,Media,5.4,Hyderabad,Full-time,Small (51-200),Remote,674698.68,"Excel, Project Management, Communication, JavaScript",0,0,843009.55
34,Female,Master's,Product Manager,Finance,6.8,Mumbai,Full-time,Large (1000-5000),Remote,3461220.96,"Machine Learning, Leadership",3,1,5345187.83
23,Male,Bachelor's,Project Manager,Telecommunications,6.9,Ahmedabad,Freelance,Large (1000-5000),Hybrid,994035.11,"Python, SQL, Java, C++",0,1,1464340.83
39,Male,Master's,HR Manager,Government,7.4,Ahmedabad,Full-time,Medium (201-1000),Hybrid,913109.85,"Project Management, Communication, Machine Learning",1,1,1507523.92
27,Male,Master's,Graphic Designer,Education,3.3,Mumbai,Full-time,Medium (201-1000),Hybrid,663526.67,"Leadership, Data Analysis, Java, Project Management",0,0,670228.96
32,Male,High School,UX Designer,Telecommunications,5.0,Ahmedabad,Full-time,Enterprise (5000+),Hybrid,506194.02,"Project Management, C++, Excel",1,0,1003010.17
31,Male,Bachelor's,Project Manager,Government,4.1,Remote (India),Full-time,Small (51-200),Hybrid,941093.1,"Cloud Computing, Machine Learning, Java, Project Management, SQL",2,1,1397489.74
34,Female,Master's,Project Manager,Manufacturing,5.5,Pune,Full-time,Enterprise (5000+),Hybrid,862414.25,"Project Management, Machine Learning",2,1,2625959.76
36,Male,Diploma,Research Scientist,Telecommunications,4.9,Pune,Full-time,Small (51-200),Remote,1297404.27,"C++, Java, Excel",2,0,1310509.36
37,Female,Bachelor's,Marketing Manager,Finance,6.2,Kolkata,Full-time,Small (51-200),Hybrid,1380820.31,"SQL, C++",1,1,1394767.99
31,Male,Diploma,Operations Manager,Media,9.1,Remote (India),Full-time,Enterprise (5000+),Remote,974881.29,"SQL, C++, Leadership, Machine Learning, JavaScript",0,1,1726781.13
29,Female,PhD,Marketing Manager,Information Technology,6.2,Ahmedabad,Full-time,Startup (1-50),Remote,2033170.36,"SQL, Leadership, Communication, C++, Excel",2,1,2053707.43
31,Male,Master's,Business Analyst,Healthcare,5.2,Delhi NCR,Full-time,Enterprise (5000+),Hybrid,1344442.6,"Project Management, Excel, Python",0,0,1711780.02
30,Female,Diploma,Senior Software Engineer,Finance,1.9,Ahmedabad,Full-time,Medium (201-1000),On-site,1623402.21,"Leadership, Java, Communication",0,0,1639800.21
26,Male,Master's,Executive Director,Manufacturing,5.0,Ahmedabad,Full-time,Enterprise (5000+),Hybrid,4310126.52,"Machine Learning, Leadership, Data Analysis, C++, Excel",3,1,6848119.32
28,Male,Bachelor's,Administrative Assistant,Healthcare,4.7,Delhi NCR,Contract,Medium (201-1000),Hybrid,,"Cloud Computing, Data Analysis, JavaScript, SQL",3,0,454006.06
26,Male,Master's,UX Designer,Education,1.4,Jaipur,Part-time,Enterprise (5000+),On-site,345784.54,"C++, Leadership, Java",2,0,598740.37
29,Male,Bachelor's,QA Engineer,Telecommunications,3.9,Mumbai,Full-time,Enterprise (5000+),On-site,821007.93,"Python, Communication",1,1,1574849.51
26,Female,Bachelor's,HR Manager,Information Technology,6.0,Kolkata,Full-time,Medium (201-1000),On-site,1122486.13,"Project Management, Excel, Machine Learning",2,1,1884208.4
28,Male,PhD,HR Manager,Manufacturing,7.8,Chennai,Full-time,Enterprise (5000+),Hybrid,1441449.71,"Java, Machine Learning",2,1,2791935.14
33,Female,Diploma,Sales Executive,Retail,4.0,Hyderabad,Full-time,Large (1000-5000),Remote,330235.16,"SQL, Python, Project Management",1,0,647687.27
34,Female,Bachelor's,Research Scientist,Information Technology,6.9,Kolkata,Full-time,Startup (1-50),Remote,1198911.71,"Communication, SQL, Leadership, JavaScript, C++",0,0,1792422.21
28,Male,Bachelor's,Business Analyst,Consulting,8.6,Pune,Full-time,Small (51-200),On-site,961857.09,"Cloud Computing, C++, Machine Learning",3,0,1121104.9
28,Female,Master's,Administrative Assistant,Consulting,5.0,Chennai,Part-time,Enterprise (5000+),On-site,225905.06,"Data Analysis, SQL",3,0,366508.36
36,Female,Diploma,DevOps Engineer,Healthcare,9.5,Remote (India),Full-time,Enterprise (5000+),On-site,1847290.48,"Cloud Computing, Data Analysis, Excel",3,0,2305570.8
39,Female,Master's,Data Scientist,Government,15.8,Ahmedabad,Full-time,Medium (201-1000),On-site,1163888.58,"Communication, JavaScript, Project Management, Data Analysis",0,0,1901457.05
32,Male,Bachelor's,Content Writer,Telecommunications,13.2,Pune,Freelance,Enterprise (5000+),Hybrid,525546.24,"Communication, Python, Data Analysis",1,0,813136.01
21,Male,Bachelor's,HR Executive,Finance,0.8,Chennai,Full-time,Small (51-200),Hybrid,554119.64,"Leadership, Java, Communication",2,0,559716.81
28,Male,Master's,Software Engineer,Healthcare,1.6,Remote (India),Full-time,Large (1000-5000),On-site,1226395.92,"Python, Java, Project Management, C++, Cloud Computing",0,1,1796459.95
25,Male,PhD,Data Analyst,Healthcare,4.9,Delhi NCR,Full-time,Startup (1-50),Hybrid,819313.53,"C++, Java",1,0,1092777.06
34,Female,Diploma,UX Designer,Healthcare,12.0,Jaipur,Full-time,Medium (201-1000),On-site,884335.08,"Data Analysis, C++, Cloud Computing, SQL",0,0,1146445.8
37,Female,Bachelor's,Data Scientist,Information Technology,6.1,Ahmedabad,Freelance,Small (51-200),Remote,1180786.86,"Leadership, JavaScript, Data Analysis, Communication",2,0,1306908.65
32,Female,Bachelor's,Content Writer,Media,10.7,Kolkata,Full-time,Startup (1-50),Remote,398985.87,"JavaScript, Excel, SQL",2,0,517158.44
32,Male,High School,Data Analyst,Telecommunications,3.7,Bangalore,Contract,Large (1000-5000),Hybrid,407603.49,"Leadership, Data Analysis",0,0,760561.49
31,Male,Diploma,Project Manager,Healthcare,6.5,Bangalore,Full-time,Startup (1-50),Remote,1196357.51,"Project Management, C++, Communication, Excel, Cloud Computing",0,1,1556213.27
36,Male,Master's,HR Executive,Retail,11.7,Jaipur,Full-time,Enterprise (5000+),Remote,439094.5,"Project Management, Java",0,0,624437.73
33,Male,PhD,Accountant,Finance,10.5,Chennai,Full-time,Large (1000-5000),Hybrid,983990.11,"Communication, Java, Excel, Machine Learning",3,0,1552693.8
46,Male,Diploma,Research Scientist,Healthcare,18.5,Remote (India),Full-time,Large (1000-5000),On-site,1692083.22,"Python, SQL",2,0,2171963.39
26,Male,Bachelor's,Sales Executive,Media,2.2,Mumbai,Full-time,Medium (201-1000),Remote,685562.15,"Communication, Excel, Cloud Computing",2,0,733672.93
38,Female,Diploma,HR Executive,Education,3.8,Chennai,Full-time,Small (51-200),Remote,349105.67,"JavaScript, SQL, Java, Python, Machine Learning",3,0,380720.28
33,Male,Diploma,Business Analyst,Education,8.8,Chennai,Full-time,Startup (1-50),Remote,539290.01,"Communication, Java",1,0,620330.63
29,Male,Master's,Accountant,Retail,3.2,Mumbai,Full-time,Large (1000-5000),Hybrid,741760.08,"Communication, SQL, Data Analysis",1,0,972937.63
28,Female,PhD,Research Scientist,Finance,4.0,Kolkata,Full-time,Large (1000-5000),Hybrid,2126801.35,"Excel, Data Analysis, JavaScript, SQL, Leadership",1,0,2803893.35
27,Female,PhD,Content Writer,Education,5.9,Ahmedabad,Full-time,Large (1000-5000),On-site,579102.15,"Communication, JavaScript",3,1,786234.36
38,Male,Master's,Product Manager,Telecommunications,13.9,Jaipur,Full-time,Small (51-200),Remote,2956147.8,"Data Analysis, Excel, JavaScript, Machine Learning",3,1,3051361.08
35,Female,Bachelor's,Marketing Manager,Healthcare,7.5,Jaipur,Full-time,Medium (201-1000),Remote,964157.58,"Java, Excel",1,1,1413019.21
33,Male,Diploma,Software Engineer,Finance,9.0,Mumbai,Full-time,Medium (201-1000),Hybrid,1180192.37,"Data Analysis, Communication, Excel",2,1,1617655.9
41,Male,PhD,Research Scientist,Information Technology,13.7,Remote (India),Full-time,Enterprise (5000+),Remote,2775166.32,"Project Management, Python, Excel",0,0,4342330.17
31,Male,Bachelor's,Data Scientist,Information Technology,7.4,Ahmedabad,Full-time,Small (51-200),On-site,1397459.14,"Machine Learning, Cloud Computing, Leadership, Data Analysis, Python",0,0,1691419.06
33,Male,High School,Product Manager,Healthcare,6.4,Chennai,Part-time,Large (1000-5000),Hybrid,1172420.07,"Communication, Leadership, Cloud Computing, Machine Learning",2,1,1439947.09
23,Female,Bachelor's,Operations Manager,Government,2.0,Hyderabad,Full-time,Large (1000-5000),On-site,954215.03,"Excel, SQL, Python",0,1,1498607.51
21,Female,High School,Business Analyst,Healthcare,5.1,Ahmedabad,Full-time,Small (51-200),Hybrid,410807.96,"Cloud Computing, Leadership, C++, Project Management",2,0,617587.15
37,Male,Diploma,Marketing Manager,Telecommunications,13.0,Jaipur,Full-time,Startup (1-50),On-site,857971.58,"Leadership, Excel, Java, Cloud Computing",2,1,1157411.64
22,Male,Bachelor's,Graphic Designer,Government,4.3,Hyderabad,Full-time,Small (51-200),Remote,449219.31,"Python, JavaScript",1,0,588316.66
39,Female,High School,DevOps Engineer,Finance,5.2,Delhi NCR,Full-time,Startup (1-50),Hybrid,1020999.5,"Data Analysis, JavaScript, Communication, Cloud Computing",1,0,1709687.15
25,Male,Master's,Financial Analyst,Information Technology,3.5,Remote (India),Full-time,Startup (1-50),Hybrid,1024023.56,"JavaScript, Excel, SQL, Machine Learning, Communication",1,0,1166893.65
30,Female,High School,Graphic Designer,Finance,6.6,Chennai,Full-time,Large (1000-5000),Remote,390262.91,"Python, Leadership, Machine Learning, Project Management",0,0,648189.27
35,Male,Bachelor's,Sales Manager,Information Technology,12.9,Pune,Contract,Large (1000-5000),Remote,2157423.02,"Java, Leadership",0,1,2502789.59
33,Male,Bachelor's,Sales Manager,Consulting,7.8,Bangalore,Full-time,Large (1000-5000),On-site,1872197.36,"Java, Python, C++, Cloud Computing",1,1,2739262.19
24,Male,Master's,Senior Software Engineer,Information Technology,4.6,Bangalore,Full-time,Small (51-200),On-site,2758821.02,"JavaScript, Cloud Computing",1,0,3054303.11
25,Female,High School,Data Scientist,Manufacturing,4.8,Chennai,Full-time,Enterprise (5000+),Hybrid,944079.05,"Cloud Computing, C++, Communication, Excel, JavaScript",1,0,1362343.44
22,Male,Master's,Product Manager,Healthcare,,Delhi NCR,Full-time,Medium (201-1000),Hybrid,2352751.16,"Communication, JavaScript, Cloud Computing",0,1,3776604.61
39,Male,Master's,Customer Support Executive,Consulting,13.4,Hyderabad,Full-time,Enterprise (5000+),Hybrid,597696.87,"SQL, JavaScript, Data Analysis, C++",1,0,972041.47
23,Male,Bachelor's,HR Executive,Government,5.2,Hyderabad,Full-time,Large (1000-5000),Hybrid,334249.74,"Communication, SQL, Cloud Computing",0,0,598578.76
34,Male,Bachelor's,Business Analyst,Manufacturing,10.2,Mumbai,Full-time,Medium (201-1000),On-site,995346.1,"Cloud Computing, SQL, Java",2,0,1144353.71
25,Female,PhD,Graphic Designer,Government,1.8,Chennai,Full-time,Medium (201-1000),Remote,457012.39,"Machine Learning, C++, SQL, Excel, Cloud Computing",0,0,694869.16
28,Male,PhD,HR Executive,Finance,2.7,Hyderabad,Full-time,Medium (201-1000),Remote,979384.24,"Project Management, Cloud Computing, C++",3,0,1057240.61
30,Female,Master's,Customer Support Executive,Information Technology,3.5,Jaipur,Full-time,Medium (201-1000),Hybrid,377342.66,"JavaScript, Leadership, SQL, Machine Learning",0,0,584338.18
26,Female,High School,Accountant,Healthcare,7.1,Delhi NCR,Full-time,Enterprise (5000+),Remote,508335.81,"Machine Learning, Java, SQL, Excel",0,1,817653.86
34,Male,Diploma,Sales Executive,Telecommunications,4.4,Hyderabad,Full-time,Enterprise (5000+),On-site,262490.2,"JavaScript, C++",3,1,986274.32
26,Female,Diploma,Graphic Designer,Manufacturing,0.8,Bangalore,Full-time,Small (51-200),On-site,401493.74,"Excel, Cloud Computing, C++",3,0,512324.62
25,Male,Master's,Operations Manager,Finance,4.3,Jaipur,Full-time,Medium (201-1000),Hybrid,1349949.09,"Project Management, Machine Learning, Java, Leadership, Excel",0,1,2006854.13
41,Female,Bachelor's,Software Engineer,Media,9.0,Ahmedabad,Full-time,Enterprise (5000+),Hybrid,784860.86,"C++, Project Management",0,0,1307597.71
22,Male,Diploma,Financial Analyst,Information Technology,4.6,Ahmedabad,Full-time,Small (51-200),Hybrid,668926.83,"C++, Communication, Machine Learning",2,0,990858.6
28,Male,Diploma,HR Manager,Consulting,4.0,Delhi NCR,Full-time,Enterprise (5000+),Remote,1079351.78,"C++, Excel, Python",1,1,1943124.81
28,Female,PhD,Research Scientist,Education,8.0,Pune,Full-time,Large (1000-5000),Remote,1775442.68,"Leadership, Communication",2,0,1968016.11
28,Female,Master's,Data Scientist,Manufacturing,2.8,Mumbai,Full-time,Startup (1-50),Hybrid,1465326.22,"JavaScript, Java, Project Management, Python",0,0,1888256.17
26,Female,Master's,Data Scientist,Manufacturing,3.2,Kolkata,Full-time,Startup (1-50),Remote,1171481.66,"SQL, JavaScript",1,0,1183314.81
31,Male,High School,UX Designer,Finance,6.0,Delhi NCR,Full-time,Large (1000-5000),On-site,1142340.55,"C++, Project Management, Data Analysis, SQL, Excel",1,1,1584279.16
36,Female,PhD,Data Analyst,Retail,2.0,Chennai,Part-time,Medium (201-1000),Remote,467657.4,"Python, Data Analysis, Machine Learning",2,0,532284.75
26,Male,Bachelor's,Operations Manager,Government,5.7,Bangalore,Full-time,Enterprise (5000+),Hybrid,1720433.75,"Python, SQL",0,1,2067120.72
28,Other,Master's,Executive Director,Government,1.0,Chennai,Full-time,Startup (1-50),Remote,4070780.36,"JavaScript, Communication, Python, SQL, C++",1,1,4111899.35
38,Male,Master's,Financial Analyst,Retail,13.5,Delhi NCR,Full-time,Small (51-200),Hybrid,1386547.74,"Leadership, Communication, Cloud Computing, JavaScript",2,0,1400553.28
42,Male,Bachelor's,Senior Software Engineer,Finance,16.7,Ahmedabad,Full-time,Large (1000-5000),Remote,2284333.36,"Leadership, Project Management, Communication",0,0,3051676.31
32,Female,PhD,Senior Software Engineer,Government,9.2,Chennai,Full-time,Medium (201-1000),Hybrid,2005241.46,"Data Analysis, Machine Learning, C++, Java",3,0,3034896.57
23,Male,Bachelor's,Administrative Assistant,Finance,1.6,Delhi NCR,Contract,Large (1000-5000),Remote,401085.4,"Machine Learning, Java, JavaScript",0,0,516003.34
27,Male,Master's,HR Executive,Manufacturing,8.8,Ahmedabad,Full-time,Small (51-200),Remote,476835.38,"Java, SQL, Data Analysis",2,0,595305.67
31,Male,Master's,Research Scientist,Healthcare,7.1,Bangalore,Full-time,Large (1000-5000),On-site,1705359.33,"Python, JavaScript",0,0,3207912.88
33,Female,Bachelor's,Marketing Manager,Finance,5.4,Jaipur,Full-time,Small (51-200),On-site,1209045.84,"JavaScript, Excel, Cloud Computing, Machine Learning",3,1,1454812.99
40,Male,Master's,Software Engineer,Healthcare,8.2,Hyderabad,Full-time,Enterprise (5000+),On-site,1246454.77,"Python, Excel, Leadership",3,0,2007072.97
35,Male,Master's,Operations Manager,Information Technology,9.0,Jaipur,Full-time,Small (51-200),Hybrid,1678224.55,"Machine Learning, Cloud Computing, C++, Python",3,1,1857677.84
25,Female,Bachelor's,Marketing Manager,Manufacturing,2.3,Chennai,Full-time,Large (1000-5000),On-site,901410.96,"Communication, Python, Data Analysis, JavaScript, Project Management",0,1,1623371.67
36,Male,Diploma,Project Manager,Retail,8.2,Kolkata,Full-time,Enterprise (5000+),On-site,850040.74,"Project Management, Java, C++, Data Analysis",2,1,1488153.9
28,Female,Bachelor's,Sales Manager,Government,1.4,Jaipur,Contract,Enterprise (5000+),Hybrid,914427.52,"Java, Project Management",3,1,1348217.47
28,Male,Bachelor's,Product Manager,Consulting,1.9,Ahmedabad,Full-time,Startup (1-50),Remote,1836548.79,"JavaScript, Data Analysis, Project Management",0,1,2179801.62
32,Female,Bachelor's,Product Manager,Media,8.2,Kolkata,Freelance,Small (51-200),Remote,1264280.53,"Cloud Computing, Communication, JavaScript",0,1,2031054.16
25,Female,Diploma,UX Designer,Retail,2.2,Hyderabad,Full-time,Startup (1-50),Hybrid,427995.78,"SQL, Data Analysis, Machine Learning",1,0,773643.15
33,Male,Bachelor's,UX Designer,Education,6.0,Ahmedabad,Full-time,Small (51-200),On-site,652252.06,"JavaScript, Excel, Leadership, Java",3,0,984755.66
26,Female,Bachelor's,Project Manager,Consulting,3.8,Jaipur,Full-time,Enterprise (5000+),Hybrid,922694.67,"Cloud Computing, Java",1,1,1732108.39
24,Male,Master's,Customer Support Executive,Healthcare,7.7,Hyderabad,Full-time,Small (51-200),Remote,605498.7,"Excel, JavaScript, Java, Leadership, Data Analysis",3,0,611614.84
38,Female,Bachelor's,HR Executive,Retail,6.0,Remote (India),Full-time,Enterprise (5000+),Remote,304377.58,"Leadership, Java, Python, JavaScript, Excel",0,0,704540.91
26,Female,Diploma,Operations Manager,Finance,4.0,Mumbai,Full-time,Medium (201-1000),On-site,1385601.29,"C++, Leadership, Machine Learning",2,1,1697993.61
30,Female,Bachelor's,HR Executive,Healthcare,1.7,Ahmedabad,Full-time,Medium (201-1000),Hybrid,411287.32,"Leadership, JavaScript, SQL, Excel",2,0,519163.56
44,Male,Diploma,Content Writer,Telecommunications,23.9,Remote (India),Full-time,Large (1000-5000),Hybrid,548644.85,"C++, SQL, Java, JavaScript, Machine Learning",0,0,886411.07
34,Male,PhD,Senior Software Engineer,Finance,11.2,Kolkata,Full-time,Startup (1-50),Hybrid,2765964.91,"Leadership, Data Analysis",2,0,2941875.92
27,Male,High School,Financial Analyst,Retail,5.8,Hyderabad,Full-time,Enterprise (5000+),Hybrid,565923.32,"Data Analysis, C++, Communication, Project Management, JavaScript",2,0,926733.7
32,Female,Master's,Customer Support Executive,Finance,7.9,Hyderabad,Contract,Large (1000-5000),Hybrid,509622.81,"Python, Leadership",3,0,686522.36
44,Male,Master's,Business Analyst,Manufacturing,18.4,Chennai,Full-time,Large (1000-5000),Hybrid,1017826.19,"Excel, Java, Python, Cloud Computing, Machine Learning",1,0,1738486.38
34,Male,Master's,Senior Software Engineer,Finance,5.0,Kolkata,Full-time,Medium (201-1000),Hybrid,2460293.81,"Machine Learning, Python, Project Management, JavaScript",3,0,3077312.72
56,Female,Master's,Accountant,Government,24.6,Jaipur,Full-time,Small (51-200),Remote,769508.04,"Machine Learning, SQL, Python, JavaScript",1,1,1106023.89
31,Female,PhD,Data Analyst,Government,8.0,Mumbai,Full-time,Medium (201-1000),Hybrid,1186732.73,"C++, JavaScript, Data Analysis, Machine Learning, Communication",2,0,1230168.68
24,Male,Bachelor's,HR Executive,Media,1.2,Mumbai,Full-time,Small (51-200),Remote,539603.94,"C++, Java, Data Analysis",1,1,633232.45
29,Male,Master's,Operations Manager,Media,5.9,Chennai,Full-time,Small (51-200),Hybrid,1169038.25,"Data Analysis, Java",3,1,1591398.41
31,Male,Diploma,Software Engineer,Government,6.9,Bangalore,Freelance,Startup (1-50),Remote,424171.5,"Cloud Computing, Machine Learning, Data Analysis, Leadership, Communication",0,0,745146.05
34,Female,Diploma,Customer Support Executive,Finance,9.8,Pune,Full-time,Startup (1-50),Remote,373487.09,"SQL, Java, Leadership, C++",1,0,456845.27
34,Male,Bachelor's,QA Engineer,Healthcare,4.4,Mumbai,Full-time,Startup (1-50),Remote,759117.56,"Excel, Python, Data Analysis, Java, Leadership",3,0,1001912.8
41,Female,PhD,Research Scientist,Information Technology,6.5,Delhi NCR,Full-time,Large (1000-5000),Remote,1011225.73,"SQL, Excel, Java",2,0,3752456.38
28,Female,Bachelor's,Administrative Assistant,Telecommunications,3.4,Kolkata,Part-time,Enterprise (5000+),Hybrid,152439.91,"Communication, Python",0,0,235394.71
35,Female,Bachelor's,Executive Director,Government,7.6,Mumbai,Full-time,Enterprise (5000+),Remote,4203917.23,"Leadership, Cloud Computing, Python, Data Analysis, C++",1,1,8356279.0
30,Male,Bachelor's,Project Manager,Media,5.1,Bangalore,Full-time,Medium (201-1000),Remote,1045508.69,"Data Analysis, Python, Excel, JavaScript",1,1,1881868.73
38,Male,Bachelor's,UX Designer,Consulting,13.8,Ahmedabad,Part-time,Startup (1-50),Hybrid,513121.01,"JavaScript, Communication",2,0,695179.29
27,Male,High School,HR Executive,Finance,7.3,Jaipur,Full-time,Medium (201-1000),Remote,309937.55,"Leadership, Python",1,0,484031.34
24,Male,Bachelor's,Project Manager,Finance,1.5,Delhi NCR,Full-time,Small (51-200),Hybrid,1666096.78,"Data Analysis, JavaScript, Communication, Excel",0,1,1682926.04
34,Male,Bachelor's,QA Engineer,Government,8.7,Pune,Full-time,Startup (1-50),Remote,700141.67,"Excel, Machine Learning, Leadership",0,0,746669.1
32,Female,Master's,HR Manager,Government,13.8,Chennai,Full-time,Large (1000-5000),Remote,1774134.91,"Excel, Project Management",0,1,2150771.33
29,Male,Diploma,DevOps Engineer,Finance,6.0,Hyderabad,Contract,Small (51-200),On-site,1482793.8,"JavaScript, C++, SQL, Cloud Computing",0,0,1939831.95
25,Male,Master's,Administrative Assistant,Consulting,5.7,Remote (India),Full-time,Enterprise (5000+),Remote,221490.73,"Python, Machine Learning, Data Analysis, C++",3,1,905037.3
33,Male,Master's,Data Scientist,Telecommunications,1.4,Ahmedabad,Full-time,Enterprise (5000+),On-site,1388446.97,"Communication, Data Analysis, Python, Excel",0,1,2228472.85
28,Female,Master's,Data Analyst,Media,3.7,Remote (India),Full-time,Large (1000-5000),Hybrid,785445.73,"JavaScript, Leadership, Communication, Excel",0,0,832735.75
24,Female,High School,Financial Analyst,Information Technology,3.1,Delhi NCR,Full-time,Large (1000-5000),Hybrid,770425.56,"Machine Learning, Excel",2,0,1092691.56
28,Male,Bachelor's,HR Manager,Retail,2.1,Kolkata,Full-time,Medium (201-1000),Hybrid,695826.65,"Java, C++, Excel",3,1,1031090.24
22,Male,Bachelor's,Data Scientist,Telecommunications,4.0,Ahmedabad,Full-time,Enterprise (5000+),On-site,1064250.43,"Communication, Java, Data Analysis",3,0,1955880.75
30,Female,High School,Accountant,Retail,1.8,Kolkata,Full-time,Medium (201-1000),On-site,261893.18,"Leadership, Data Analysis",1,0,422161.5
36,Male,Master's,HR Executive,Manufacturing,16.7,Ahmedabad,Full-time,Enterprise (5000+),On-site,615378.17,"C++, Java, Cloud Computing, Python, Communication",2,0,1003362.67
22,Male,Bachelor's,Product Manager,Information Technology,1.4,Jaipur,Contract,Startup (1-50),Remote,1843261.11,"Excel, Java, Leadership",2,1,2067692.23
27,Female,Bachelor's,Graphic Designer,Manufacturing,4.1,Jaipur,Full-time,Startup (1-50),On-site,308483.42,"JavaScript, Leadership",2,0,444724.12
28,Male,Diploma,Accountant,Media,3.2,Chennai,Full-time,Medium (201-1000),Remote,378583.32,"Cloud Computing, SQL, Java, Python",2,0,607819.67
45,Male,Master's,Executive Director,Consulting,11.8,Mumbai,Full-time,Enterprise (5000+),On-site,8146612.92,"Cloud Computing, SQL, JavaScript, Leadership, C++",0,1,11715935.6
28,Male,Bachelor's,Accountant,Media,3.6,Kolkata,Full-time,Large (1000-5000),On-site,403391.53,"Excel, Cloud Computing, Leadership, Machine Learning, C++",0,0,685585.74
31,Female,Diploma,Business Analyst,Government,7.1,Pune,Full-time,Startup (1-50),On-site,632607.66,"Data Analysis, C++",1,0,659274.22
36,Female,High School,Product Manager,Information Technology,7.0,Jaipur,Full-time,Small (51-200),Remote,1261490.91,"Communication, JavaScript, Excel",3,1,2154812.1
26,Male,Bachelor's,Business Analyst,Finance,4.7,Jaipur,Full-time,Enterprise (5000+),Hybrid,635892.7,"Machine Learning, C++, Communication",0,0,1042360.42
21,Male,Master's,Financial Analyst,Healthcare,2.6,Remote (India),Full-time,Enterprise (5000+),Hybrid,625290.62,"Communication, Java, Python",2,0,1489242.65
21,Male,Bachelor's,Data Scientist,Government,1.7,Bangalore,Full-time,Medium (201-1000),Remote,1045992.27,"Cloud Computing, Python, Excel",1,0,1587216.13
21,Male,Master's,Administrative Assistant,Education,0.6,Mumbai,Full-time,Startup (1-50),Hybrid,307481.48,"Communication, Python",1,1,413312.18
26,Male,Master's,UX Designer,Government,2.1,Jaipur,Full-time,Enterprise (5000+),Remote,630238.89,"Java, SQL, C++, Python, Cloud Computing",1,0,1341592.2
34,Female,High School,Product Manager,Education,4.0,Mumbai,Full-time,Small (51-200),Remote,1206126.68,"Project Management, Python",3,1,1605889.51
36,Male,Diploma,Content Writer,Media,20.9,Mumbai,Full-time,Small (51-200),Hybrid,551736.48,"Cloud Computing, Excel, Machine Learning",2,0,694012.78
26,Male,Master's,Sales Manager,Government,8.0,Ahmedabad,Contract,Large (1000-5000),Remote,992472.55,"Cloud Computing, JavaScript, SQL, C++",1,1,1891229.72
39,Female,PhD,Data Analyst,Education,11.3,Chennai,Part-time,Medium (201-1000),Hybrid,278652.97,"Project Management, SQL, Cloud Computing",1,0,605680.8
26,Male,Master's,Content Writer,Education,3.0,Chennai,Full-time,Enterprise (5000+),Remote,318433.93,"Python, Cloud Computing, Communication",2,0,645175.54
28,Male,High School,Operations Manager,Finance,4.7,Kolkata,Full-time,Small (51-200),On-site,1141333.46,"Machine Learning, C++, Leadership",3,1,1279696.08
21,Male,PhD,Senior Software Engineer,Government,4.2,Chennai,Full-time,Startup (1-50),Hybrid,1632629.2,"Data Analysis, Python, Machine Learning, Communication, Cloud Computing",1,0,2284093.29
31,Female,Master's,QA Engineer,Education,7.5,Remote (India),Contract,Startup (1-50),On-site,730065.15,"SQL, Communication, JavaScript, Leadership, Python",2,1,796773.13
34,Female,Bachelor's,Software Engineer,Retail,8.2,Chennai,Full-time,Large (1000-5000),On-site,936131.03,"Data Analysis, Project Management, Leadership",1,0,1237156.02
30,Female,PhD,HR Manager,Telecommunications,5.0,Delhi NCR,Part-time,Enterprise (5000+),On-site,820959.25,"Project Management, SQL, JavaScript, Communication, Cloud Computing",2,1,1519201.17
40,Male,Bachelor's,Executive Director,Education,10.9,Pune,Full-time,Startup (1-50),Remote,4128873.24,"C++, Leadership, Project Management",2,1,4709518.8
25,Male,Bachelor's,Product Manager,Telecommunications,4.2,Ahmedabad,Full-time,Large (1000-5000),Remote,2011172.65,"C++, Communication, Java",0,1,2324962.52
38,Female,Bachelor's,Business Analyst,Healthcare,8.5,Ahmedabad,Full-time,Enterprise (5000+),On-site,,"Project Management, SQL, Cloud Computing, Excel",0,0,1192243.25
21,Female,Diploma,QA Engineer,Media,2.1,Kolkata,Full-time,Medium (201-1000),Remote,530118.53,"Data Analysis, Java, SQL, Communication, C++",2,0,572176.28
33,Female,Bachelor's,Software Engineer,Government,8.7,Hyderabad,Full-time,Enterprise (5000+),Remote,757766.71,"SQL, Machine Learning, Excel",0,0,1479677.09
35,Female,Master's,Executive Director,Media,7.0,Mumbai,Full-time,Medium (201-1000),Remote,4839279.09,"JavaScript, SQL",2,1,7235216.03
34,Female,Bachelor's,Data Scientist,Finance,4.3,Kolkata,Full-time,Large (1000-5000),On-site,1760396.61,"Cloud Computing, Python",0,0,1778178.4
27,Female,Master's,Sales Executive,Telecommunications,1.2,Chennai,Part-time,Medium (201-1000),Remote,241294.3,"SQL, Leadership, Communication, C++, Cloud Computing",3,0,458666.7
